row,column,real,imaginary,magnitude
1,1,4.4816297e-9,-2.9953604e-9,5.390472e-9
1,2,-1.0424906e-8,7.3200215e-9,1.27381865e-8
1,3,-6.1584395e-9,-3.072335e-9,6.8822685e-9
1,4,2.7124214e-9,-1.0947044e-9,2.9249971e-9
1,5,2.6456101e-8,-1.3933236e-8,2.9900843e-8
1,6,-1.5875754e-9,1.7323693e-8,1.7396285e-8
1,7,-1.0281667e-9,7.535296e-9,7.605117e-9
1,8,-1.4246584e-8,2.210721e-10,1.4248299e-8
1,9,-1.1368413e-8,1.1745827e-8,1.6346414e-8
1,10,1.3580907e-8,2.263215e-8,2.6394227e-8
1,11,-1.0212697e-9,-5.252876e-9,5.3512332e-9
1,12,-2.4291213e-8,-3.4042762e-9,2.4528598e-8
1,13,4.8803526e-9,2.9508163e-8,2.990902e-8
1,14,6.8208457e-9,-1.4432023e-8,1.5962682e-8
1,15,4.2449756e-8,2.357497e-9,4.251517e-8
1,16,-2.2869915e-9,-1.7767077e-8,1.7913663e-8
1,17,1.802058e-8,-1.002721e-8,2.062247e-8
1,18,3.478834e-9,3.1009968e-8,3.1204493e-8
1,19,-2.2984446e-8,-1.13325545e-8,2.5626385e-8
1,20,-5.801652e-9,1.3618881e-8,1.48031445e-8
1,21,-1.694089e-8,2.3191065e-8,2.8719667e-8
1,22,3.2279505e-8,-3.1009208e-8,4.4760892e-8
1,23,-1.2260104e-8,-5.0226925e-9,1.324906e-8
1,24,3.25307e-8,-2.3080726e-9,3.2612476e-8
1,25,4.7964904e-10,1.4334409e-8,1.4342432e-8
1,26,9.5186055e-9,-1.2035967e-8,1.5344979e-8
1,27,-4.125154e-9,9.399246e-9,1.02646345e-8
1,28,-7.2055597e-9,7.935371e-9,1.0718685e-8
1,29,-6.3685135e-8,3.128568e-8,7.095485e-8
1,30,-1.1523924e-8,4.6495067e-8,4.79019e-8
1,31,5.613155e-9,-1.4552967e-8,1.559796e-8
1,32,-1.7181625e-8,1.9167416e-8,2.5740981e-8
1,33,1.17147e-9,-5.408608e-9,5.5340204e-9
1,34,-2.5851161e-8,-1.990055e-9,2.5927646e-8
1,35,-1.2816808e-8,-1.7603538e-8,2.1775103e-8
1,36,4.5009486e-8,1.4993331e-8,4.7441056e-8
1,37,1.843653e-8,-1.5591706e-8,2.4145537e-8
1,38,-1.04073425e-8,-8.63659e-9,1.3524181e-8
1,39,-2.6651747e-8,-2.4577318e-8,3.6254107e-8
1,40,5.0528945e-9,1.8661352e-8,1.9333333e-8
1,41,8.912448e-9,4.388572e-9,9.934349e-9
1,42,-2.191655e-8,-3.5526444e-8,4.1742826e-8
1,43,-7.874248e-9,-1.7665464e-8,1.9340952e-8
1,44,-2.1140018e-8,-4.984762e-8,5.4145044e-8
1,45,-1.764635e-8,3.0263262e-8,3.503225e-8
1,46,-2.8028426e-8,2.2472271e-8,3.592486e-8
1,47,1.9950496e-8,8.872095e-9,2.1834294e-8
1,48,4.6175273e-8,3.4975482e-8,5.792616e-8
1,49,5.6789924e-9,1.6483018e-9,5.9133622e-9
1,50,-1.3607718e-8,1.7896566e-8,2.2482372e-8
1,51,-2.6829243e-8,9.89595e-9,2.8596121e-8
1,52,-3.6857966e-8,1.4009877e-9,3.6884582e-8
1,53,1.2875665e-8,-4.2551598e-8,4.445696e-8
1,54,5.371392e-9,-2.5529834e-8,2.6088777e-8
1,55,-4.0770317e-8,2.695116e-8,4.887314e-8
1,56,-4.464683e-8,2.777504e-8,5.258129e-8
1,57,-7.659826e-8,3.9777614e-8,8.631079e-8
1,58,-1.9672042e-9,2.3246955e-8,2.333004e-8
1,59,-1.2422175e-8,-3.3341855e-8,3.558075e-8
1,60,2.8681075e-8,2.681291e-8,3.9262403e-8
1,61,3.229415e-8,-1.1000676e-8,3.4116376e-8
1,62,2.5648959e-8,-1.0397922e-8,2.767645e-8
1,63,5.233423e-8,-3.5001186e-8,6.295994e-8
1,64,4.1136854e-8,-3.811326e-8,5.6079063e-8
1,65,-7.724636e-9,-8.199466e-9,1.1265045e-8
1,66,-9.193823e-9,2.020433e-8,2.2197778e-8
1,67,-1.0285436e-8,-3.6414672e-8,3.7839378e-8
1,68,-1.2742571e-8,5.1089994e-9,1.372862e-8
1,69,-8.327621e-8,2.4801356e-8,8.6890935e-8
1,70,-2.4490314e-8,2.0617874e-9,2.4576948e-8
1,71,-2.3265738e-8,-2.6984215e-9,2.34217e-8
1,72,2.2544964e-9,-1.0484618e-9,2.486368e-9
1,73,1.9555403e-8,-5.9798837e-9,2.0449272e-8
1,74,-2.3380622e-8,9.700294e-9,2.5313025e-8
1,75,-4.4919855e-8,2.197903e-8,5.0008712e-8
1,76,7.877817e-9,2.8759295e-8,2.9818736e-8
1,77,4.494249e-8,1.3732575e-8,4.6993733e-8
1,78,5.5369154e-9,-8.625072e-9,1.0249356e-8
1,79,1.8388456e-10,-1.8270773e-8,1.8271699e-8
1,80,-4.2063657e-8,-1.9573253e-8,4.639465e-8
1,81,-5.209439e-8,5.945793e-9,5.2432604e-8
1,82,-6.682687e-8,-9.993469e-9,6.7569964e-8
1,83,-3.9029988e-8,1.7174155e-8,4.264143e-8
1,84,-1.9953298e-8,9.38969e-9,2.205222e-8
1,85,-1.6296342e-8,4.3324464e-9,1.686241e-8
1,86,3.5346034e-8,5.0696777e-8,6.180215e-8
1,87,8.96572e-9,1.19945e-8,1.497505e-8
1,88,3.1085832e-9,4.214466e-9,5.2368896e-9
1,89,1.685579e-8,1.07891385e-8,2.0013074e-8
1,90,-4.0981295e-8,-2.3861617e-8,4.742197e-8
1,91,-1.212985e-8,4.566205e-9,1.2960845e-8
1,92,2.0534616e-8,2.098931e-8,2.936361e-8
1,93,1.2816556e-8,-1.8871768e-8,2.2812447e-8
1,94,-6.2937646e-9,-1.1533586e-8,1.3139067e-8
1,95,4.672882e-9,-1.8922174e-8,1.9490626e-8
1,96,7.972186e-9,-4.801604e-8,4.867336e-8
1,97,-7.291703e-9,-1.23824675e-8,1.4369914e-8
1,98,5.2751034e-8,1.6263492e-8,5.5201202e-8
1,99,-3.463505e-8,-1.36650815e-8,3.7233335e-8
1,100,-3.5360095e-9,3.892583e-9,5.258856e-9
1,101,2.3658174e-8,-2.861007e-8,3.7124728e-8
1,102,-2.3487603e-9,-1.1244338e-8,1.1487028e-8
1,103,2.7835059e-8,-1.2308209e-9,2.7862258e-8
1,104,-1.7213003e-8,-6.0155982e-9,1.8233894e-8
1,105,-4.51156e-9,-1.6095322e-8,1.6715669e-8
1,106,-1.3918849e-8,-1.9622712e-8,2.4057956e-8
1,107,1.0185903e-8,-1.92375e-8,2.1767729e-8
1,108,-4.5254693e-9,-1.8952779e-8,1.9485578e-8
1,109,2.301789e-8,1.4506464e-10,2.3018346e-8
1,110,-1.7592804e-8,-5.602164e-9,1.8463233e-8
1,111,1.4104615e-8,3.2127867e-9,1.4465897e-8
1,112,-1.38980045e-8,-8.958132e-9,1.6534893e-8
1,113,2.8831224e-8,-1.1503876e-8,3.1041562e-8
1,114,4.1776667e-9,5.6045315e-9,6.9902555e-9
1,115,8.9784685e-10,-1.2781118e-8,1.2812616e-8
1,116,-4.330834e-9,1.588647e-8,1.646621e-8
1,117,2.3014262e-8,1.0116862e-8,2.5139753e-8
1,118,2.52822e-8,7.4478415e-9,2.6356403e-8
1,119,2.5765345e-8,-2.5880526e-8,3.6519236e-8
1,120,-1.5844156e-8,-9.584498e-9,1.8517555e-8
1,121,5.8058953e-9,4.4944484e-9,7.3422397e-9
1,122,-1.1102392e-9,1.6576523e-8,1.6613662e-8
1,123,-4.116145e-9,-3.244191e-8,3.270199e-8
1,124,3.7968388e-8,4.7163717e-9,3.8260197e-8
1,125,-1.7155559e-8,-3.2579745e-8,3.6820552e-8
1,126,-2.4753856e-8,-7.662287e-9,2.5912623e-8
1,127,-2.2440526e-8,-3.6079925e-8,4.2489273e-8
1,128,2.3803834e-9,-1.4503545e-8,1.4697586e-8
2,1,2.0375616e-8,3.2194453e-8,3.8100506e-8
2,2,2.3076277e-8,-5.1804273e-11,2.3076336e-8
2,3,-1.8576014e-8,-2.7707872e-8,3.3358575e-8
2,4,-2.388426e-9,-1.3271406e-8,1.3484613e-8
2,5,1.7984084e-8,2.337537e-8,2.9492968e-8
2,6,1.864648e-8,-9.44707e-9,2.090307e-8
2,7,-6.3842243e-9,1.0638142e-8,1.2406788e-8
2,8,2.7264292e-8,-8.601392e-12,2.7264294e-8
2,9,1.1386082e-8,-2.8653064e-8,3.0832467e-8
2,10,-2.8755955e-9,-5.220407e-8,5.228321e-8
2,11,1.1734439e-8,-3.0075584e-9,1.21137305e-8
2,12,-2.5555744e-8,3.7139787e-9,2.5824207e-8
2,13,-3.2279413e-8,-3.487138e-8,4.751814e-8
2,14,-2.0149255e-8,2.3802693e-8,3.1185905e-8
2,15,-2.0744736e-8,-1.7171251e-8,2.6929461e-8
2,16,-1.3574386e-8,5.4174475e-8,5.584924e-8
2,17,-3.2121154e-8,1.038636e-8,3.3758628e-8
2,18,-6.060831e-9,1.7160447e-8,1.8199303e-8
2,19,8.706204e-9,7.36707e-9,1.1404898e-8
2,20,1.7762291e-8,-1.678654e-8,2.4439455e-8
2,21,-4.2499346e-9,-1.6206664e-8,1.6754639e-8
2,22,-5.3826763e-8,1.9723474e-8,5.7326574e-8
2,23,3.345298e-9,-1.5693035e-9,3.6950958e-9
2,24,-3.755624e-9,-2.7860423e-8,2.8112416e-8
2,25,-1.2543154e-9,5.1651847e-9,5.3153024e-9
2,26,7.327844e-9,1.7711415e-8,1.9167459e-8
2,27,2.8577134e-8,2.2063762e-8,3.6103494e-8
2,28,-2.1608122e-9,1.564165e-8,1.5790198e-8
2,29,2.5207665e-8,-1.5225101e-8,2.944877e-8
2,30,-1.1045508e-8,-2.676063e-8,2.8950552e-8
2,31,-3.4823536e-8,1.3248213e-8,3.7258474e-8
2,32,-4.4023443e-9,-1.3755892e-8,1.4443172e-8
2,33,-1.6794345e-9,1.5714604e-9,2.2999973e-9
2,34,7.472818e-9,1.125312e-8,1.3508357e-8
2,35,3.0697908e-8,-1.1850993e-8,3.290604e-8
2,36,-9.892119e-9,-3.796768e-9,1.0595729e-8
2,37,-2.1523434e-8,5.528247e-10,2.1530532e-8
2,38,-3.1665348e-9,2.487827e-8,2.507898e-8
2,39,3.6175884e-8,1.4094749e-9,3.6203332e-8
2,40,-1.0122972e-8,-2.6286198e-8,2.8168046e-8
2,41,3.3186055e-8,2.0304363e-8,3.8904773e-8
2,42,6.3927312e-9,2.4626933e-8,2.544313e-8
2,43,1.19727135e-8,-4.4793066e-10,1.198109e-8
2,44,2.703259e-8,3.2678784e-8,4.2410658e-8
2,45,4.932141e-9,-4.028833e-8,4.0589107e-8
2,46,1.5408055e-8,-9.207113e-9,1.7949349e-8
2,47,-1.134879e-8,-5.071198e-9,1.243029e-8
2,48,-4.795801e-8,-2.0211585e-8,5.204305e-8
2,49,-3.8297493e-8,1.3619002e-8,4.064696e-8
2,50,1.4097206e-8,-1.2718843e-8,1.8986842e-8
2,51,5.4962413e-8,-4.258209e-8,6.95277e-8
2,52,6.9946e-8,-1.3363473e-7,1.508333e-7
2,53,-5.9336188e-8,1.1160115e-7,1.2639462e-7
2,54,-1.01786576e-7,-1.41441845e-8,1.0276461e-7
2,55,5.447554e-9,3.0302463e-8,3.078823e-8
2,56,5.3089092e-8,3.2780698e-9,5.3190202e-8
2,57,2.5544283e-8,3.133647e-8,4.0428763e-8
2,58,8.8265875e-9,5.836247e-9,1.0581608e-8
2,59,-1.2918129e-8,3.5637246e-8,3.790635e-8
2,60,-8.954342e-9,-1.3468296e-8,1.6173288e-8
2,61,-4.607596e-8,-6.444417e-9,4.6524452e-8
2,62,-2.8778837e-8,-9.619972e-9,3.0344115e-8
2,63,-2.8006289e-8,1.3895689e-8,3.1264076e-8
2,64,-4.6631104e-8,3.425885e-8,5.7863016e-8
2,65,-1.699203e-8,1.5073912e-8,2.2714573e-8
2,66,-1.730445e-8,-1.29464395e-8,2.1611438e-8
2,67,3.5914363e-9,4.4154106e-8,4.4299927e-8
2,68,1.4196509e-8,5.335896e-11,1.4196609e-8
2,69,4.394336e-8,-1.9871493e-8,4.8227534e-8
2,70,2.6393922e-8,-1.6914475e-8,3.1348662e-8
2,71,5.4866263e-9,-5.012274e-9,7.4314173e-9
2,72,-1.086638e-8,-1.5786696e-8,1.916502e-8
2,73,-9.190275e-9,2.812588e-9,9.611026e-9
2,74,2.6729301e-8,3.6005947e-8,4.4842878e-8
2,75,6.507704e-8,-1.5844448e-8,6.697811e-8
2,76,3.7980833e-8,4.1511368e-9,3.820701e-8
2,77,-2.0004071e-8,-2.1378721e-8,2.9278192e-8
2,78,2.6280584e-9,1.9708864e-8,1.988331e-8
2,79,-2.8266097e-8,4.2780364e-8,5.127506e-8
2,80,2.3414886e-8,1.3484445e-9,2.3453682e-8
2,81,2.6180832e-8,-3.2741955e-8,4.192221e-8
2,82,4.460729e-8,-1.0903694e-8,4.5920594e-8
2,83,2.3202075e-8,-1.8354699e-8,2.9584308e-8
2,84,3.1043726e-8,-1.9419844e-8,3.6617525e-8
2,85,-7.439626e-9,2.6925617e-8,2.7934512e-8
2,86,-3.6145256e-8,-2.120765e-8,4.1907565e-8
2,87,-2.0573077e-8,-7.680517e-9,2.1960005e-8
2,88,-2.6102525e-8,-3.705771e-8,4.532787e-8
2,89,-2.5184058e-8,-1.1475696e-8,2.767541e-8
2,90,2.4921022e-8,2.977888e-8,3.88309e-8
2,91,-1.3962068e-8,-4.0393996e-8,4.2738908e-8
2,92,1.6408029e-9,-2.5118444e-8,2.5171978e-8
2,93,6.34357e-9,-1.7484076e-8,1.8599296e-8
2,94,-6.0700587e-9,-1.5611507e-8,1.6750068e-8
2,95,-1.5437497e-8,2.0924424e-9,1.5578658e-8
2,96,-2.6453028e-8,2.8229234e-8,3.868659e-8
2,97,3.5149323e-9,1.1015945e-8,1.1563122e-8
2,98,-5.3756345e-8,-4.4812783e-8,6.998521e-8
2,99,3.004046e-8,8.928139e-9,3.1339127e-8
2,100,3.9414454e-9,-9.111158e-9,9.927144e-9
2,101,8.772581e-9,1.6531594e-8,1.8715015e-8
2,102,9.94764e-9,-1.2167475e-8,1.571633e-8
2,103,-1.5827958e-8,9.4015125e-9,1.8409581e-8
2,104,8.987167e-9,-6.968537e-9,1.137232e-8
2,105,-9.656402e-9,1.3181724e-8,1.6340255e-8
2,106,3.9035367e-8,1.8693518e-9,3.9080103e-8
2,107,-1.4011889e-8,4.5635913e-9,1.47363295e-8
2,108,-3.911831e-9,1.9986265e-8,2.036549e-8
2,109,-8.932372e-9,5.7515153e-9,1.0623897e-8
2,110,4.953338e-9,3.2755678e-9,5.938426e-9
2,111,-1.1864918e-8,-4.6736424e-9,1.2752224e-8
2,112,8.618022e-9,6.044694e-10,8.639194e-9
2,113,-1.7659215e-8,7.080195e-9,1.9025693e-8
2,114,3.7888626e-9,-9.351353e-9,1.0089761e-8
2,115,-1.0106774e-8,6.563494e-9,1.20509895e-8
2,116,1.6579408e-8,-2.8547186e-8,3.30124e-8
2,117,1.451268e-8,4.4780983e-9,1.5187865e-8
2,118,-9.189581e-9,-7.2222774e-9,1.1688014e-8
2,119,9.002839e-9,1.3892368e-8,1.6554425e-8
2,120,6.103324e-9,-4.862466e-9,7.80347e-9
2,121,-1.7048052e-9,-1.5020163e-8,1.5116601e-8
2,122,-2.2610823e-8,-8.7020515e-9,2.4227568e-8
2,123,1.7780286e-8,3.236204e-8,3.692479e-8
2,124,2.6179903e-10,2.7165052e-8,2.7166314e-8
2,125,2.1916623e-8,2.5583399e-8,3.3687513e-8
2,126,3.1680514e-10,5.2982108e-9,5.307674e-9
2,127,6.1379404e-9,9.6705435e-9,1.1453983e-8
2,128,2.887982e-8,3.862407e-9,2.9136956e-8
3,1,-1.3149688e-8,-6.768299e-9,1.4789325e-8
3,2,5.4320637e-9,2.4511776e-10,5.4375913e-9
3,3,1.0725769e-8,4.595262e-9,1.16687e-8
3,4,-1.9334232e-8,-1.1596914e-8,2.254553e-8
3,5,-8.522384e-9,-6.8981425e-9,1.0964278e-8
3,6,-2.4178531e-8,-1.0344812e-8,2.6298602e-8
3,7,-9.597341e-9,1.6526126e-8,1.9110777e-8
3,8,-1.4025593e-8,2.7853904e-8,3.118585e-8
3,9,-4.4589186e-9,2.9256816e-8,2.9594649e-8
3,10,-1.1105255e-8,2.7880132e-8,3.0010472e-8
3,11,4.6859867e-9,-5.163599e-9,6.972892e-9
3,12,2.1029523e-9,4.120824e-9,4.6264024e-9
3,13,9.039885e-9,1.9362846e-8,2.136912e-8
3,14,3.6132676e-8,-5.841777e-9,3.6601865e-8
3,15,1.8792319e-8,-1.3542007e-8,2.3163272e-8
3,16,2.4212806e-8,-2.5316673e-8,3.5031327e-8
3,17,2.0751632e-9,-1.9174696e-8,1.928666e-8
3,18,-7.2926403e-9,3.2469938e-8,3.3278813e-8
3,19,2.566745e-8,-1.1640942e-11,2.5667452e-8
3,20,-1.2976026e-8,-1.645236e-8,2.0953696e-8
3,21,-1.9244785e-8,3.053791e-8,3.6096065e-8
3,22,3.3897987e-8,-1.0469697e-8,3.5477996e-8
3,23,2.1646902e-9,-5.6522015e-10,2.2372657e-9
3,24,1.8397799e-8,4.1758916e-9,1.8865764e-8
3,25,7.978375e-10,-4.197154e-8,4.197912e-8
3,26,1.9526532e-8,-1.1584707e-8,2.2704425e-8
3,27,-2.2918329e-8,-1.5221488e-8,2.7512606e-8
3,28,-9.334949e-9,-1.5578363e-8,1.8161131e-8
3,29,-1.9062224e-8,2.2750166e-9,1.9197502e-8
3,30,8.99129e-9,3.3212644e-9,9.585098e-9
3,31,1.1159105e-9,-3.2442546e-8,3.246173e-8
3,32,-1.7654106e-8,3.043489e-10,1.765673e-8
3,33,-3.747006e-9,-8.60432e-9,9.384795e-9
3,34,-1.0600814e-9,-1.0650367e-8,1.0702994e-8
3,35,-2.9601608e-8,1.1911465e-8,3.190828e-8
3,36,3.7831e-8,3.265939e-8,4.9978198e-8
3,37,-1.3162039e-8,-9.782189e-9,1.63991e-8
3,38,-1.7098815e-9,-1.2207126e-8,1.2326298e-8
3,39,-8.346579e-9,-1.9221256e-8,2.095524e-8
3,40,4.1454955e-9,2.5309383e-8,2.5646637e-8
3,41,-3.870171e-9,2.170113e-8,2.2043531e-8
3,42,-5.958855e-9,-4.606209e-8,4.6445926e-8
3,43,7.3877198e-9,-2.906836e-8,2.9992464e-8
3,44,-5.6493732e-8,-2.2353051e-8,6.0755255e-8
3,45,-3.9335745e-8,2.7259306e-8,4.7857817e-8
3,46,-1.3856281e-8,3.505342e-8,3.769269e-8
3,47,2.49589e-8,1.13073275e-8,2.7400773e-8
3,48,5.451822e-10,2.8411641e-8,2.841687e-8
3,49,-1.0347902e-8,-2.0724892e-8,2.3164633e-8
3,50,-5.14232e-9,-2.1777163e-8,2.2376065e-8
3,51,-2.8608465e-8,2.8168959e-8,4.0148905e-8
3,52,3.5811766e-8,2.8397542e-8,4.5704518e-8
3,53,6.858921e-9,2.9756517e-8,3.0536782e-8
3,54,2.8279842e-8,5.9058243e-9,2.8889934e-8
3,55,1.8913196e-8,-5.4705e-8,5.7882175e-8
3,56,-5.2197038e-8,-5.794047e-8,7.79848e-8
3,57,-3.5164025e-8,-3.6654633e-8,5.0794398e-8
3,58,-4.5661452e-9,-1.9647084e-8,2.0170711e-8
3,59,2.8698006e-8,-2.6115199e-8,3.8801794e-8
3,60,6.0538357e-9,-2.379319e-8,2.455127e-8
3,61,1.386916e-8,-8.358048e-9,1.6192917e-8
3,62,3.6299703e-8,-9.556161e-10,3.631228e-8
3,63,3.003195e-8,2.5251676e-8,3.9237293e-8
3,64,6.5063404e-8,-1.4388678e-8,6.663543e-8
3,65,-2.4109919e-9,-8.66853e-9,8.997572e-9
3,66,-1.0599945e-8,1.8515099e-8,2.133466e-8
3,67,1.1108073e-8,-7.549477e-9,1.3430706e-8
3,68,-1.29896005e-8,2.8459079e-8,3.1283363e-8
3,69,-5.8441316e-8,1.380681e-8,6.0050105e-8
3,70,-3.9924736e-8,3.4185863e-8,5.2560992e-8
3,71,-1.5807547e-8,1.0355402e-8,1.8897431e-8
3,72,3.8203073e-8,3.593696e-8,5.24494e-8
3,73,2.179945e-8,-1.6046434e-8,2.7068506e-8
3,74,-1.8001076e-8,1.9169445e-8,2.6296508e-8
3,75,-6.134377e-8,-2.4925933e-8,6.6214504e-8
3,76,-2.2656284e-8,1.9798296e-8,3.0087868e-8
3,77,1.6471972e-8,1.7395566e-8,2.3956868e-8
3,78,-3.339647e-8,-2.0639987e-8,3.925982e-8
3,79,-2.1332026e-8,-2.4486203e-8,3.247506e-8
3,80,-4.795416e-8,-2.6943303e-8,5.5004936e-8
3,81,-5.632326e-8,2.1713872e-8,6.036391e-8
3,82,-5.342913e-8,1.3325223e-9,5.3445742e-8
3,83,-4.42754e-8,9.344578e-9,4.525077e-8
3,84,-3.0938356e-8,3.292737e-8,4.5181785e-8
3,85,1.2666965e-8,-5.5585185e-9,1.38329e-8
3,86,3.4344936e-8,3.7934345e-8,5.117215e-8
3,87,2.385775e-8,-3.8984025e-9,2.4174154e-8
3,88,2.2229841e-8,1.3573296e-8,2.6046116e-8
3,89,3.2897034e-8,6.80904e-9,3.3594315e-8
3,90,-5.5393635e-8,-1.578743e-8,5.7599458e-8
3,91,9.522545e-9,-8.065206e-9,1.2479039e-8
3,92,1.7963101e-8,2.318008e-8,2.9325571e-8
3,93,1.7371663e-9,6.9904205e-10,1.8725401e-9
3,94,2.031293e-9,3.610592e-8,3.6163016e-8
3,95,4.4257433e-9,-2.2382016e-8,2.2815387e-8
3,96,-1.8985675e-9,-4.4171255e-8,4.4212037e-8
3,97,-1.087831e-8,-7.3385373e-9,1.3122186e-8
3,98,4.274914e-8,7.087837e-9,4.333274e-8
3,99,-5.2038764e-8,-2.1885663e-8,5.6453654e-8
3,100,1.2109246e-8,1.6624053e-8,2.0566793e-8
3,101,1.9283252e-8,-3.6680138e-8,4.1440032e-8
3,102,-1.8823608e-8,-5.7926193e-9,1.9694737e-8
3,103,3.6818e-8,2.708546e-9,3.6917495e-8
3,104,-1.48709125e-8,-1.0127404e-8,1.7991896e-8
3,105,-3.5618344e-9,3.6824008e-9,5.1231575e-9
3,106,-2.0103142e-8,-8.826456e-9,2.195547e-8
3,107,-1.2969685e-9,4.422317e-9,4.6085806e-9
3,108,1.066321e-8,5.109835e-9,1.1824317e-8
3,109,1.1613771e-8,-8.6247525e-9,1.446603e-8
3,110,-6.598253e-10,-1.0526771e-8,1.054743e-8
3,111,4.3602593e-9,-6.9137767e-9,8.173871e-9
3,112,-1.9145839e-8,-4.5443813e-9,1.9677767e-8
3,113,1.9460641e-8,-1.5973033e-8,2.5176464e-8
3,114,-1.0467113e-9,4.7615303e-9,4.8752207e-9
3,115,2.4439062e-8,8.11489e-10,2.445253e-8
3,116,4.85707e-9,-1.6256867e-9,5.1219122e-9
3,117,2.5111731e-8,2.9603924e-9,2.5285628e-8
3,118,1.55758e-8,9.058658e-9,1.8018458e-8
3,119,1.0715219e-8,-5.188285e-9,1.1905218e-8
3,120,-2.5086678e-8,4.919981e-9,2.5564578e-8
3,121,-1.8283933e-8,-6.362788e-9,1.9359423e-8
3,122,1.0392439e-8,8.048097e-9,1.3144377e-8
3,123,-1.5882588e-8,-1.7977209e-8,2.398826e-8
3,124,1.7140177e-9,-1.0835555e-8,1.09702825e-8
3,125,-3.079304e-10,-8.840425e-9,8.845786e-9
3,126,4.87743e-9,-5.9710326e-9,7.709899e-9
3,127,1.5680062e-8,-2.4012484e-8,2.867863e-8
3,128,3.3679903e-9,-2.547462e-8,2.5696295e-8
4,1,2.5158286e-8,5.6375833e-9,2.5782198e-8
4,2,1.160498e-8,-2.6859066e-9,1.19117445e-8
4,3,5.106268e-9,-3.6662776e-8,3.7016658e-8
4,4,-1.0190135e-9,6.8069523e-9,6.8828037e-9
4,5,2.6544376e-9,4.570414e-9,5.285331e-9
4,6,1.0934223e-8,-1.561237e-8,1.9060518e-8
4,7,-4.259679e-9,-3.883031e-8,3.9063256e-8
4,8,1.648106e-8,1.1661165e-8,2.0189306e-8
4,9,6.4806205e-9,-2.0474811e-8,2.1475948e-8
4,10,-1.11643885e-8,-7.244762e-9,1.3309025e-8
4,11,4.152491e-9,5.8856404e-9,7.203051e-9
4,12,4.885214e-10,4.4051567e-9,4.4321617e-9
4,13,-6.3717227e-9,1.1880971e-8,1.3481703e-8
4,14,-1.76543e-8,8.335325e-9,1.9523112e-8
4,15,-1.1375195e-8,-1.6824535e-10,1.1376439e-8
4,16,2.346719e-9,3.0212977e-8,3.0303976e-8
4,17,-1.9552882e-9,9.578646e-9,9.776176e-9
4,18,6.1552345e-9,8.353733e-10,6.211663e-9
4,19,2.895238e-8,1.2834817e-8,3.1669746e-8
4,20,4.7572972e-9,-2.2602438e-9,5.2669327e-9
4,21,2.7298123e-8,-6.982532e-9,2.8176999e-8
4,22,-5.2285635e-8,1.7541002e-9,5.2315052e-8
4,23,8.177438e-9,1.6694831e-9,8.346117e-9
4,24,-1.4340649e-8,-5.4925504e-9,1.5356507e-8
4,25,1.4703916e-8,2.5437274e-8,2.9381287e-8
4,26,2.3901078e-8,-8.987721e-9,2.5535087e-8
4,27,4.651593e-9,-2.563125e-9,5.311019e-9
4,28,1.2542143e-8,1.6220254e-8,2.0503707e-8
4,29,4.717931e-8,-2.3544985e-8,5.2728108e-8
4,30,-1.1834626e-8,-8.332697e-9,1.4473845e-8
4,31,-7.3882894e-10,2.2764874e-8,2.2776861e-8
4,32,3.9814907e-9,-9.9793676e-9,1.0744303e-8
4,33,3.8387293e-9,-3.127429e-9,4.9514295e-9
4,34,1.6164453e-8,2.4390412e-9,1.634743e-8
4,35,1.86134e-9,1.2696237e-8,1.2831953e-8
4,36,-3.5052636e-8,-5.589434e-9,3.549548e-8
4,37,1.5433791e-8,1.16303305e-8,1.9325281e-8
4,38,-1.1054761e-8,2.0739094e-8,2.350144e-8
4,39,2.9220788e-8,2.2900233e-9,2.9310385e-8
4,40,-3.0734398e-8,-1.27918955e-8,3.3290178e-8
4,41,1.644815e-8,3.8227036e-8,4.1615476e-8
4,42,6.518256e-8,4.2241677e-8,7.76732e-8
4,43,-1.806175e-8,4.387999e-8,4.7451874e-8
4,44,2.3952175e-8,1.6061149e-8,2.8838642e-8
4,45,1.1424597e-8,6.8522414e-9,1.332196e-8
4,46,1.7480863e-8,-2.3553923e-8,2.9332028e-8
4,47,-1.9518673e-8,5.6140124e-9,2.030999e-8
4,48,1.6209695e-8,4.800355e-9,1.6905549e-8
4,49,7.929857e-9,3.2747568e-8,3.3694004e-8
4,50,5.986098e-9,4.696083e-8,4.734082e-8
4,51,1.5641499e-8,-1.5327393e-8,2.1899439e-8
4,52,-4.080191e-8,-2.7751646e-8,4.934521e-8
4,53,-2.1626807e-8,-3.1959555e-8,3.8589274e-8
4,54,-5.377654e-9,-3.1221243e-9,6.218265e-9
4,55,3.5733152e-9,4.0924817e-8,4.1080522e-8
4,56,1.115566e-7,7.6694626e-8,1.3537704e-7
4,57,3.7037847e-8,2.189128e-8,4.30236e-8
4,58,-1.9129935e-8,-1.738813e-9,1.9208796e-8
4,59,-4.1370654e-8,4.1253998e-8,5.842451e-8
4,60,9.586033e-9,-1.6064446e-8,1.8707176e-8
4,61,-3.1661198e-8,6.135395e-10,3.1667142e-8
4,62,-3.7648466e-8,8.222944e-9,3.8536005e-8
4,63,-3.954705e-8,-2.8175269e-9,3.964729e-8
4,64,-5.7135185e-8,3.6502076e-8,6.779993e-8
4,65,-1.1605088e-8,3.5167655e-8,3.7032986e-8
4,66,9.8205915e-9,-2.6287903e-8,2.8062393e-8
4,67,1.0483786e-8,4.3533873e-8,4.477843e-8
4,68,-6.7329697e-9,1.8621924e-9,6.9857458e-9
4,69,6.442487e-8,-2.0113498e-8,6.7491605e-8
4,70,2.5045596e-8,-2.763822e-8,3.7298165e-8
4,71,6.539791e-9,4.5686996e-8,4.6152685e-8
4,72,-2.909095e-9,-1.5405734e-8,1.5677992e-8
4,73,-2.140437e-9,1.2613661e-8,1.279398e-8
4,74,5.0128477e-8,2.9175203e-8,5.8000488e-8
4,75,8.652472e-8,-1.9346013e-8,8.866113e-8
4,76,2.8295613e-8,-1.1167145e-8,3.0419514e-8
4,77,-6.2362244e-9,-2.5013666e-8,2.5779332e-8
4,78,2.3361846e-8,-1.6579566e-8,2.8647126e-8
4,79,-1.0861222e-8,-2.360116e-9,1.1114688e-8
4,80,1.6401204e-8,1.5757658e-8,2.2744302e-8
4,81,3.7597168e-8,-7.944408e-9,3.842734e-8
4,82,5.052621e-8,-1.00260245e-8,5.151135e-8
4,83,1.6636822e-8,-2.240288e-8,2.790471e-8
4,84,7.565603e-9,-1.0474004e-8,1.2920647e-8
4,85,-1.1463286e-8,-1.2903968e-8,1.7260339e-8
4,86,-4.139623e-8,-3.2459887e-8,5.260506e-8
4,87,-3.035136e-8,-4.0017373e-8,5.022544e-8
4,88,-1.4799437e-8,-3.0239356e-8,3.366663e-8
4,89,-1.9631406e-8,-6.685309e-9,2.0738502e-8
4,90,4.7930897e-8,2.3433733e-8,5.33527e-8
4,91,-6.0425567e-9,7.922713e-9,9.964029e-9
4,92,-1.4252082e-8,8.040564e-9,1.6363757e-8
4,93,-1.3049929e-8,2.7359382e-8,3.0312314e-8
4,94,-8.990575e-9,1.794656e-8,2.0072605e-8
4,95,4.9784425e-9,7.940077e-9,9.3717505e-9
4,96,-9.216658e-10,2.8850588e-8,2.8865307e-8
4,97,-2.7472982e-9,-1.2249651e-8,1.2553947e-8
4,98,-7.219192e-8,-4.4615902e-8,8.486609e-8
4,99,5.0436533e-8,-1.40716985e-8,5.236274e-8
4,100,-2.2749903e-8,-7.924303e-9,2.4090511e-8
4,101,-1.73513e-8,-3.0045777e-9,1.7609517e-8
4,102,2.0484334e-8,1.0143815e-9,2.0509434e-8
4,103,-6.3772596e-8,1.0301819e-8,6.459931e-8
4,104,-1.0614788e-8,1.5573824e-9,1.0728428e-8
4,105,-3.240934e-8,8.0235045e-9,3.338775e-8
4,106,2.4205697e-8,5.222012e-9,2.4762576e-8
4,107,8.805903e-9,1.3504794e-8,1.612214e-8
4,108,1.1883439e-8,-6.5454606e-9,1.3566841e-8
4,109,-1.0651283e-9,2.1865668e-8,2.1891596e-8
4,110,3.1133617e-8,-2.351312e-8,3.901498e-8
4,111,7.777175e-9,9.883134e-10,7.839721e-9
4,112,-2.3499474e-8,1.7343408e-8,2.9206491e-8
4,113,-2.2645732e-9,1.6500035e-8,1.6654713e-8
4,114,-1.0621218e-8,1.375938e-8,1.7381911e-8
4,115,-2.5848564e-8,-6.329311e-10,2.5856313e-8
4,116,1.8083542e-8,1.4802061e-8,2.3369115e-8
4,117,-1.14320295e-8,-1.1877936e-8,1.648565e-8
4,118,1.5533836e-9,3.845835e-9,4.147704e-9
4,119,-9.875619e-9,8.4531016e-10,9.911731e-9
4,120,6.11911e-9,-5.53349e-8,5.567221e-8
4,121,-2.5694254e-8,-1.0012955e-8,2.7576329e-8
4,122,-1.2540318e-8,3.1634727e-8,3.4029625e-8
4,123,-3.484422e-9,3.285631e-8,3.3040553e-8
4,124,1.795295e-8,-1.6033742e-9,1.8024405e-8
4,125,1.0476624e-8,1.5941454e-8,1.9075891e-8
4,126,1.4379398e-8,1.387663e-8,1.9983192e-8
4,127,-1.0978052e-8,-9.261369e-9,1.4362819e-8
4,128,1.3613137e-8,1.2901538e-8,1.8755458e-8
5,1,-5.3304866e-8,-2.2593234e-8,5.7895274e-8
5,2,-7.0840215e-8,2.7147772e-8,7.5863944e-8
5,3,1.6910736e-8,6.611361e-9,1.8157177e-8
5,4,2.6150644e-8,-2.4915902e-8,3.6120056e-8
5,5,-2.498192e-8,-5.697004e-10,2.4988415e-8
5,6,2.3352988e-9,3.1890284e-8,3.1975677e-8
5,7,1.2988209e-8,2.8486891e-8,3.130809e-8
5,8,-1.5762431e-8,2.4982016e-8,2.9539049e-8
5,9,-7.672595e-9,4.3714014e-8,4.4382247e-8
5,10,3.4041685e-9,-1.3625357e-8,1.404417e-8
5,11,-1.3098355e-8,3.9844377e-9,1.369097e-8
5,12,4.896175e-9,-3.0118654e-9,5.748379e-9
5,13,1.4345986e-8,3.700662e-9,1.48156065e-8
5,14,7.2302258e-9,-1.6901586e-8,1.8383139e-8
5,15,1.6283302e-8,-5.9432392e-9,1.7334013e-8
5,16,-7.0709927e-9,-2.1216819e-8,2.2364086e-8
5,17,-4.337199e-9,2.5616817e-8,2.598139e-8
5,18,7.3730946e-9,2.2667974e-8,2.3836938e-8
5,19,-1.600907e-8,-6.295325e-9,1.7202368e-8
5,20,-3.157133e-9,1.048655e-8,1.0951494e-8
5,21,-3.2101482e-8,-5.2182085e-9,3.2522838e-8
5,22,3.0894725e-8,-2.7767424e-9,3.101926e-8
5,23,1.7329894e-10,1.1500224e-8,1.15015295e-8
5,24,1.34523805e-8,-1.0819466e-8,1.726347e-8
5,25,-6.1960366e-9,1.1423162e-8,1.2995365e-8
5,26,-2.8879514e-8,5.8767395e-9,2.9471382e-8
5,27,-9.915366e-9,-2.858846e-9,1.0319278e-8
5,28,-2.752184e-9,-1.3634029e-8,1.3909036e-8
5,29,-4.0264734e-8,1.6141747e-8,4.3379774e-8
5,30,9.289304e-9,3.0914002e-8,3.227951e-8
5,31,1.1501453e-8,-5.819158e-9,1.2889764e-8
5,32,-8.834075e-9,-4.5561257e-9,9.939777e-9
5,33,-1.6183744e-8,-1.651435e-8,2.3122226e-8
5,34,-6.598643e-9,4.210182e-9,7.82737e-9
5,35,-2.1926091e-8,-8.943218e-9,2.3679835e-8
5,36,3.1587234e-8,3.4564003e-8,4.6823324e-8
5,37,-2.5655154e-8,-1.9520582e-8,3.2237246e-8
5,38,-1.1004875e-8,-4.590718e-9,1.19240084e-8
5,39,-1.7093882e-8,-1.1485481e-8,2.0594102e-8
5,40,1.6770532e-8,1.8276218e-8,2.4804654e-8
5,41,-2.6792364e-8,-2.2975746e-9,2.6890698e-8
5,42,-3.7561392e-8,-5.586134e-8,6.7315284e-8
5,43,-1.1052282e-8,-7.068665e-10,1.1074863e-8
5,44,-3.7788254e-8,-1.6375726e-8,4.1183934e-8
5,45,-2.4331111e-8,-4.130784e-8,4.794101e-8
5,46,-1.8639803e-8,2.7358508e-8,3.3104836e-8
5,47,2.1678993e-8,-1.0323789e-8,2.401165e-8
5,48,-1.8016031e-8,1.8369233e-8,2.5729479e-8
5,49,-1.434623e-8,1.1439628e-8,1.8348826e-8
5,50,-6.636467e-9,-3.0357135e-8,3.107408e-8
5,51,-3.043382e-8,-3.6462988e-9,3.0651474e-8
5,52,2.0691209e-8,4.2990266e-8,4.7710472e-8
5,53,5.5708078e-8,2.0504705e-8,5.936188e-8
5,54,3.8698914e-8,1.399172e-8,4.1150628e-8
5,55,7.047958e-9,-3.314579e-8,3.3886828e-8
5,56,-7.1958276e-8,-3.587226e-8,8.040406e-8
5,57,-5.4004104e-8,-1.3774688e-8,5.573316e-8
5,58,4.0172194e-9,3.963029e-9,5.643018e-9
5,59,1.7322511e-8,-3.985664e-8,4.3458268e-8
5,60,1.5024373e-8,-3.9436516e-9,1.5533324e-8
5,61,5.20439e-9,2.2821196e-9,5.6827583e-9
5,62,4.633005e-9,-3.433234e-8,3.4643534e-8
5,63,5.4149133e-8,-2.73353e-8,6.065763e-8
5,64,3.703791e-8,-3.0690803e-8,4.810127e-8
5,65,-7.713358e-9,-3.4496207e-8,3.5348044e-8
5,66,-2.2567056e-8,-2.2276211e-8,3.1709646e-8
5,67,-9.025737e-9,2.4146631e-9,9.343154e-9
5,68,-1.790862e-8,6.7390533e-9,1.9134616e-8
5,69,-5.954182e-8,1.8774108e-8,6.2431525e-8
5,70,2.7583236e-9,2.9733742e-9,4.055774e-9
5,71,2.0602702e-9,-2.0586342e-8,2.068918e-8
5,72,4.539009e-8,2.763143e-9,4.5474117e-8
5,73,2.3463672e-8,-5.2977445e-9,2.4054314e-8
5,74,-3.583457e-8,4.0600895e-8,5.4153016e-8
5,75,-2.8518556e-8,7.756801e-9,2.9554627e-8
5,76,-5.359129e-8,8.383264e-9,5.424302e-8
5,77,-4.167535e-9,2.2755248e-8,2.3133735e-8
5,78,-2.4570939e-8,-7.613462e-9,2.572345e-8
5,79,-1.7452089e-9,-2.6314165e-8,2.6371975e-8
5,80,-2.2614499e-8,-2.301122e-8,3.2263475e-8
5,81,-3.341647e-8,9.5158805e-9,3.4744964e-8
5,82,-3.585478e-8,1.2564254e-8,3.7992443e-8
5,83,-6.6667624e-8,3.3405607e-9,6.675126e-8
5,84,1.1304911e-8,3.4037377e-8,3.586564e-8
5,85,2.2183366e-9,1.44680605e-8,1.4637138e-8
5,86,-1.1547386e-8,5.7667354e-8,5.8812123e-8
5,87,1.7216006e-8,1.1904862e-8,2.0931235e-8
5,88,3.065005e-8,3.2578804e-8,4.473035e-8
5,89,1.7939511e-8,1.2448231e-8,2.1835396e-8
5,90,-3.9564462e-8,-7.696314e-9,4.0306077e-8
5,91,2.168776e-8,-3.5721242e-9,2.1979968e-8
5,92,2.1602538e-8,4.3126796e-8,4.8234742e-8
5,93,-6.852178e-9,1.27964395e-8,1.45155505e-8
5,94,1.4202845e-8,2.663613e-8,3.018616e-8
5,95,-3.5537215e-9,1.0729308e-8,1.1302522e-8
5,96,1.9033946e-8,-3.833428e-8,4.279963e-8
5,97,2.3875764e-8,2.6154616e-8,3.54135e-8
5,98,6.364764e-8,5.1922818e-8,8.214013e-8
5,99,-3.5074592e-8,4.2310413e-9,3.5328867e-8
5,100,3.234683e-8,2.2211045e-8,3.9238348e-8
5,101,3.6173716e-8,-8.2829127e-10,3.61832e-8
5,102,-1.14712836e-10,-8.991296e-9,8.992028e-9
5,103,9.151618e-9,-1.3750577e-8,1.651758e-8
5,104,-3.2258283e-9,3.1556844e-9,4.5126836e-9
5,105,7.3168818e-9,-3.124328e-8,3.2088618e-8
5,106,-2.7431437e-8,-2.3813453e-9,2.7534606e-8
5,107,1.5636571e-8,4.9518056e-9,1.6401913e-8
5,108,7.745814e-9,5.2469993e-9,9.355674e-9
5,109,-1.46144234e-8,1.2246951e-8,1.906749e-8
5,110,-1.9764222e-8,5.857053e-10,1.97729e-8
5,111,-1.5419607e-8,1.5083621e-8,2.1570347e-8
5,112,-1.25479245e-8,-4.4990873e-9,1.3330124e-8
5,113,2.5308092e-8,-3.119047e-8,4.0166466e-8
5,114,-5.2617444e-9,-3.6035368e-9,6.377416e-9
5,115,-4.242443e-9,2.1682137e-8,2.2093289e-8
5,116,-3.5939494e-9,-1.0371019e-10,3.5954455e-9
5,117,6.5408248e-9,-1.7839678e-8,1.900096e-8
5,118,-4.412101e-9,-1.2375219e-8,1.3138215e-8
5,119,1.4079885e-8,1.3724226e-8,1.9662084e-8
5,120,-1.7839005e-8,-5.370485e-10,1.7847087e-8
5,121,5.2173936e-9,3.372955e-8,3.4130686e-8
5,122,3.5499287e-8,-4.618484e-9,3.579846e-8
5,123,2.0039725e-9,-5.531843e-8,5.5354718e-8
5,124,-1.0364001e-8,-1.1187601e-8,1.5250407e-8
5,125,-1.40805785e-8,-6.896794e-9,1.5678918e-8
5,126,-4.4617465e-8,-3.843472e-9,4.4782702e-8
5,127,-1.6978891e-8,-1.4549237e-8,2.2359854e-8
5,128,-1.9120984e-8,-2.700613e-9,1.9310757e-8
6,1,4.811385e-8,-1.9046084e-8,5.1746458e-8
6,2,-2.9392062e-8,-5.475587e-8,6.214579e-8
6,3,6.2777694e-9,3.9252882e-8,3.975172e-8
6,4,-2.2434646e-8,-1.9489285e-8,2.9717766e-8
6,5,2.7247454e-8,-2.8113605e-9,2.7392106e-8
6,6,3.9388777e-8,-1.287361e-8,4.143918e-8
6,7,1.80601e-8,-4.307147e-8,4.670459e-8
6,8,1.511796e-8,-9.081575e-9,1.7635978e-8
6,9,-1.3430824e-8,-5.898087e-9,1.4668826e-8
6,10,-2.1241958e-8,-1.8428004e-8,2.812138e-8
6,11,2.0084562e-8,-1.9719979e-8,2.8147241e-8
6,12,-9.797827e-9,-1.1843464e-8,1.5370917e-8
6,13,-2.6763953e-8,-2.470833e-8,3.6425412e-8
6,14,-3.141069e-8,-8.050165e-9,3.2425863e-8
6,15,-1.6150764e-8,3.5630993e-8,3.912052e-8
6,16,-3.285678e-8,3.5657244e-8,4.8487184e-8
6,17,-3.263447e-8,1.6585046e-8,3.6607002e-8
6,18,-1.24714e-10,-8.54278e-9,8.54369e-9
6,19,-1.6410855e-8,-1.2950155e-8,2.0905087e-8
6,20,-1.6466315e-8,4.5110715e-9,1.7073058e-8
6,21,-3.9444728e-10,-9.278476e-9,9.286857e-9
6,22,-5.2089796e-8,2.7746005e-8,5.9018536e-8
6,23,7.0597297e-9,1.9097595e-8,2.0360694e-8
6,24,-5.48588e-9,2.5396673e-8,2.5982414e-8
6,25,-8.249031e-9,-7.354972e-9,1.1051793e-8
6,26,1.29655735e-8,4.6401528e-8,4.8178915e-8
6,27,3.963271e-9,7.3993762e-9,8.393943e-9
6,28,1.1457858e-8,-2.2391216e-9,1.16745955e-8
6,29,4.995537e-8,-1.86396e-8,5.3319546e-8
6,30,-3.1125007e-9,-7.701578e-9,8.306742e-9
6,31,-2.088562e-9,-2.1316504e-8,2.1418577e-8
6,32,5.331091e-8,5.9103646e-9,5.363754e-8
6,33,3.919341e-9,2.7639691e-8,2.7916192e-8
6,34,2.3991303e-8,-2.2942805e-8,3.3195708e-8
6,35,-3.4894555e-8,1.14560414e-8,3.6726977e-8
6,36,-6.011275e-8,-7.944258e-9,6.0635415e-8
6,37,9.727433e-9,3.0490153e-8,3.2004255e-8
6,38,-5.8606324e-9,5.93978e-12,5.8606355e-9
6,39,1.360999e-8,6.461383e-8,6.6031646e-8
6,40,-2.460378e-8,-3.7987093e-8,4.525887e-8
6,41,2.263074e-8,3.2292903e-8,3.943326e-8
6,42,2.819187e-8,3.1579905e-8,4.233287e-8
6,43,1.31712e-11,5.1822163e-8,5.1822163e-8
6,44,3.1819063e-8,3.648418e-8,4.8410207e-8
6,45,7.233245e-8,5.0186358e-8,8.8037794e-8
6,46,-1.3126321e-8,-1.8089974e-8,2.2350559e-8
6,47,-3.4090586e-8,8.973523e-9,3.525184e-8
6,48,2.1350171e-8,-2.9462548e-8,3.6385046e-8
6,49,3.768256e-8,4.3346848e-8,5.7436267e-8
6,50,4.7189793e-8,3.6350478e-8,5.9567054e-8
6,51,-9.0626556e-10,1.8460956e-10,9.248773e-10
6,52,-3.304182e-8,-5.3398818e-8,6.279487e-8
6,53,-3.470268e-8,-2.6019733e-9,3.4800088e-8
6,54,-5.4298827e-8,1.7216125e-8,5.6962772e-8
6,55,-3.3365705e-8,1.7251498e-8,3.756174e-8
6,56,6.978525e-8,2.7442166e-8,7.498702e-8
6,57,6.543301e-9,2.3232998e-8,2.4136838e-8
6,58,-1.4627839e-8,-2.1466082e-8,2.5976265e-8
6,59,-1.6903182e-9,4.0656175e-8,4.0691297e-8
6,60,2.097895e-8,2.3427114e-8,3.1447513e-8
6,61,-1.4611731e-8,2.409855e-8,2.8182315e-8
6,62,-2.226781e-8,6.5850253e-10,2.2277545e-8
6,63,-5.6384316e-8,-1.1945212e-8,5.7635745e-8
6,64,-2.7888518e-8,3.2824527e-8,4.3072255e-8
6,65,2.0432713e-8,2.6573423e-8,3.3520777e-8
6,66,7.8446725e-8,-1.14870105e-8,7.928329e-8
6,67,-8.642853e-9,-9.323711e-9,1.27133974e-8
6,68,5.4256837e-8,-2.479529e-9,5.4313464e-8
6,69,6.4839945e-8,-6.2315975e-9,6.513871e-8
6,70,2.3022016e-8,-1.9215344e-8,2.9987376e-8
6,71,3.3125922e-9,3.4574956e-8,3.4733283e-8
6,72,-1.1164186e-8,-3.46841e-8,3.64366e-8
6,73,-4.7861118e-8,-1.6766915e-8,5.0713076e-8
6,74,3.0326312e-8,7.435861e-9,3.1224626e-8
6,75,2.6994533e-8,1.1411717e-9,2.7018643e-8
6,76,3.2846337e-8,-8.485523e-9,3.392471e-8
6,77,-2.6056377e-8,4.3340704e-9,2.641437e-8
6,78,1.5519994e-8,2.1752989e-8,2.6721953e-8
6,79,8.409644e-9,1.4728779e-8,1.6960515e-8
6,80,2.2660169e-8,3.2990727e-8,4.0023384e-8
6,81,4.0928725e-8,1.0951493e-9,4.0943373e-8
6,82,6.297298e-8,-1.11906315e-8,6.395957e-8
6,83,6.252334e-8,-2.4647454e-8,6.720614e-8
6,84,3.7348387e-9,9.186167e-9,9.916385e-9
6,85,-1.899927e-9,1.0591509e-8,1.0760567e-8
6,86,-3.6478838e-8,-2.0772204e-8,4.1978446e-8
6,87,-2.7193334e-10,4.786623e-9,4.7943414e-9
6,88,1.4810615e-8,-9.360621e-9,1.7520717e-8
6,89,-3.067875e-8,-2.636462e-8,4.0450942e-8
6,90,7.588448e-8,1.0435872e-8,7.65987e-8
6,91,-7.792644e-9,1.904063e-8,2.0573548e-8
6,92,1.4556112e-9,-2.9231076e-8,2.9267296e-8
6,93,-7.229917e-9,-5.0114024e-9,8.796923e-9
6,94,-1.6158532e-8,-4.9163837e-9,1.6889908e-8
6,95,-4.364401e-9,-2.1758632e-8,2.2192028e-8
6,96,-3.4613024e-8,2.0631465e-8,4.0295394e-8
6,97,-2.01211e-8,2.8124843e-8,3.4581287e-8
6,98,-6.8109166e-8,1.8759472e-8,7.064543e-8
6,99,2.9525763e-8,4.9095163e-8,5.7289665e-8
6,100,-2.0687747e-9,2.5875549e-8,2.5958117e-8
6,101,9.824176e-9,4.134663e-8,4.2497746e-8
6,102,9.200578e-9,-2.9013534e-9,9.647201e-9
6,103,-2.1498629e-8,-2.9308765e-8,3.6348244e-8
6,104,1.0645331e-8,1.5501199e-8,1.8804526e-8
6,105,-7.549557e-9,-1.535745e-8,1.7112775e-8
6,106,2.0161055e-8,1.493018e-8,2.5087415e-8
6,107,6.920932e-9,1.8425299e-8,1.9682249e-8
6,108,1.1185729e-8,-1.357953e-8,1.75933e-8
6,109,-5.787145e-9,-2.6057572e-8,2.6692472e-8
6,110,-8.261162e-9,2.9532924e-8,3.06666e-8
6,111,1.699237e-8,3.8722776e-9,1.7428e-8
6,112,5.482549e-9,9.2935295e-9,1.0790182e-8
6,113,2.6392268e-9,-8.446177e-9,8.8489225e-9
6,114,-4.9026405e-9,1.3678372e-8,1.4530443e-8
6,115,-5.7457568e-9,-9.964229e-10,5.831516e-9
6,116,-9.619094e-10,-2.8017905e-10,1.0018832e-9
6,117,-1.9934583e-9,2.4879204e-8,2.495894e-8
6,118,-1.2307073e-9,1.239683e-8,1.245777e-8
6,119,-1.1269203e-8,1.4672512e-8,1.8500744e-8
6,120,3.687875e-9,5.464614e-9,6.5926042e-9
6,121,2.0052246e-8,-6.887887e-9,2.1202254e-8
6,122,-2.0340607e-9,1.3894392e-8,1.4042491e-8
6,123,6.200615e-9,5.8410707e-9,8.518552e-9
6,124,6.080852e-9,-1.527185e-8,1.6437948e-8
6,125,2.8956423e-8,1.7698849e-9,2.9010462e-8
6,126,6.769591e-9,2.0201153e-8,2.1305256e-8
6,127,1.0513563e-8,1.6504779e-9,1.0642325e-8
6,128,4.3341696e-8,-4.708132e-9,4.3596664e-8
7,1,-1.9053937e-8,4.268828e-9,1.9526276e-8
7,2,-4.9977915e-9,7.590985e-9,9.088508e-9
7,3,-2.568748e-9,-2.7551655e-8,2.7671144e-8
7,4,2.1291065e-8,1.3461963e-8,2.5189957e-8
7,5,-2.097145e-8,9.048885e-9,2.2840403e-8
7,6,-3.3590076e-8,5.0455448e-8,6.061391e-8
7,7,-1.6844542e-8,-1.8332003e-9,1.6944002e-8
7,8,-6.5865473e-9,-1.1876932e-9,6.692774e-9
7,9,-7.136184e-9,3.448374e-8,3.521439e-8
7,10,5.392477e-9,3.1265074e-8,3.1726703e-8
7,11,-3.3239438e-8,-1.43565675e-8,3.6207336e-8
7,12,-2.0121774e-8,2.1224444e-8,2.9246587e-8
7,13,1.6401627e-8,2.1144576e-8,2.6760166e-8
7,14,-1.5261251e-9,-3.9393573e-9,4.224641e-9
7,15,-1.3353601e-8,-3.368896e-8,3.6238994e-8
7,16,-4.7279753e-9,-5.3635787e-8,5.384377e-8
7,17,1.4132057e-8,-3.178369e-8,3.4783874e-8
7,18,-3.0041953e-8,4.4690065e-8,5.3849057e-8
7,19,7.220369e-9,-2.3765326e-8,2.4837963e-8
7,20,-1.7107054e-8,1.4837995e-8,2.2645471e-8
7,21,8.874551e-9,7.469763e-9,1.1599785e-8
7,22,3.1119416e-8,1.4186739e-8,3.420061e-8
7,23,7.599793e-9,-1.1540635e-9,7.686919e-9
7,24,8.984456e-9,4.6771973e-9,1.0128999e-8
7,25,2.495802e-8,1.6028858e-8,2.9661878e-8
7,26,7.469621e-9,-4.377855e-9,8.657993e-9
7,27,2.1188304e-8,-9.178253e-9,2.309079e-8
7,28,2.8110327e-8,-4.0389935e-8,4.9209117e-8
7,29,-6.907932e-8,-5.0237944e-8,8.541547e-8
7,30,-2.0547006e-8,2.148677e-8,2.9729796e-8
7,31,1.41657015e-8,-1.361609e-8,1.9648537e-8
7,32,-3.45416e-8,-1.6194038e-8,3.81493e-8
7,33,1.0590854e-8,-1.1551726e-8,1.5671903e-8
7,34,-4.341848e-8,-1.8654092e-9,4.3458535e-8
7,35,2.0784965e-8,2.0885063e-8,2.9465244e-8
7,36,2.2920123e-8,-9.057176e-9,2.4644766e-8
7,37,-1.2330913e-8,-2.4590692e-8,2.7509154e-8
7,38,-1.8811972e-9,-4.5767564e-8,4.580621e-8
7,39,3.2809062e-8,-4.9933877e-8,5.9748025e-8
7,40,4.2949317e-8,-6.617816e-9,4.3456176e-8
7,41,-3.5820854e-8,1.2060554e-8,3.77967e-8
7,42,-8.584592e-8,-3.8032628e-8,9.389357e-8
7,43,4.7542875e-10,-3.3945582e-8,3.394891e-8
7,44,-2.6931477e-8,-4.702801e-8,5.4193524e-8
7,45,3.0818986e-10,-2.0571292e-8,2.0573601e-8
7,46,-1.46803645e-8,1.7469132e-8,2.2818494e-8
7,47,4.5116483e-8,2.1404148e-8,4.9936304e-8
7,48,-2.5274202e-8,2.585125e-8,3.6153455e-8
7,49,-5.5704877e-8,3.9249066e-9,5.584298e-8
7,50,-3.1820836e-8,-3.9299746e-8,5.0567138e-8
7,51,-3.0121257e-8,3.2000933e-8,4.3947125e-8
7,52,9.470469e-9,2.860964e-8,3.013638e-8
7,53,5.2145403e-8,-2.9344076e-9,5.2227904e-8
7,54,1.7755012e-8,1.8279229e-8,2.5482752e-8
7,55,1.193396e-8,-2.5593497e-8,2.8239095e-8
7,56,-6.9706346e-8,-5.7834722e-8,9.057499e-8
7,57,-1.5848883e-8,-8.496386e-9,1.7982648e-8
7,58,2.6896569e-8,1.7289564e-8,3.1974277e-8
7,59,1.929967e-8,-3.4501852e-8,3.953296e-8
7,60,2.0472555e-8,-2.891958e-10,2.0474598e-8
7,61,3.059514e-8,8.520431e-9,3.1759413e-8
7,62,2.3183343e-8,-2.861588e-8,3.6828467e-8
7,63,3.6498143e-8,-3.0060683e-8,4.7283816e-8
7,64,4.7541345e-8,-2.3183608e-8,5.2892904e-8
7,65,-8.154471e-9,-1.8178733e-8,1.9923899e-8
7,66,-5.654748e-8,6.549573e-9,5.692552e-8
7,67,-2.8258533e-8,9.388914e-9,2.9777448e-8
7,68,-3.8124273e-9,-3.836445e-8,3.8553413e-8
7,69,-8.07264e-8,1.22025625e-8,8.1643456e-8
7,70,3.757533e-9,1.8828171e-8,1.9199454e-8
7,71,-3.2275242e-8,3.370141e-9,3.2450718e-8
7,72,2.7062864e-8,3.5054022e-8,4.4285247e-8
7,73,3.2687787e-8,2.6323862e-8,4.196948e-8
7,74,-9.956881e-9,4.0190757e-9,1.0737431e-8
7,75,-6.799436e-8,4.882629e-8,8.370925e-8
7,76,-5.249198e-8,1.9893209e-8,5.6135086e-8
7,77,8.095111e-9,-4.0996144e-9,9.07401e-9
7,78,-6.4173933e-9,-2.1624242e-8,2.255639e-8
7,79,2.3515776e-8,1.7031405e-9,2.3577371e-8
7,80,-5.740707e-8,1.4998136e-8,5.9333935e-8
7,81,-1.024772e-8,-3.594929e-8,3.7381376e-8
7,82,-4.6130356e-8,1.6596083e-8,4.902489e-8
7,83,-5.7299577e-8,2.495022e-8,6.249604e-8
7,84,6.2429866e-9,1.5265659e-8,1.6492884e-8
7,85,1.2222914e-8,-2.1599687e-8,2.4818261e-8
7,86,3.4918386e-8,5.8226476e-8,6.7894156e-8
7,87,4.884197e-8,2.623947e-8,5.5444094e-8
7,88,1.522881e-8,1.3821804e-8,2.0565965e-8
7,89,4.0638135e-8,1.4592931e-8,4.3178833e-8
7,90,-5.0816837e-8,-3.68147e-8,6.275088e-8
7,91,-1.1670172e-8,-1.39445175e-8,1.8183577e-8
7,92,2.5493712e-8,1.0315704e-8,2.7501693e-8
7,93,3.6926597e-9,9.66523e-9,1.0346613e-8
7,94,2.7758635e-8,3.1561477e-8,4.2031758e-8
7,95,-6.1945777e-9,-2.0923219e-8,2.182095e-8
7,96,3.7669445e-9,-1.3546293e-8,1.4060296e-8
7,97,3.933513e-9,-1.7331302e-10,3.9373296e-9
7,98,1.0953372e-7,4.7070568e-8,1.1921944e-7
7,99,-5.7802003e-9,-8.023166e-9,9.888474e-9
7,100,-1.8728912e-8,2.9687751e-8,3.5101777e-8
7,101,1.6581106e-8,-4.104563e-8,4.4268237e-8
7,102,-1.5906211e-8,2.311914e-8,2.806247e-8
7,103,3.5364671e-9,2.372281e-8,2.398496e-8
7,104,-1.8319215e-8,1.0479697e-9,1.8349166e-8
7,105,1.9716843e-8,4.5774438e-9,2.0241218e-8
7,106,-9.570632e-9,1.6205796e-8,1.8820861e-8
7,107,-4.7039432e-8,3.1532343e-9,4.7145e-8
7,108,-6.582372e-9,-6.2463563e-9,9.074392e-9
7,109,1.1246523e-8,-9.34907e-9,1.4624957e-8
7,110,-3.763103e-9,-1.8575673e-8,1.895301e-8
7,111,-2.584071e-8,-2.1065958e-8,3.333942e-8
7,112,1.6145446e-8,-3.0368366e-8,3.43935e-8
7,113,1.7586215e-8,-2.4987412e-9,1.7762845e-8
7,114,5.636197e-9,4.9379225e-9,7.493316e-9
7,115,1.0786134e-8,3.2216448e-8,3.397411e-8
7,116,4.644374e-9,1.2103808e-8,1.2964273e-8
7,117,-1.7973909e-8,-2.5206339e-11,1.7973926e-8
7,118,2.7692557e-9,-8.030698e-9,8.494756e-9
7,119,-2.0350133e-9,-3.1347568e-8,3.1413553e-8
7,120,5.328851e-9,9.964013e-9,1.1299478e-8
7,121,8.551793e-9,4.8409254e-9,9.826888e-9
7,122,2.1747704e-8,-9.578893e-9,2.3763793e-8
7,123,1.1199565e-8,-5.454611e-9,1.2457249e-8
7,124,-8.228048e-9,-6.539158e-9,1.05100595e-8
7,125,-2.0987747e-8,-1.1889716e-8,2.4121585e-8
7,126,-1.3597189e-8,-1.1300502e-8,1.768007e-8
7,127,-7.8240605e-9,-3.8227075e-8,3.901955e-8
7,128,-2.7638992e-8,-2.9821535e-8,4.0660026e-8
8,1,3.651275e-8,-9.2149355e-9,3.7657614e-8
8,2,1.2232266e-9,-1.0194189e-8,1.0267315e-8
8,3,-2.4282016e-8,-7.656665e-9,2.5460574e-8
8,4,5.216186e-9,6.1673354e-8,6.1893545e-8
8,5,3.238752e-8,8.992071e-9,3.3612626e-8
8,6,2.020384e-8,-2.6465576e-8,3.3295976e-8
8,7,1.8687873e-8,2.5443047e-8,3.156874e-8
8,8,-5.5923794e-9,-2.0929404e-8,2.1663672e-8
8,9,-1.7626432e-8,-9.143575e-11,1.762667e-8
8,10,-3.341619e-8,-3.442091e-8,4.7973334e-8
8,11,1.2307915e-8,-8.194757e-9,1.478644e-8
8,12,-1.4860887e-8,-7.913921e-9,1.6836749e-8
8,13,-1.9138213e-8,-3.408837e-8,3.9093326e-8
8,14,-1.0526224e-8,2.168982e-9,1.07473666e-8
8,15,-1.0826989e-8,-3.9162614e-8,4.0631686e-8
8,16,6.9910926e-9,6.687163e-8,6.723608e-8
8,17,-2.5976234e-8,7.478872e-9,2.7031431e-8
8,18,-2.030064e-8,-5.695758e-9,2.1084535e-8
8,19,-4.358677e-9,-3.8262396e-8,3.8509857e-8
8,20,6.7739556e-9,1.114163e-8,1.3039263e-8
8,21,3.2192574e-8,-4.0519424e-8,5.175119e-8
8,22,-5.8490915e-8,-5.1505666e-9,5.871725e-8
8,23,-5.9148424e-9,-2.0618474e-8,2.14501e-8
8,24,-3.922189e-8,-1.1890275e-8,4.0984574e-8
8,25,-1.2151747e-9,-2.1569347e-8,2.1603551e-8
8,26,1.5627498e-8,3.333342e-8,3.6814885e-8
8,27,-4.0318792e-8,3.5477303e-8,5.3705158e-8
8,28,-7.0970607e-9,-2.3534538e-8,2.458135e-8
8,29,5.841311e-8,2.4543945e-9,5.8464654e-8
8,30,2.008594e-8,-7.2346135e-10,2.0098964e-8
8,31,-8.2033065e-9,2.7623855e-8,2.8816169e-8
8,32,2.0709235e-8,1.5890878e-8,2.6103494e-8
8,33,-2.4314083e-8,1.826332e-8,3.0409268e-8
8,34,8.762821e-9,-2.1134605e-8,2.2879217e-8
8,35,1.10239515e-8,-2.0663262e-9,1.1215936e-8
8,36,-3.882324e-8,-2.852961e-8,4.8178656e-8
8,37,3.2486764e-8,6.7279736e-8,7.471247e-8
8,38,1.399083e-9,9.2315275e-9,9.3369446e-9
8,39,1.1322405e-8,2.1363e-8,2.4177979e-8
8,40,1.5944349e-9,-2.6397517e-8,2.6445626e-8
8,41,1.5644753e-8,3.905969e-8,4.207633e-8
8,42,2.575454e-8,5.6203614e-8,6.182348e-8
8,43,1.9864101e-8,-3.3011307e-8,3.852699e-8
8,44,2.3883457e-8,5.0239375e-8,5.562746e-8
8,45,3.8471395e-8,3.2015826e-8,5.0050588e-8
8,46,3.7220577e-8,-1.9809287e-8,4.216372e-8
8,47,-5.028254e-8,5.584234e-9,5.0591677e-8
8,48,5.0579885e-8,-8.7847845e-9,5.1337093e-8
8,49,6.7902796e-8,1.4140168e-8,6.935946e-8
8,50,3.329403e-8,1.7196035e-8,3.7472603e-8
8,51,2.2623038e-8,-7.54476e-9,2.3847962e-8
8,52,-1.256661e-8,-6.181764e-8,6.308201e-8
8,53,-5.0178773e-8,-7.0238446e-9,5.0667975e-8
8,54,-5.2172037e-8,-4.2262074e-9,5.234293e-8
8,55,3.6868544e-9,6.069429e-8,6.0806165e-8
8,56,7.3742676e-8,3.5904797e-8,8.201913e-8
8,57,3.5535855e-8,2.6413716e-8,4.4277325e-8
8,58,-4.606452e-8,-3.2554905e-8,5.640711e-8
8,59,-1.3797494e-8,4.3057987e-8,4.5214612e-8
8,60,-1.8522387e-9,4.1512096e-9,4.5456936e-9
8,61,1.2671528e-8,1.3833532e-8,1.875991e-8
8,62,-1.41769e-8,-1.6179339e-8,2.1511752e-8
8,63,-6.5159036e-8,1.1981632e-8,6.625149e-8
8,64,-5.990452e-8,2.9818718e-8,6.6915675e-8
8,65,2.2319519e-8,4.893247e-8,5.3782408e-8
8,66,3.3214903e-8,-1.8997023e-8,3.8263778e-8
8,67,3.917866e-8,1.0392261e-8,4.053352e-8
8,68,2.8429042e-8,-5.8306576e-8,6.4868075e-8
8,69,6.2882926e-8,-3.7621437e-8,7.327779e-8
8,70,8.243339e-9,-1.8763119e-8,2.049408e-8
8,71,8.466985e-8,-8.540239e-9,8.5099465e-8
8,72,-3.071155e-8,-3.0316617e-8,4.3154333e-8
8,73,1.0801276e-8,2.4217886e-8,2.6517421e-8
8,74,5.28294e-8,3.2669686e-8,6.211484e-8
8,75,3.006974e-8,-2.6678041e-8,4.0198348e-8
8,76,-7.457772e-9,-8.0946725e-9,1.1006457e-8
8,77,-1.6463652e-8,2.0165066e-8,2.6032321e-8
8,78,1.440898e-8,-1.2927591e-9,1.4466856e-8
8,79,-4.7004228e-8,4.9802285e-8,6.848113e-8
8,80,3.866387e-8,7.056573e-9,3.9302545e-8
8,81,5.501039e-8,1.43654635e-8,5.685516e-8
8,82,5.5293267e-8,1.3967768e-8,5.7030203e-8
8,83,1.743809e-8,-8.15504e-9,1.9250757e-8
8,84,3.6108425e-8,-3.1677565e-8,4.8034224e-8
8,85,2.3885602e-10,-1.8538088e-8,1.8539627e-8
8,86,-3.7603208e-8,-1.1563773e-8,3.93411e-8
8,87,-4.1965205e-8,-1.674072e-8,4.5181082e-8
8,88,-3.6048444e-8,-1.8733233e-9,3.6097088e-8
8,89,-5.434323e-8,-5.6291775e-8,7.824289e-8
8,90,3.7131148e-8,1.2586528e-8,3.9206412e-8
8,91,-1.8195806e-8,4.2436124e-8,4.6172634e-8
8,92,-6.276017e-8,1.4460789e-8,6.440461e-8
8,93,-5.67832e-9,-5.1084985e-8,5.1399603e-8
8,94,-1.261608e-9,-4.497143e-8,4.498912e-8
8,95,-2.0489578e-8,4.8269165e-8,5.2437915e-8
8,96,-7.1867303e-9,7.8129375e-8,7.8459216e-8
8,97,3.0717423e-8,3.0047694e-8,4.2970036e-8
8,98,-9.271555e-8,3.8956047e-10,9.271637e-8
8,99,5.5475397e-8,6.7338095e-9,5.588259e-8
8,100,-9.185966e-9,-1.3082305e-8,1.5985265e-8
8,101,1.4909227e-9,8.679091e-9,8.806218e-9
8,102,5.0283255e-8,1.3477599e-9,5.0301313e-8
8,103,9.1430845e-9,-2.405183e-8,2.5731042e-8
8,104,-9.849328e-9,2.0463537e-8,2.2710474e-8
8,105,-4.152006e-9,2.9153918e-8,2.9448092e-8
8,106,3.238955e-8,-1.860933e-9,3.2442966e-8
8,107,-5.5718495e-8,2.3173715e-8,6.0345435e-8
8,108,8.604925e-9,-1.9239103e-8,2.1075763e-8
8,109,-1.9568116e-8,-1.7389516e-8,2.6178357e-8
8,110,-3.8023668e-8,4.177508e-9,3.8252463e-8
8,111,-1.1710031e-9,-8.797504e-9,8.875096e-9
8,112,2.6205595e-9,-4.211207e-9,4.9599995e-9
8,113,-1.5859976e-8,1.764289e-8,2.3723626e-8
8,114,1.66338e-8,2.5471802e-9,1.6827698e-8
8,115,-4.987847e-8,-5.5096665e-9,5.018185e-8
8,116,-3.898909e-8,-9.619704e-9,4.0158284e-8
8,117,1.352577e-8,-7.063155e-9,1.525892e-8
8,118,-2.1658199e-8,1.4199676e-8,2.5898037e-8
8,119,1.8807109e-8,-8.781573e-9,2.0756286e-8
8,120,1.3392815e-8,-1.9519547e-8,2.3672351e-8
8,121,6.986864e-9,-3.5724696e-8,3.6401513e-8
8,122,1.1029419e-8,4.649394e-8,4.778425e-8
8,123,1.2587713e-8,-1.40539145e-8,1.8866983e-8
8,124,-1.0869841e-8,-4.23582e-9,1.1666002e-8
8,125,1.4477112e-8,-2.3367528e-8,2.7488692e-8
8,126,2.8582521e-8,-1.4064577e-8,3.18555e-8
8,127,1.8688516e-8,1.9763394e-8,2.7200228e-8
8,128,1.2682405e-8,4.363019e-9,1.3411911e-8
9,1,-2.6892112e-8,-3.6051115e-9,2.7132684e-8
9,2,-1.2353062e-8,4.4098105e-8,4.5795645e-8
9,3,1.7320277e-8,-1.06689e-8,2.0342503e-8
9,4,-1.9115864e-9,3.0376093e-8,3.0436183e-8
9,5,-2.958722e-8,1.7515465e-8,3.4383064e-8
9,6,-1.5026966e-8,-5.0916045e-9,1.5866132e-8
9,7,1.0458441e-8,6.6188544e-9,1.23769235e-8
9,8,8.176369e-9,1.639013e-8,1.8316369e-8
9,9,-1.9139256e-8,3.316454e-8,3.8290963e-8
9,10,3.691471e-8,5.946139e-8,6.998823e-8
9,11,-2.7873247e-8,2.6380468e-8,3.837769e-8
9,12,-1.2001704e-8,-3.680353e-9,1.2553322e-8
9,13,2.1640648e-8,3.792098e-8,4.3661405e-8
9,14,2.5696117e-10,-1.6162337e-8,1.616438e-8
9,15,2.2934485e-8,-3.1008057e-8,3.8567993e-8
9,16,1.8140566e-8,-1.5285835e-8,2.3722077e-8
9,17,-1.1983448e-8,-6.3003327e-9,1.353873e-8
9,18,-2.3407283e-8,-1.3028512e-8,2.6788861e-8
9,19,4.3654005e-8,-1.7509842e-8,4.703474e-8
9,20,-1.9270278e-8,6.7163946e-9,2.0407194e-8
9,21,-1.0890679e-8,2.7642324e-8,2.9710352e-8
9,22,3.8516614e-8,1.985988e-8,4.3335255e-8
9,23,-1.9665471e-8,3.8304787e-8,4.3057955e-8
9,24,1.0599926e-8,-1.6729174e-8,1.9804638e-8
9,25,-6.7458443e-9,1.4327446e-8,1.5836102e-8
9,26,-1.4053814e-8,1.6782501e-9,1.4153664e-8
9,27,9.220416e-9,-2.0419481e-8,2.2404716e-8
9,28,-3.4043207e-8,1.1959328e-10,3.4043417e-8
9,29,-3.4748098e-8,-3.9087602e-8,5.2299818e-8
9,30,3.2707156e-8,8.950718e-9,3.3909785e-8
9,31,3.717112e-8,-8.604159e-8,9.3727515e-8
9,32,-5.6783414e-9,-3.166138e-9,6.501384e-9
9,33,-2.0200462e-8,2.0767898e-8,2.8971783e-8
9,34,-2.8583942e-8,-2.4632012e-8,3.773298e-8
9,35,-3.990833e-8,1.8960199e-8,4.41833e-8
9,36,2.2641846e-8,3.8358564e-8,4.454248e-8
9,37,-4.0477207e-8,-4.8193076e-8,6.2936294e-8
9,38,-1.6381872e-8,-2.1118854e-8,2.6727733e-8
9,39,5.2555663e-8,-2.1949713e-9,5.260148e-8
9,40,1.3082564e-8,-1.3025795e-9,1.314725e-8
9,41,6.5576926e-9,-5.023996e-8,5.0666134e-8
9,42,-6.168734e-8,-5.599279e-8,8.3309786e-8
9,43,1.1990971e-8,-4.5188697e-9,1.2814194e-8
9,44,-5.2730126e-8,-2.464048e-8,5.820326e-8
9,45,-5.6723206e-8,-2.133148e-8,6.06016e-8
9,46,-3.4309298e-9,1.151939e-8,1.2019468e-8
9,47,7.598756e-8,3.355296e-8,8.30657e-8
9,48,-1.9759174e-8,-8.431243e-9,2.1482803e-8
9,49,-4.6251383e-8,-2.2766224e-8,5.1550863e-8
9,50,5.9957856e-9,-2.042539e-9,6.3341465e-9
9,51,-3.3329762e-8,3.7393515e-9,3.353887e-8
9,52,2.972354e-8,4.146106e-8,5.1014784e-8
9,53,4.2154934e-8,2.4785166e-8,4.890136e-8
9,54,-2.6018272e-8,1.714874e-8,3.116135e-8
9,55,2.014737e-9,-2.6872765e-8,2.6948186e-8
9,56,-7.748662e-8,-7.363543e-8,1.0689411e-7
9,57,-3.0832094e-8,1.711157e-9,3.087954e-8
9,58,8.074118e-9,-2.2027384e-8,2.3460542e-8
9,59,8.256947e-8,-1.3383366e-8,8.3647066e-8
9,60,9.714819e-9,3.238982e-9,1.0240543e-8
9,61,-6.954043e-9,-2.8815906e-8,2.964313e-8
9,62,-2.4611213e-9,-1.6094742e-8,1.6281826e-8
9,63,9.505631e-9,-2.3760164e-8,2.5591062e-8
9,64,6.2464544e-8,-1.9861197e-8,6.554606e-8
9,65,-1.7668963e-8,-6.6872865e-8,6.916771e-8
9,66,-4.724557e-8,5.1057087e-9,4.752065e-8
9,67,-9.920447e-9,2.2678417e-9,1.0176363e-8
9,68,9.357579e-9,2.1748345e-8,2.3676039e-8
9,69,-7.669939e-8,-1.9183e-9,7.672338e-8
9,70,-5.1784827e-8,4.4618417e-8,6.8355476e-8
9,71,-4.8090982e-8,-3.331526e-8,5.850341e-8
9,72,2.8515675e-8,-4.5274042e-9,2.8872844e-8
9,73,5.1761244e-8,3.1315714e-9,5.185589e-8
9,74,-4.6869626e-8,-2.0259636e-8,5.106089e-8
9,75,-3.7182126e-8,-1.1877543e-9,3.720109e-8
9,76,-4.7341747e-8,2.1541327e-8,5.2012208e-8
9,77,3.031536e-8,9.76478e-9,3.1849208e-8
9,78,-1.6272567e-8,-2.6537734e-8,3.112953e-8
9,79,-1.26366615e-8,-3.021649e-8,3.275243e-8
9,80,-4.2985658e-8,-5.2591723e-8,6.79239e-8
9,81,-7.0571794e-8,4.5340077e-8,8.388147e-8
9,82,-4.000926e-8,1.9292765e-8,4.4417924e-8
9,83,-6.144342e-8,1.7953047e-9,6.146965e-8
9,84,-8.392789e-9,3.3229075e-8,3.427259e-8
9,85,-6.554343e-10,2.4116716e-8,2.412562e-8
9,86,9.1275245e-9,2.120109e-8,2.3082416e-8
9,87,7.036153e-8,5.360675e-8,8.84558e-8
9,88,1.4836537e-8,2.270014e-8,2.7118613e-8
9,89,4.978419e-9,4.517036e-8,4.544388e-8
9,90,-6.3497005e-8,-3.5378324e-8,7.2687655e-8
9,91,-2.877403e-8,-2.06139e-8,3.5396013e-8
9,92,2.908093e-8,5.630905e-9,2.9621066e-8
9,93,3.558547e-9,3.2480255e-8,3.267461e-8
9,94,2.8912305e-8,7.157419e-10,2.8921164e-8
9,95,-3.299613e-8,-3.335984e-8,4.692146e-8
9,96,1.4711022e-8,-2.9912755e-8,3.3334473e-8
9,97,-2.7344768e-8,1.5109975e-8,3.124176e-8
9,98,7.284796e-8,2.864819e-8,7.827863e-8
9,99,-4.3342872e-8,-2.5679028e-9,4.3418876e-8
9,100,3.3469053e-8,1.0223976e-8,3.4995818e-8
9,101,-1.2291936e-8,-2.0683274e-8,2.4060123e-8
9,102,-4.3883098e-8,-1.9267214e-8,4.7926527e-8
9,103,-2.9322534e-8,1.0661641e-8,3.1200667e-8
9,104,-1.1446606e-8,6.8715194e-9,1.3350752e-8
9,105,-4.0554426e-8,-3.1876695e-8,5.15828e-8
9,106,-9.116681e-9,1.9409418e-8,2.1443865e-8
9,107,8.1552205e-9,-2.439783e-8,2.5724729e-8
9,108,-1.4422506e-8,5.1204427e-8,5.3196825e-8
9,109,5.246867e-8,-6.283932e-9,5.284363e-8
9,110,-6.962507e-9,-2.2433997e-9,7.315008e-9
9,111,-2.107992e-8,-1.0169377e-8,2.3404684e-8
9,112,4.1451895e-10,-2.2257991e-8,2.2261851e-8
9,113,2.2860354e-8,-1.1007955e-8,2.5372639e-8
9,114,-9.554325e-9,-1.2279553e-8,1.5558681e-8
9,115,6.499877e-10,2.8195801e-8,2.8203292e-8
9,116,1.2612657e-8,-1.5006236e-8,1.960271e-8
9,117,1.34784095e-8,-7.424449e-9,1.538798e-8
9,118,7.7304465e-9,-1.9546658e-8,2.1019792e-8
9,119,-1.9909658e-9,1.2731114e-8,1.2885853e-8
9,120,-2.5415343e-8,-3.383274e-9,2.5639544e-8
9,121,4.8852314e-8,7.049781e-10,4.88574e-8
9,122,1.7220672e-9,4.622798e-11,1.7226875e-9
9,123,1.8416314e-8,-5.4947918e-8,5.7952e-8
9,124,-9.670761e-9,-4.0173674e-8,4.1321275e-8
9,125,-1.7069244e-8,1.4533435e-8,2.2418291e-8
9,126,-2.4458283e-8,-2.4627907e-8,3.4709384e-8
9,127,-4.8170726e-8,-2.0258973e-8,5.2257487e-8
9,128,-3.817362e-9,-1.6287293e-8,1.6728663e-8
10,1,1.6716386e-8,8.316383e-9,1.8670828e-8
10,2,-1.833902e-8,-1.0718709e-8,2.1241712e-8
10,3,1.5164607e-8,-1.972427e-9,1.5292343e-8
10,4,3.5609082e-9,1.2010564e-8,1.2527319e-8
10,5,1.3117699e-8,-1.7242105e-8,2.1664814e-8
10,6,2.797796e-9,-5.4748806e-8,5.4820248e-8
10,7,5.8055722e-8,-2.4601462e-8,6.305314e-8
10,8,-1.2924557e-9,-3.7222268e-8,3.72447e-8
10,9,-2.6167084e-9,-4.3321233e-8,4.340019e-8
10,10,-5.043593e-8,-2.8636997e-8,5.7998797e-8
10,11,1.7487082e-8,-6.7439765e-9,1.8742446e-8
10,12,2.6831557e-8,-2.8905154e-8,3.9439072e-8
10,13,-6.997089e-8,-3.5553926e-9,7.0061155e-8
10,14,3.4521142e-9,1.0128491e-8,1.0700627e-8
10,15,-1.2102593e-8,-3.2738159e-9,1.2537568e-8
10,16,5.446924e-8,-1.4372254e-8,5.633347e-8
10,17,8.613758e-9,2.7760816e-8,2.906647e-8
10,18,3.4440347e-8,-8.824117e-9,3.5552812e-8
10,19,7.8807725e-9,1.7251836e-8,1.8966613e-8
10,20,-1.6334504e-8,-2.6356755e-8,3.1007975e-8
10,21,9.7720125e-9,-1.0529024e-8,1.4364978e-8
10,22,-2.4327216e-8,-1.8295259e-8,3.0438954e-8
10,23,1.4841217e-10,-3.545187e-8,3.5452178e-8
10,24,-2.9353306e-8,-1.2149464e-8,3.176832e-8
10,25,1.1890123e-9,3.3453436e-8,3.347456e-8
10,26,1.832652e-8,1.4265402e-8,2.322419e-8
10,27,3.2938434e-8,-1.2665661e-8,3.5289652e-8
10,28,3.7685627e-8,1.32445725e-8,3.9945277e-8
10,29,5.2667204e-8,2.9314139e-8,6.0275646e-8
10,30,2.3686034e-8,1.0477547e-8,2.5899947e-8
10,31,1.9299243e-8,2.1310806e-8,2.8750847e-8
10,32,4.5390546e-8,4.855308e-8,6.64658e-8
10,33,5.554905e-8,-1.2079835e-8,5.6847334e-8
10,34,1.4176164e-8,8.10141e-9,1.6327782e-8
10,35,3.125122e-8,1.7514491e-8,3.5824517e-8
10,36,-2.3315227e-8,-4.742245e-8,5.2844e-8
10,37,1.3961787e-8,7.7925314e-8,7.916619e-8
10,38,2.3403135e-8,6.1557785e-8,6.585642e-8
10,39,-4.508094e-9,5.2304635e-8,5.249855e-8
10,40,1.59585e-8,-1.0584594e-8,1.9149605e-8
10,41,3.010167e-8,5.1926648e-8,6.0020724e-8
10,42,4.2334705e-8,3.912027e-8,5.7642197e-8
10,43,2.6597944e-9,2.7692753e-8,2.7820192e-8
10,44,-1.3822858e-8,2.0052255e-8,2.4354966e-8
10,45,4.465165e-8,3.9647094e-8,5.9713166e-8
10,46,3.847112e-8,3.9036397e-8,5.480755e-8
10,47,1.6507595e-8,-7.047105e-9,1.7948883e-8
10,48,1.3310755e-8,-5.2728304e-8,5.4382443e-8
10,49,2.4478053e-8,-2.2455607e-8,3.321791e-8
10,50,2.321785e-8,5.5154782e-8,5.984245e-8
10,51,4.3472063e-8,1.1232509e-8,4.489977e-8
10,52,1.4188157e-8,-5.875514e-8,6.0443945e-8
10,53,-8.451876e-8,2.955479e-8,8.953718e-8
10,54,-4.7463637e-9,1.0947985e-8,1.1932575e-8
10,55,-1.9069196e-8,7.26004e-8,7.506299e-8
10,56,2.6619412e-8,5.2548103e-8,5.8905826e-8
10,57,-1.8070963e-8,3.677958e-8,4.0979227e-8
10,58,2.7392014e-10,-8.268383e-9,8.272919e-9
10,59,-3.2618964e-8,4.0888633e-8,5.2305612e-8
10,60,-1.7259152e-8,-1.9402759e-8,2.5968161e-8
10,61,-5.430136e-8,5.0431638e-8,7.4107945e-8
10,62,-4.4680586e-8,2.6557647e-8,5.1977526e-8
10,63,4.067251e-9,4.422005e-8,4.4406704e-8
10,64,-4.087263e-8,7.478751e-8,8.52276e-8
10,65,1.0010571e-8,3.3604348e-8,3.506371e-8
10,66,3.0938264e-8,-3.4500275e-8,4.6340535e-8
10,67,1.1882471e-9,4.6099156e-9,4.7605937e-9
10,68,1.4570973e-8,3.092296e-9,1.48954875e-8
10,69,6.4498586e-8,-2.1087251e-8,6.785823e-8
10,70,9.796515e-9,-1.938377e-8,2.1718707e-8
10,71,-3.3641854e-8,2.9505332e-8,4.47475e-8
10,72,-1.428934e-8,-2.1974344e-8,2.6211772e-8
10,73,-1.8506181e-8,2.1947177e-8,2.870814e-8
10,74,4.7926704e-8,3.6694722e-8,6.0361174e-8
10,75,2.1737911e-8,2.2909743e-8,3.1581532e-8
10,76,4.708255e-9,-2.7838038e-8,2.8233385e-8
10,77,1.8924235e-8,-8.300285e-9,2.0664496e-8
10,78,5.849223e-9,6.9541315e-8,6.978687e-8
10,79,-4.835929e-8,2.1618054e-9,4.8407585e-8
10,80,3.4201975e-8,1.3803432e-8,3.6882376e-8
10,81,9.000253e-8,-1.7862773e-8,9.175802e-8
10,82,8.7430806e-8,-2.3660748e-8,9.057581e-8
10,83,5.109056e-8,-3.9844686e-8,6.4790775e-8
10,84,1.7021176e-8,-1.3377698e-8,2.1649093e-8
10,85,-7.793364e-9,3.6855177e-8,3.7670155e-8
10,86,-3.220061e-8,-5.274311e-8,6.179575e-8
10,87,-6.6018266e-8,-4.107526e-9,6.614592e-8
10,88,1.2764585e-9,8.644952e-9,8.738681e-9
10,89,-2.4555634e-8,-4.188654e-8,4.8553698e-8
10,90,3.520242e-8,3.9291812e-8,5.2754686e-8
10,91,-1.8655523e-8,9.429902e-9,2.0903387e-8
10,92,-1.8003464e-8,-4.2667782e-8,4.631052e-8
10,93,-4.7524562e-8,-5.0435183e-8,6.929857e-8
10,94,4.681426e-9,-3.271515e-8,3.30484e-8
10,95,6.7676584e-9,2.305454e-8,2.4027338e-8
10,96,-4.626215e-8,4.9134457e-8,6.7486155e-8
10,97,1.3446491e-8,-4.8337412e-8,5.0172837e-8
10,98,-7.448612e-8,-1.8274703e-8,7.669515e-8
10,99,7.882093e-8,-8.131793e-9,7.923929e-8
10,100,-2.798101e-8,1.5203549e-8,3.18447e-8
10,101,6.2939144e-8,1.0272558e-8,6.377195e-8
10,102,5.3227005e-8,-9.342165e-9,5.4040633e-8
10,103,-1.8001403e-8,-3.1688472e-8,3.644461e-8
10,104,2.5394014e-8,-2.745091e-8,3.73953e-8
10,105,6.4425403e-9,-2.8942488e-8,2.9650867e-8
10,106,3.220033e-8,-1.9214957e-8,3.7497678e-8
10,107,1.3739341e-8,-3.4115089e-9,1.415655e-8
10,108,-2.0499794e-8,-2.303823e-8,3.0838315e-8
10,109,-4.0741885e-8,-1.4864986e-8,4.3368985e-8
10,110,1.7054514e-8,-2.3281967e-8,2.8860118e-8
10,111,-2.0390626e-8,1.5596341e-9,2.0450186e-8
10,112,1.3573766e-8,-2.2700446e-9,1.3762276e-8
10,113,-3.1943767e-8,9.2219095e-9,3.3248277e-8
10,114,1.7891699e-8,-3.557122e-8,3.981739e-8
10,115,-1.27154625e-8,-1.704496e-8,2.1265315e-8
10,116,-4.9666948e-8,8.839819e-9,5.044748e-8
10,117,2.7845019e-8,4.252761e-8,5.0832497e-8
10,118,-2.631557e-9,-2.4535156e-8,2.467588e-8
10,119,8.015624e-9,2.7747058e-8,2.8881646e-8
10,120,1.0908253e-8,6.0094973e-10,1.0924794e-8
10,121,-1.3408439e-8,2.3796677e-8,2.7314247e-8
10,122,-4.1093347e-8,2.6620535e-8,4.8962395e-8
10,123,3.08256e-8,3.9789636e-8,5.0333217e-8
10,124,-4.4356003e-9,5.0283493e-8,5.047875e-8
10,125,7.329823e-8,8.740953e-9,7.381758e-8
10,126,1.9966638e-8,3.17993e-8,3.754813e-8
10,127,6.453986e-8,-1.3780647e-8,6.59947e-8
10,128,3.3881342e-8,-1.8041499e-8,3.8385426e-8
11,1,-7.626986e-8,6.095543e-8,9.763532e-8
11,2,-8.002454e-8,3.8403854e-8,8.876251e-8
11,3,-6.060957e-8,-2.995087e-8,6.7606024e-8
11,4,2.645634e-8,2.0973228e-8,3.3761136e-8
11,5,-5.1474842e-8,4.8935083e-9,5.1706923e-8
11,6,7.900024e-9,3.5473075e-8,3.6342115e-8
11,7,-1.7375244e-8,-2.6293547e-8,3.1515864e-8
11,8,2.2592976e-9,-4.2481703e-9,4.8115876e-9
11,9,1.1304888e-8,-1.4930862e-9,1.1403061e-8
11,10,3.3783314e-9,-9.906198e-9,1.0466416e-8
11,11,-4.9179892e-8,5.004755e-8,7.016708e-8
11,12,-2.874065e-8,3.2124216e-8,4.310441e-8
11,13,-1.20047e-8,-4.8425677e-9,1.2944624e-8
11,14,3.5576882e-8,-2.5599038e-8,4.3829502e-8
11,15,3.2158263e-9,-5.456527e-9,6.333658e-9
11,16,-9.177632e-9,-5.473084e-8,5.549499e-8
11,17,-5.947472e-9,1.3115523e-8,1.4401019e-8
11,18,1.942554e-9,1.2570701e-8,1.2719907e-8
11,19,-6.416736e-9,-4.5351573e-8,4.5803272e-8
11,20,-5.983634e-8,1.768701e-8,6.239566e-8
11,21,-3.5436628e-8,3.3318523e-9,3.559292e-8
11,22,8.048147e-8,-2.4152682e-8,8.402749e-8
11,23,3.151128e-8,5.3341065e-8,6.195345e-8
11,24,-1.3542667e-8,5.208996e-9,1.450991e-8
11,25,7.000329e-8,-4.223816e-9,7.0130596e-8
11,26,3.744062e-8,-3.4957445e-8,5.1223267e-8
11,27,-5.1740287e-8,-5.6696468e-8,7.6756415e-8
11,28,6.2395117e-10,-5.46979e-9,5.5052625e-9
11,29,-3.7499586e-8,-3.446279e-8,5.093037e-8
11,30,-1.3911608e-8,-2.0721671e-8,2.4958375e-8
11,31,1.2117484e-8,-3.4272652e-8,3.635173e-8
11,32,-4.7023878e-8,-3.9002444e-8,6.1093665e-8
11,33,9.217904e-9,3.5594214e-10,9.224774e-9
11,34,-1.809447e-8,-1.431679e-8,2.3073369e-8
11,35,1.7949825e-8,-5.5724907e-8,5.8544526e-8
11,36,6.77372e-8,3.5576768e-8,7.651166e-8
11,37,2.2187028e-9,-4.2115794e-8,4.2174193e-8
11,38,-6.10574e-9,-5.43555e-8,5.4697352e-8
11,39,1.7892203e-8,-1.4508652e-9,1.7950931e-8
11,40,-6.7459816e-9,3.158839e-8,3.230069e-8
11,41,-2.32592e-8,-7.91999e-8,8.2544624e-8
11,42,-1.5433653e-8,-3.5549184e-9,1.5837774e-8
11,43,7.274691e-8,-5.0411142e-8,8.8506475e-8
11,44,-4.239243e-8,-4.0261067e-8,5.8464277e-8
11,45,-5.6846506e-8,-5.4619697e-8,7.883423e-8
11,46,5.7221687e-8,-4.8830797e-9,5.742966e-8
11,47,6.926601e-8,-2.9535142e-8,7.530009e-8
11,48,-1.7604691e-8,4.0622737e-8,4.4273378e-8
11,49,-3.5791e-8,-4.7021118e-8,5.9092987e-8
11,50,-4.3231253e-8,-2.5610625e-8,5.0247838e-8
11,51,-3.8465195e-8,3.0219969e-9,3.8583725e-8
11,52,-2.1074817e-8,-1.7103072e-9,2.1144102e-8
11,53,5.996735e-8,-2.9980078e-9,6.004224e-8
11,54,4.4429154e-8,1.9900897e-8,4.8682598e-8
11,55,-5.808468e-9,-9.074754e-8,9.093324e-8
11,56,-9.5161035e-8,-6.570816e-8,1.15642486e-7
11,57,-5.107082e-8,6.324959e-10,5.1074736e-8
11,58,1.4011582e-8,-4.361267e-8,4.580818e-8
11,59,-7.099422e-9,-2.6493431e-8,2.7428156e-8
11,60,-7.950233e-9,8.6663485e-9,1.1760604e-8
11,61,1.8092189e-8,-2.289366e-9,1.8236461e-8
11,62,-1.9845157e-8,-1.7989793e-8,2.6785498e-8
11,63,5.1568385e-8,5.0956936e-9,5.1819537e-8
11,64,1.0336716e-7,-3.944984e-9,1.0344241e-7
11,65,-1.8325437e-8,-8.0231985e-8,8.229819e-8
11,66,-4.4247535e-8,-2.9903597e-9,4.4348468e-8
11,67,1.0272187e-8,4.8285564e-8,4.936612e-8
11,68,-2.4329335e-8,-1.542605e-8,2.880763e-8
11,69,-6.3635156e-8,4.216191e-8,7.633518e-8
11,70,-4.703115e-8,1.7773846e-8,5.0277617e-8
11,71,-1.0079891e-8,6.4030414e-10,1.0100207e-8
11,72,2.995848e-8,2.3183429e-8,3.7881154e-8
11,73,2.2268562e-8,4.282094e-9,2.2676534e-8
11,74,-5.5029346e-8,6.795912e-9,5.5447394e-8
11,75,-4.4745825e-8,1.0842767e-8,4.6040793e-8
11,76,-3.484356e-8,1.5218381e-8,3.8022005e-8
11,77,2.2967964e-8,-3.4213816e-9,2.3221395e-8
11,78,-2.2934216e-8,-1.34389815e-8,2.6581658e-8
11,79,1.4068269e-8,1.03335174e-10,1.40686485e-8
11,80,-6.9214835e-8,-7.800413e-9,6.9653e-8
11,81,-4.106481e-8,-1.0458367e-8,4.2375653e-8
11,82,-5.3149996e-8,2.2634657e-8,5.7768936e-8
11,83,-7.182899e-8,7.124574e-8,1.0116996e-7
11,84,-3.676494e-8,3.1512368e-8,4.8422002e-8
11,85,-9.805796e-9,1.3289827e-8,1.6515845e-8
11,86,-1.0811916e-8,9.414996e-9,1.43366545e-8
11,87,4.8798324e-8,-5.630199e-9,4.9122047e-8
11,88,3.6277825e-8,2.0901007e-8,4.1868038e-8
11,89,2.8093774e-8,4.6862898e-8,5.4638736e-8
11,90,-6.341489e-8,-1.7403817e-8,6.575972e-8
11,91,-2.0704215e-8,1.8150825e-8,2.7533924e-8
11,92,5.44639e-8,3.0907312e-8,6.2622505e-8
11,93,4.805153e-8,-6.758922e-9,4.8524555e-8
11,94,-3.8144027e-8,4.479114e-8,5.8832075e-8
11,95,-1.1181197e-8,-7.1280977e-9,1.3260051e-8
11,96,-8.5915475e-10,-3.196197e-8,3.1973517e-8
11,97,3.6395775e-9,-5.156858e-10,3.6759293e-9
11,98,7.276901e-8,1.46619135e-8,7.42314e-8
11,99,-1.107114e-7,3.804599e-8,1.17066264e-7
11,100,-1.07098135e-8,-1.9083851e-8,2.1883634e-8
11,101,-8.923245e-8,-2.5639372e-8,9.284292e-8
11,102,-4.0017802e-8,5.8937214e-8,7.123917e-8
11,103,2.58002e-8,-1.0446475e-9,2.582134e-8
11,104,3.3261113e-8,-7.541635e-9,3.4105394e-8
11,105,-2.0633633e-8,-3.0503395e-9,2.0857886e-8
11,106,-3.629425e-8,1.33020865e-8,3.8655116e-8
11,107,-2.7857087e-8,-3.978981e-8,4.8572073e-8
11,108,-5.295688e-9,1.7949047e-8,1.8713967e-8
11,109,2.6358993e-8,1.43941055e-8,3.0033096e-8
11,110,-3.5140776e-8,-1.5722982e-8,3.8497873e-8
11,111,-5.5310448e-8,2.100947e-8,5.9166236e-8
11,112,3.9158415e-8,1.21530785e-8,4.1000963e-8
11,113,-1.2707813e-8,-8.361452e-9,1.5211915e-8
11,114,4.414721e-9,4.486235e-8,4.5079044e-8
11,115,4.6431006e-9,3.3354024e-8,3.3675647e-8
11,116,-2.3425806e-9,7.3003925e-8,7.30415e-8
11,117,-1.6251994e-8,-3.8749937e-9,1.6707569e-8
11,118,1.979982e-8,-1.4224724e-8,2.437982e-8
11,119,-5.1033123e-8,2.5981844e-10,5.1033783e-8
11,120,-2.1999448e-8,6.860764e-8,7.2048486e-8
11,121,2.4552618e-8,-1.9061817e-9,2.4626502e-8
11,122,-1.3779785e-8,2.4694694e-8,2.8279151e-8
11,123,-2.1201233e-8,-1.739255e-8,2.7422491e-8
11,124,-1.1924393e-8,-1.6257133e-8,2.0161485e-8
11,125,-1.2783549e-8,4.0722686e-8,4.2682036e-8
11,126,8.4597246e-10,3.150867e-8,3.1520024e-8
11,127,3.0772437e-8,-3.87168e-8,4.945638e-8
11,128,-6.4029653e-9,-1.30920625e-8,1.4573952e-8
12,1,2.6358128e-8,6.3286034e-9,2.7107234e-8
12,2,-3.2353897e-10,-1.682134e-8,1.6824451e-8
12,3,-1.7540433e-8,4.3688853e-8,4.7078473e-8
12,4,2.3796e-8,-1.4904334e-8,2.8078261e-8
12,5,4.976262e-9,3.3981323e-8,3.4343753e-8
12,6,3.6191068e-8,-4.6605418e-8,5.9007274e-8
12,7,2.6764251e-8,2.3013522e-9,2.6863011e-8
12,8,5.0749978e-9,-1.6388192e-8,1.7156003e-8
12,9,3.2524735e-8,-4.644498e-8,5.6700923e-8
12,10,-5.8046488e-9,-2.1179739e-8,2.1960767e-8
12,11,4.5105228e-8,-3.519073e-8,5.7208993e-8
12,12,2.4234316e-8,2.0651573e-8,3.1840063e-8
12,13,-1.3533464e-8,-4.20542e-8,4.4178165e-8
12,14,-4.487923e-8,1.5269713e-8,4.7405795e-8
12,15,-1.5809928e-8,1.6647558e-8,2.2958549e-8
12,16,3.217278e-8,1.8028109e-8,3.687954e-8
12,17,3.3455315e-8,-1.8337944e-8,3.815152e-8
12,18,1.0698535e-8,-5.9270068e-8,6.02279e-8
12,19,-3.909028e-8,7.8246964e-9,3.9865725e-8
12,20,2.2827482e-8,-1.32774405e-8,2.6408037e-8
12,21,3.7274823e-8,-2.7631668e-8,4.6399585e-8
12,22,-2.0887308e-8,-6.2053196e-8,6.547426e-8
12,23,8.496004e-9,7.778143e-9,1.15187495e-8
12,24,-2.7235437e-8,-2.4147367e-8,3.6398685e-8
12,25,1.7639443e-9,-5.490155e-9,5.7665677e-9
12,26,3.1580896e-8,-2.7919445e-8,4.2152678e-8
12,27,3.223839e-8,2.7961539e-8,4.267507e-8
12,28,4.029389e-9,-2.0558314e-8,2.094947e-8
12,29,7.922579e-8,1.4827011e-8,8.060128e-8
12,30,3.779442e-8,-2.1495728e-8,4.34797e-8
12,31,-2.6739142e-8,7.319162e-9,2.7722768e-8
12,32,-5.1424617e-8,3.037147e-8,5.9723675e-8
12,33,-2.8019599e-8,1.1693508e-8,3.0361754e-8
12,34,3.0117928e-8,-1.8731168e-8,3.5467536e-8
12,35,3.8204565e-8,-4.0684228e-8,5.581035e-8
12,36,-8.2552035e-8,-2.927583e-8,8.7589456e-8
12,37,2.6138153e-8,2.6053383e-8,3.690504e-8
12,38,3.3231974e-8,5.053722e-8,6.04845e-8
12,39,-5.2330993e-9,2.4995156e-8,2.5537094e-8
12,40,-3.473512e-8,-1.5800408e-8,3.8159946e-8
12,41,-3.1770774e-8,7.8934555e-8,8.508846e-8
12,42,5.371425e-8,2.8223095e-8,6.0677536e-8
12,43,-6.6484076e-9,-3.0800271e-9,7.327202e-9
12,44,1.62101e-9,2.4974835e-8,2.5027386e-8
12,45,7.6174786e-8,3.1575198e-8,8.2459636e-8
12,46,4.7091874e-8,1.1376226e-10,4.7092012e-8
12,47,-3.747422e-8,3.2660527e-8,4.9709428e-8
12,48,-2.8608096e-9,-2.2843427e-8,2.3021867e-8
12,49,1.0229933e-7,1.6606377e-8,1.03638435e-7
12,50,6.11657e-8,2.2030951e-8,6.501235e-8
12,51,-1.0562537e-8,-2.761139e-8,2.9562749e-8
12,52,1.870894e-8,-8.890231e-9,2.071378e-8
12,53,-7.571434e-8,-7.743526e-9,7.610929e-8
12,54,-4.9920164e-8,3.814164e-9,5.0065662e-8
12,55,1.999643e-8,9.7859086e-8,9.988122e-8
12,56,8.3546986e-8,4.6368832e-8,9.555191e-8
12,57,7.897745e-8,2.2621249e-8,8.2153264e-8
12,58,-5.4877916e-8,-4.3910187e-8,7.028293e-8
12,59,-6.171107e-8,6.913955e-8,9.267434e-8
12,60,-6.718955e-8,4.6591015e-8,8.176282e-8
12,61,-1.626414e-9,-1.0589891e-8,1.0714056e-8
12,62,-2.6572287e-8,2.1867077e-8,3.4413013e-8
12,63,-7.492883e-8,-1.563794e-8,7.654329e-8
12,64,-2.6887529e-8,1.2817837e-8,2.978651e-8
12,65,3.363979e-9,8.400948e-9,9.049436e-9
12,66,4.1628294e-8,2.1446557e-8,4.6828085e-8
12,67,1.2347022e-8,-5.748952e-8,5.8800456e-8
12,68,4.0312422e-8,-1.7905304e-9,4.0352166e-8
12,69,8.532982e-8,-9.171302e-8,1.2526954e-7
12,70,6.311609e-8,-9.272852e-9,6.379363e-8
12,71,3.8843773e-8,1.2412422e-10,3.884397e-8
12,72,-3.080578e-9,-4.140373e-8,4.1518174e-8
12,73,-6.2126674e-8,-2.5663729e-8,6.721868e-8
12,74,6.183876e-8,6.378036e-9,6.2166805e-8
12,75,3.473247e-8,-4.22131e-8,5.4665254e-8
12,76,4.3161233e-8,-1.879852e-9,4.320215e-8
12,77,-5.7126755e-8,-3.493589e-8,6.696255e-8
12,78,3.6695365e-8,5.3066266e-8,6.451805e-8
12,79,1.726597e-8,3.001464e-8,3.4626467e-8
12,80,2.7874432e-8,-3.9774517e-9,2.8156776e-8
12,81,4.0849294e-8,-1.7675523e-8,4.4509424e-8
12,82,4.9658844e-8,-1.9569338e-8,5.3375647e-8
12,83,9.248937e-8,-3.717601e-8,9.968119e-8
12,84,3.218798e-8,-5.4180322e-8,6.302042e-8
12,85,-4.2929535e-8,-3.408974e-8,5.4818386e-8
12,86,-3.146792e-8,-3.0734583e-8,4.398687e-8
12,87,-6.240237e-8,-5.6657555e-8,8.428603e-8
12,88,-6.429463e-8,-1.1938113e-9,6.4305716e-8
12,89,-8.748649e-10,-5.5265485e-8,5.527241e-8
12,90,3.4037395e-8,1.3961623e-8,3.678955e-8
12,91,1.0493166e-8,-1.5597427e-8,1.8798572e-8
12,92,-4.0541668e-8,4.0943107e-8,5.7619136e-8
12,93,-8.467821e-8,-4.3821885e-8,9.534546e-8
12,94,-3.5617337e-8,-3.0006994e-8,4.657268e-8
12,95,-2.9043933e-8,4.6313616e-8,5.4667186e-8
12,96,2.1493787e-9,5.1755826e-8,5.1800438e-8
12,97,5.564397e-8,4.944399e-8,7.443762e-8
12,98,-9.021064e-8,-6.0670594e-8,1.0871467e-7
12,99,6.25558e-8,-4.2130228e-8,7.5420054e-8
12,100,-1.7596454e-9,6.125215e-8,6.127742e-8
12,101,-2.1289067e-8,-1.2815384e-8,2.4848712e-8
12,102,9.76434e-9,-1.11669785e-8,1.4833871e-8
12,103,-2.2990802e-8,-2.9223253e-8,3.7183e-8
12,104,7.507086e-9,2.4981417e-9,7.911829e-9
12,105,-3.3560238e-10,-9.785137e-10,1.0344651e-9
12,106,8.60701e-9,-3.7143127e-10,8.615021e-9
12,107,-1.5488911e-8,1.6037664e-8,2.2296032e-8
12,108,2.0518158e-8,-1.6001598e-8,2.6020107e-8
12,109,-4.3930825e-8,-2.731627e-8,5.1730996e-8
12,110,-4.02757e-8,-3.9335185e-10,4.0277623e-8
12,111,1.8954095e-8,-5.8125744e-9,1.982533e-8
12,112,4.26903e-8,4.1357456e-8,5.943821e-8
12,113,-3.9133262e-8,-3.7047737e-8,5.3888282e-8
12,114,1.1614374e-8,1.2102154e-8,1.6773665e-8
12,115,-2.179716e-8,2.1140517e-8,3.0365072e-8
12,116,-2.4882791e-8,-2.9256285e-8,3.8406814e-8
12,117,4.5349463e-8,3.976227e-8,6.0312615e-8
12,118,1.3276857e-8,2.1803816e-8,2.5528049e-8
12,119,5.287511e-8,2.7981362e-9,5.2949094e-8
12,120,-1.0377548e-8,-3.2273643e-8,3.3901056e-8
12,121,-2.1565967e-8,-4.2677318e-8,4.781678e-8
12,122,-6.295992e-8,3.9700947e-8,7.443196e-8
12,123,5.731331e-8,7.9006846e-8,9.760583e-8
12,124,3.6761058e-8,3.0113032e-9,3.6884188e-8
12,125,8.39555e-9,5.6520597e-9,1.0120822e-8
12,126,2.4457956e-8,-1.6803632e-8,2.9674124e-8
12,127,3.4606572e-8,6.1506114e-8,7.0573485e-8
12,128,-4.0041346e-8,-1.1979327e-8,4.17949e-8
13,1,-8.3634745e-8,7.564815e-8,1.1277151e-7
13,2,-4.955104e-8,5.7137417e-8,7.5630616e-8
13,3,-4.4656247e-8,-2.9158105e-8,5.3332688e-8
13,4,1.0573287e-8,1.6942476e-8,1.9971026e-8
13,5,-5.2411696e-8,1.0481869e-8,5.344956e-8
13,6,-1.2536339e-8,3.5338193e-8,3.749597e-8
13,7,-1.48518495e-8,2.1017183e-8,2.5735178e-8
13,8,4.346989e-8,-1.8707096e-8,4.732427e-8
13,9,3.9777238e-8,7.1003e-8,8.138584e-8
13,10,-2.8661724e-8,3.823248e-9,2.8915595e-8
13,11,5.1838134e-10,3.9941558e-10,6.544097e-10
13,12,-4.8252108e-8,3.8219312e-8,6.155471e-8
13,13,5.755037e-8,2.8085827e-8,6.403795e-8
13,14,3.2466756e-9,-2.6704864e-8,2.69015e-8
13,15,-2.8748188e-8,-4.4666336e-8,5.3118168e-8
13,16,3.1704083e-8,-4.7822706e-8,5.737735e-8
13,17,-3.350154e-8,-4.6412026e-8,5.72401e-8
13,18,2.1250368e-9,2.836516e-8,2.8444651e-8
13,19,4.7947108e-8,-2.9735766e-8,5.641933e-8
13,20,-4.3553623e-9,-3.1680244e-8,3.1978228e-8
13,21,4.2721183e-8,-2.2110715e-8,4.8103878e-8
13,22,7.299045e-8,1.1254988e-9,7.299913e-8
13,23,2.4081947e-8,2.2481256e-8,3.2944605e-8
13,24,2.953639e-8,1.9860423e-8,3.559262e-8
13,25,8.841823e-9,-1.6039497e-8,1.8315111e-8
13,26,-3.7952653e-8,-2.020653e-8,4.29966e-8
13,27,-5.3971682e-8,-2.4661666e-8,5.9339197e-8
13,28,1.8271181e-9,-2.902462e-8,2.9082072e-8
13,29,-5.4616883e-8,-1.7081318e-8,5.722565e-8
13,30,-1.7911788e-8,-1.280172e-9,1.7957477e-8
13,31,1.2476253e-8,-4.435749e-8,4.6078668e-8
13,32,-8.4909146e-8,-1.236587e-8,8.5804885e-8
13,33,6.905852e-11,2.5115042e-8,2.5115137e-8
13,34,9.159741e-10,6.415398e-9,6.4804584e-9
13,35,-2.7309344e-8,7.977536e-9,2.8450684e-8
13,36,5.3335754e-8,1.035173e-8,5.4331032e-8
13,37,-1.8207915e-8,-8.3400145e-8,8.536458e-8
13,38,2.882509e-8,-2.688542e-8,3.941715e-8
13,39,2.6225994e-8,-6.1354615e-9,2.6934117e-8
13,40,1.3133784e-9,-5.4943634e-8,5.495933e-8
13,41,-3.333345e-8,-5.4754036e-8,6.4102444e-8
13,42,-1.109864e-8,-1.30113085e-8,1.710187e-8
13,43,5.5144024e-8,-3.1503774e-8,6.350867e-8
13,44,-1.7516056e-8,-3.9956646e-8,4.3627352e-8
13,45,-6.610579e-8,-2.0828306e-8,6.930941e-8
13,46,-1.8789423e-8,3.9177466e-9,1.919352e-8
13,47,3.6356106e-8,-4.967606e-10,3.63595e-8
13,48,2.7780557e-8,5.4425398e-9,2.8308666e-8
13,49,-8.637659e-8,-5.433475e-8,1.02044986e-7
13,50,-4.2120085e-8,-6.503026e-8,7.7479264e-8
13,51,-2.514065e-8,4.608598e-8,5.249733e-8
13,52,1.9246087e-8,2.896328e-8,3.4774754e-8
13,53,8.507869e-8,1.8492042e-8,8.706514e-8
13,54,3.493329e-8,-2.9475624e-9,3.5057422e-8
13,55,1.1163038e-7,-5.7079255e-8,1.2537696e-7
13,56,-1.04698074e-7,-1.0117038e-7,1.4559235e-7
13,57,-2.5597659e-8,-2.6851115e-8,3.709747e-8
13,58,-1.81055e-8,3.2312784e-8,3.7039506e-8
13,59,5.296085e-8,-2.9743372e-8,6.074142e-8
13,60,2.7514806e-8,1.7782606e-8,3.276104e-8
13,61,1.6006448e-8,1.8892235e-8,2.4761318e-8
13,62,3.2671252e-8,1.2789315e-8,3.5085286e-8
13,63,2.2210505e-8,-4.2682125e-8,4.8115176e-8
13,64,1.01752356e-7,-3.8205357e-8,1.086885e-7
13,65,-2.5045164e-8,-1.04655335e-7,1.07610404e-7
13,66,-1.7593479e-8,-3.4999047e-8,3.917223e-8
13,67,-3.8323503e-8,-4.5485766e-9,3.8592493e-8
13,68,-2.6767946e-8,-2.3744784e-8,3.5781806e-8
13,69,-4.4956327e-8,2.3192348e-8,5.0586127e-8
13,70,-4.9573064e-8,5.984589e-8,7.771113e-8
13,71,-4.938864e-8,-2.5304871e-8,5.549391e-8
13,72,5.0311115e-9,2.891545e-8,2.9349877e-8
13,73,8.094294e-8,9.018223e-9,8.144377e-8
13,74,1.1944254e-8,-9.018909e-9,1.4966828e-8
13,75,-5.1396224e-8,-8.346126e-9,5.206947e-8
13,76,-2.985912e-8,-4.8652553e-9,3.0252895e-8
13,77,2.9787195e-8,-1.7766038e-8,3.468298e-8
13,78,-6.4494124e-8,-9.986647e-9,6.526274e-8
13,79,1.5490143e-8,-9.03702e-10,1.551648e-8
13,80,-7.280701e-8,-3.80786e-8,8.21635e-8
13,81,-6.788926e-8,4.030937e-8,7.89544e-8
13,82,-8.761232e-8,-7.0557182e-9,8.789597e-8
13,83,-2.9071826e-8,6.294453e-8,6.9333865e-8
13,84,-2.7145555e-8,2.111525e-8,3.4390915e-8
13,85,-2.3377286e-8,-5.367507e-9,2.398557e-8
13,86,-1.9403533e-8,3.604203e-8,4.093318e-8
13,87,5.960155e-8,8.94754e-9,6.026942e-8
13,88,2.7009486e-8,8.731763e-9,2.8385841e-8
13,89,2.3668987e-8,5.752286e-8,6.220209e-8
13,90,-6.544562e-8,4.695376e-8,8.054678e-8
13,91,-4.9163593e-9,4.0478426e-8,4.0775895e-8
13,92,1.6687423e-8,7.471346e-8,7.655437e-8
13,93,3.0189746e-8,6.70021e-9,3.092432e-8
13,94,1.2015145e-8,2.1708983e-8,2.4812168e-8
13,95,-1.4109611e-8,-3.26591e-8,3.5576647e-8
13,96,1.636268e-8,-2.1367663e-8,2.6913089e-8
13,97,-6.765599e-9,4.962098e-9,8.390217e-9
13,98,4.4250548e-8,-1.27545965e-8,4.6052044e-8
13,99,-7.0539606e-8,-1.6660264e-8,7.248035e-8
13,100,-1.8914179e-8,8.704601e-9,2.0821053e-8
13,101,-2.8409152e-8,1.8867773e-8,3.4103852e-8
13,102,-3.927477e-8,2.4520343e-8,4.63007e-8
13,103,-1.8772204e-9,-4.6383835e-9,5.003854e-9
13,104,-4.1728384e-8,4.1225878e-8,5.8658596e-8
13,105,-5.239916e-8,-2.1739837e-8,5.6729995e-8
13,106,-8.959403e-9,-1.1962414e-8,1.4945577e-8
13,107,-5.2432387e-8,-3.8844583e-8,6.5253786e-8
13,108,4.73774e-9,-1.4444997e-8,1.520211e-8
13,109,8.000061e-9,5.711012e-8,5.766773e-8
13,110,-9.861415e-10,4.3686215e-9,4.478541e-9
13,111,-2.8983393e-8,1.2329009e-8,3.149669e-8
13,112,-4.9394547e-8,-4.1788418e-8,6.4700025e-8
13,113,8.255127e-9,2.2453236e-8,2.3922686e-8
13,114,-3.2306509e-9,3.1472826e-8,3.16382e-8
13,115,2.1666516e-8,2.6026447e-8,3.386464e-8
13,116,2.8799652e-9,1.4558685e-8,1.4840805e-8
13,117,8.385937e-9,-5.0473783e-8,5.1165678e-8
13,118,-1.7713836e-8,1.33132945e-8,2.2159057e-8
13,119,-4.1325414e-8,-9.568036e-8,1.04223425e-7
13,120,-4.9448595e-8,-2.4343242e-8,5.511585e-8
13,121,-2.5940197e-9,3.384679e-8,3.3946044e-8
13,122,6.829801e-8,2.0057191e-8,7.118222e-8
13,123,-4.034031e-8,-1.1180047e-8,4.186089e-8
13,124,1.0165439e-8,2.327288e-9,1.0428443e-8
13,125,1.0364157e-8,1.3334286e-8,1.6888425e-8
13,126,-4.6097473e-9,-3.2202802e-8,3.2531066e-8
13,127,-3.4424772e-8,7.451624e-9,3.5222033e-8
13,128,-3.0550822e-8,-3.208454e-8,4.4303164e-8
14,1,4.4105068e-8,-8.81218e-9,4.497679e-8
14,2,-7.110904e-8,-5.1107705e-8,8.756994e-8
14,3,2.8795553e-9,7.232801e-8,7.2385305e-8
14,4,-7.2158177e-9,2.1190063e-8,2.2384969e-8
14,5,1.2241065e-8,-5.7256965e-8,5.8550864e-8
14,6,1.8004009e-8,2.889533e-9,1.8234411e-8
14,7,-1.3680909e-8,-6.3871655e-9,1.5098449e-8
14,8,1.415161e-8,-1.5228013e-8,2.0788468e-8
14,9,9.103385e-9,-6.944087e-8,7.0035036e-8
14,10,4.3251998e-8,-4.6356043e-8,6.3400456e-8
14,11,2.9162894e-8,1.616102e-8,3.334146e-8
14,12,2.0171242e-9,-2.615049e-8,2.622817e-8
14,13,-2.6960013e-8,1.1795912e-8,2.9427637e-8
14,14,-5.2528057e-9,-1.5467243e-8,1.6334859e-8
14,15,-1.182604e-8,5.705976e-9,1.3130627e-8
14,16,9.611355e-9,5.085677e-8,5.175702e-8
14,17,5.989159e-8,4.276731e-8,7.359379e-8
14,18,1.3419959e-8,-1.9271681e-8,2.3483889e-8
14,19,-1.7454248e-8,3.104082e-8,3.561156e-8
14,20,-2.6159023e-8,1.5563293e-8,3.0438635e-8
14,21,3.5417592e-8,-5.1989616e-8,6.290728e-8
14,22,-5.433405e-8,2.3260371e-8,5.9103584e-8
14,23,-2.4710893e-8,-3.3629405e-8,4.1732065e-8
14,24,-3.2787945e-8,-2.6329419e-8,4.2051013e-8
14,25,-4.1296e-8,-3.27935e-8,5.273304e-8
14,26,3.6598397e-8,-1.2813162e-9,3.662082e-8
14,27,2.5242048e-8,-2.3466043e-8,3.446471e-8
14,28,-1.9709601e-8,2.5874505e-9,1.9878714e-8
14,29,3.195683e-8,5.4466398e-8,6.3149244e-8
14,30,2.005564e-8,-1.9608633e-8,2.8048659e-8
14,31,-3.8491876e-8,2.3864935e-8,4.528973e-8
14,32,6.125868e-8,3.606746e-8,7.108789e-8
14,33,3.7952166e-9,7.448884e-8,7.458546e-8
14,34,1.7910729e-8,-1.5964885e-8,2.3993161e-8
14,35,5.918899e-8,-9.540024e-8,1.1226995e-7
14,36,-6.399882e-8,-8.814267e-8,1.08926486e-7
14,37,-2.907586e-9,6.6725434e-8,6.678875e-8
14,38,3.848881e-8,3.899515e-8,5.4790604e-8
14,39,-6.97553e-8,-4.0678188e-8,8.074972e-8
14,40,-5.9940305e-8,1.1647768e-8,6.1061534e-8
14,41,3.3163836e-8,4.7137448e-8,5.7634878e-8
14,42,4.9372378e-8,3.1774956e-8,5.871354e-8
14,43,3.8288505e-8,5.769078e-8,6.924042e-8
14,44,4.0664244e-8,5.837117e-8,7.113912e-8
14,45,3.788188e-8,3.1585305e-8,4.9322086e-8
14,46,5.7138145e-8,-9.933785e-9,5.7995237e-8
14,47,-6.3002595e-8,3.702374e-8,7.307588e-8
14,48,-3.922624e-10,5.527745e-9,5.5416454e-9
14,49,1.3821638e-9,-2.4272339e-8,2.431166e-8
14,50,5.124942e-8,-6.5626e-9,5.166789e-8
14,51,8.962413e-9,-5.0739213e-9,1.0299006e-8
14,52,-8.445913e-8,-4.573339e-8,9.604628e-8
14,53,-3.3192176e-8,-3.659499e-8,4.9405607e-8
14,54,-6.5869656e-8,4.0315904e-8,7.722813e-8
14,55,-9.587581e-9,1.06391134e-7,1.0682226e-7
14,56,1.07299805e-7,1.0219876e-8,1.07785404e-7
14,57,4.968452e-8,3.029018e-8,5.8189745e-8
14,58,5.984496e-8,-1.3633074e-8,6.137817e-8
14,59,-2.7755352e-8,4.865745e-8,5.6017026e-8
14,60,7.3186337e-9,4.1681214e-9,8.4223295e-9
14,61,1.6338287e-8,-8.475516e-9,1.8405814e-8
14,62,-2.7499796e-9,-5.3671112e-8,5.3741516e-8
14,63,-6.0504576e-8,6.1514314e-8,8.6283336e-8
14,64,-1.7534353e-8,4.18378e-8,4.536359e-8
14,65,-2.5471481e-8,8.176188e-8,8.5637616e-8
14,66,6.442883e-8,8.02479e-9,6.492667e-8
14,67,-5.425579e-8,-9.3025356e-8,1.07691264e-7
14,68,3.2261006e-8,-4.455604e-8,5.500921e-8
14,69,7.17545e-8,1.07362235e-8,7.2553256e-8
14,70,7.969389e-8,-7.4165364e-8,1.0886514e-7
14,71,3.007254e-8,2.7785362e-8,4.0943668e-8
14,72,-4.620371e-8,-5.2443873e-8,6.9893794e-8
14,73,-5.0435457e-8,2.6929545e-8,5.7174606e-8
14,74,-1.6007796e-8,6.9403164e-8,7.122534e-8
14,75,5.0761237e-8,6.8981706e-8,8.564566e-8
14,76,2.590335e-8,1.2945242e-8,2.895795e-8
14,77,-4.4426227e-9,2.4788347e-9,5.0873883e-9
14,78,3.5408434e-8,1.9995461e-8,4.066418e-8
14,79,1.8371308e-8,1.993607e-8,2.7109996e-8
14,80,4.421363e-8,2.7682413e-8,5.2164747e-8
14,81,4.2327184e-8,-2.4764915e-8,4.903969e-8
14,82,9.0603734e-8,-1.681413e-8,9.21507e-8
14,83,6.9680894e-8,-4.0066453e-8,8.0378776e-8
14,84,4.5600796e-8,2.3500696e-8,5.1300248e-8
14,85,2.1401458e-9,-1.4651127e-8,1.4806612e-8
14,86,-3.738724e-8,-1.767026e-8,4.1352678e-8
14,87,-3.1433274e-8,2.7230868e-8,4.158811e-8
14,88,-7.924621e-8,6.1406045e-9,7.948377e-8
14,89,-2.2624937e-8,-2.9144495e-8,3.6895656e-8
14,90,1.704102e-8,-4.8148387e-9,1.7708162e-8
14,91,-4.1303892e-8,1.6819987e-8,4.4597346e-8
14,92,-2.949502e-8,6.3243405e-10,2.95018e-8
14,93,-3.1230712e-8,-3.8381327e-8,4.9482153e-8
14,94,-3.8429867e-8,-4.324319e-8,5.785178e-8
14,95,-1.0705775e-8,3.3788343e-8,3.544384e-8
14,96,1.1252077e-8,1.6094152e-8,1.9637488e-8
14,97,4.3404047e-8,-4.2691514e-8,6.0880836e-8
14,98,-1.0853573e-7,-1.6450883e-8,1.0977539e-7
14,99,-2.589601e-8,-4.8808133e-8,5.5252485e-8
14,100,-4.325686e-8,-4.746075e-9,4.3516447e-8
14,101,-3.219051e-9,-1.6930633e-8,1.7233939e-8
14,102,3.275179e-8,-2.7608058e-8,4.2835552e-8
14,103,-6.132921e-8,8.340476e-8,1.0352596e-7
14,104,3.449307e-8,7.943473e-9,3.5395914e-8
14,105,1.8056316e-8,-1.2892052e-8,2.2186383e-8
14,106,1.3708557e-8,-9.514553e-9,1.6686858e-8
14,107,5.246653e-8,-1.6305012e-8,5.4941697e-8
14,108,3.1519164e-8,-2.5512699e-9,3.162225e-8
14,109,-2.4918606e-8,-2.0909216e-8,3.2528945e-8
14,110,8.605576e-10,1.9276492e-8,1.929569e-8
14,111,5.2467055e-8,-5.8455725e-9,5.279169e-8
14,112,-1.949659e-8,3.0724586e-8,3.638842e-8
14,113,-1.971582e-8,1.880692e-8,2.7247271e-8
14,114,2.7063457e-8,3.031161e-8,4.063526e-8
14,115,-1.6025705e-9,2.3136295e-8,2.3191731e-8
14,116,-1.0575196e-8,1.819347e-8,2.1043695e-8
14,117,-2.8591518e-8,2.8560073e-8,4.0412285e-8
14,118,1.5183279e-8,2.2260345e-8,2.6945406e-8
14,119,5.1417018e-8,4.0789875e-8,6.5631724e-8
14,120,-3.584325e-9,-2.578253e-10,3.5935859e-9
14,121,-4.4893625e-8,-2.2484793e-8,5.0209596e-8
14,122,-4.6279354e-8,-6.173684e-8,7.715709e-8
14,123,-3.4037633e-9,3.1963005e-8,3.2143728e-8
14,124,8.476807e-9,-1.0794342e-8,1.3724944e-8
14,125,-2.9544864e-10,-5.8042215e-8,5.8042968e-8
14,126,-4.776457e-8,2.7612405e-8,5.517154e-8
14,127,5.083495e-8,1.1008572e-9,5.0846868e-8
14,128,-5.3869954e-8,-1.2193722e-8,5.5232768e-8
15,1,-6.7948775e-8,-4.30042e-8,8.041391e-8
15,2,-2.5104983e-8,1.4151604e-7,1.437256e-7
15,3,-1.1690864e-7,2.500406e-10,1.1690891e-7
15,4,-2.2456689e-8,9.2492904e-8,9.518004e-8
15,5,-3.2449094e-8,5.1193254e-8,6.0610994e-8
15,6,1.4066485e-8,-6.705436e-9,1.5582968e-8
15,7,-1.7653267e-8,4.429331e-8,4.76816e-8
15,8,3.4264335e-8,4.0498488e-8,5.3048772e-8
15,9,3.2119218e-8,3.819667e-8,4.990621e-8
15,10,-1.780545e-8,-4.4403404e-8,4.784032e-8
15,11,-6.07574e-8,8.813205e-8,1.0704541e-7
15,12,-1.834672e-8,-2.6901235e-8,3.2561918e-8
15,13,2.4565038e-8,2.5931084e-9,2.4701524e-8
15,14,-1.5084574e-8,-7.924625e-8,8.066915e-8
15,15,1.7977795e-8,-4.110658e-9,1.8441764e-8
15,16,3.394308e-8,3.1178352e-8,4.6089287e-8
15,17,-2.7918767e-9,1.3513221e-8,1.3798613e-8
15,18,-5.3066636e-8,2.8010787e-8,6.00056e-8
15,19,1.29887825e-8,-1.6893294e-8,2.130943e-8
15,20,-4.3940457e-8,-2.7674975e-8,5.192945e-8
15,21,-3.5213116e-8,1.0478496e-8,3.6739113e-8
15,22,8.053333e-8,2.9938626e-8,8.591821e-8
15,23,-1.9228011e-8,-3.275622e-8,3.7982712e-8
15,24,1.45523344e-8,2.1586356e-8,2.6033463e-8
15,25,1.3329875e-8,2.1540533e-8,2.5331406e-8
15,26,2.8146498e-8,1.1711596e-8,3.0485847e-8
15,27,-7.6265614e-8,4.2432582e-8,8.727524e-8
15,28,3.436745e-8,-4.1555648e-8,5.3925813e-8
15,29,1.1183406e-8,1.00236415e-8,1.5018054e-8
15,30,-1.6370004e-8,-2.094374e-8,2.6582272e-8
15,31,-2.4336925e-8,1.1967016e-8,2.7120018e-8
15,32,-2.9577713e-8,-2.6189767e-8,3.9506265e-8
15,33,6.053302e-8,-2.0998119e-8,6.407158e-8
15,34,-4.902782e-8,-3.0382513e-8,5.7678626e-8
15,35,6.279963e-8,3.2464328e-8,7.06946e-8
15,36,5.5105733e-8,5.42007e-8,7.729397e-8
15,37,-4.96109e-8,-4.3068745e-8,6.569748e-8
15,38,-1.2305452e-8,-1.8680968e-8,2.2369683e-8
15,39,1.1603808e-8,-2.5040395e-8,2.7598364e-8
15,40,9.878001e-9,1.6367663e-8,1.9117408e-8
15,41,1.3461046e-9,-3.190451e-8,3.1932895e-8
15,42,-5.626793e-8,-9.624537e-8,1.1148655e-7
15,43,-2.8555236e-8,-8.290665e-9,2.9734435e-8
15,44,-1.6380387e-8,-6.67226e-8,6.8703876e-8
15,45,-1.8526976e-8,-5.9313855e-8,6.2140025e-8
15,46,-4.772264e-8,1.7766782e-8,5.0922576e-8
15,47,2.4556169e-8,-1.9370429e-8,3.1276493e-8
15,48,3.0516144e-8,1.5443764e-8,3.4201534e-8
15,49,-7.3843005e-8,3.5252953e-8,8.18264e-8
15,50,-1.4506171e-8,-6.76318e-8,6.917001e-8
15,51,-2.0063224e-8,-1.0399022e-8,2.2598067e-8
15,52,3.972501e-8,4.6777966e-8,6.136982e-8
15,53,6.4102636e-8,3.9003567e-8,7.503616e-8
15,54,-2.1036412e-8,1.1826664e-8,2.4132978e-8
15,55,4.983747e-9,-9.547816e-8,9.560814e-8
15,56,-9.133873e-8,-5.6813416e-8,1.07566386e-7
15,57,-6.523704e-8,7.793691e-9,6.570094e-8
15,58,1.3846944e-8,6.224235e-9,1.5181534e-8
15,59,9.1684164e-8,-7.1592585e-9,9.196326e-8
15,60,-3.1862854e-8,3.3460494e-9,3.2038063e-8
15,61,2.45088e-8,7.1147186e-9,2.552059e-8
15,62,-3.4022374e-8,5.0759525e-8,6.110688e-8
15,63,-1.4558325e-8,-2.2887946e-8,2.7125687e-8
15,64,5.8407416e-8,-6.594849e-8,8.809444e-8
15,65,-1.572698e-8,2.7689067e-9,1.5968869e-8
15,66,-3.2941855e-8,-7.251008e-8,7.9642184e-8
15,67,5.3743012e-8,-1.3369282e-8,5.5380944e-8
15,68,1.3550948e-8,-3.643565e-8,3.887396e-8
15,69,-1.2179788e-7,1.2943439e-8,1.224837e-7
15,70,-8.0706975e-8,1.2796993e-8,8.171523e-8
15,71,-5.3380973e-8,5.792748e-9,5.3694357e-8
15,72,4.408473e-8,3.129443e-8,5.406297e-8
15,73,6.738254e-8,-7.117004e-9,6.775735e-8
15,74,-5.478312e-8,3.2723207e-8,6.381221e-8
15,75,-1.202972e-8,-1.1313717e-8,1.6514067e-8
15,76,-5.6562754e-8,3.6208707e-8,6.7159625e-8
15,77,1.9275952e-8,7.323808e-9,2.0620389e-8
15,78,-3.557817e-8,1.8810216e-8,4.0244633e-8
15,79,-3.078817e-9,-7.104899e-8,7.1115664e-8
15,80,-6.691581e-10,-5.3045834e-8,5.3050055e-8
15,81,-4.940205e-8,5.754247e-8,7.583995e-8
15,82,-6.3029674e-8,1.0622326e-7,1.2351568e-7
15,83,-3.0355082e-8,4.3250456e-8,5.283969e-8
15,84,-5.207512e-8,4.503059e-8,6.884455e-8
15,85,3.0603346e-8,4.0827906e-8,5.1024333e-8
15,86,4.401269e-8,-5.7080324e-8,7.2078294e-8
15,87,1.0308109e-8,9.682613e-8,9.737328e-8
15,88,1.5004662e-8,-2.7062176e-8,3.0943518e-8
15,89,6.204511e-9,8.187001e-8,8.210478e-8
15,90,3.1815535e-8,-5.8084833e-8,6.622746e-8
15,91,7.818432e-8,3.0274546e-8,8.384114e-8
15,92,2.4540622e-8,-2.1496913e-8,3.262452e-8
15,93,4.3174047e-9,3.4876052e-8,3.5142268e-8
15,94,3.161367e-8,2.5831142e-8,4.0824894e-8
15,95,1.6779447e-8,-8.372894e-9,1.8752472e-8
15,96,3.453311e-8,-4.8347026e-8,5.9413555e-8
15,97,-1.0265751e-8,4.3419646e-9,1.11462235e-8
15,98,4.7107136e-8,5.9982947e-9,4.748749e-8
15,99,-4.4441453e-8,-2.683582e-9,4.45224e-8
15,100,4.0395648e-8,-2.494963e-8,4.747939e-8
15,101,2.5973712e-8,1.1709361e-8,2.8491101e-8
15,102,-3.4877797e-8,7.3689277e-9,3.5647744e-8
15,103,3.6296463e-8,-3.5317427e-8,5.06434e-8
15,104,5.9929404e-9,2.4218156e-8,2.4948635e-8
15,105,2.4954e-8,2.6495394e-8,3.639654e-8
15,106,-4.8161883e-8,4.295505e-8,6.453451e-8
15,107,2.6460057e-8,2.8021235e-8,3.8539905e-8
15,108,-4.761735e-8,2.5340379e-8,5.3940212e-8
15,109,-2.537576e-8,-1.09055165e-8,2.7619912e-8
15,110,1.1144356e-8,2.6504903e-8,2.8752504e-8
15,111,1.2108902e-8,7.8876505e-9,1.4451317e-8
15,112,5.0597575e-9,-6.2132326e-9,8.012828e-9
15,113,1.2214127e-9,-2.1599375e-8,2.1633882e-8
15,114,-8.41134e-9,7.207887e-8,7.256799e-8
15,115,1.1442769e-8,1.9250773e-8,2.2394849e-8
15,116,4.181534e-9,1.9467358e-8,1.9911385e-8
15,117,3.368472e-8,-6.356034e-8,7.193454e-8
15,118,4.4195172e-8,1.0537277e-8,4.543399e-8
15,119,-6.574722e-8,4.120102e-8,7.759009e-8
15,120,7.88311e-9,5.036373e-8,5.0976944e-8
15,121,2.9337228e-8,-2.115725e-8,3.617046e-8
15,122,-4.089794e-8,8.7385725e-9,4.18211e-8
15,123,-1.4823933e-8,-1.0542273e-7,1.0645986e-7
15,124,-7.685345e-9,2.8527117e-8,2.954422e-8
15,125,1.9330908e-8,3.4969617e-8,3.995695e-8
15,126,9.473659e-8,2.2044548e-8,9.726759e-8
15,127,5.186898e-8,8.814899e-9,5.2612673e-8
15,128,1.7657423e-10,7.3079285e-8,7.30795e-8
16,1,2.9277379e-8,-1.7583156e-8,3.4151608e-8
16,2,2.3161617e-8,-3.2653753e-9,2.3390664e-8
16,3,-1.0220804e-8,2.9637953e-8,3.1350805e-8
16,4,1.4873099e-8,-1.1551e-8,1.8831747e-8
16,5,5.6544426e-8,-6.97885e-8,8.982041e-8
16,6,1.9548434e-8,-1.2521744e-8,2.321498e-8
16,7,1.2621981e-8,2.3546917e-8,2.6716506e-8
16,8,-6.446054e-8,2.0476122e-8,6.763455e-8
16,9,2.6747793e-8,-8.48002e-8,8.8918604e-8
16,10,4.4249372e-8,4.920873e-9,4.452215e-8
16,11,7.018692e-8,1.17390675e-8,7.116186e-8
16,12,1.2329715e-8,-4.121931e-8,4.3023867e-8
16,13,-1.3560047e-8,2.1763405e-8,2.5642166e-8
16,14,-5.673148e-8,2.4923166e-8,6.1964705e-8
16,15,-7.966469e-8,-7.173572e-9,7.998702e-8
16,16,-4.844141e-8,2.2062657e-8,5.3229044e-8
16,17,-8.9163565e-9,9.993741e-9,1.3393143e-8
16,18,5.040671e-8,-6.174426e-8,7.97069e-8
16,19,-1.8253713e-8,-3.5085474e-8,3.9549825e-8
16,20,7.985881e-9,1.861592e-8,2.0256524e-8
16,21,-1.049411e-8,6.064266e-8,6.154396e-8
16,22,-5.648269e-8,2.2881718e-8,6.094151e-8
16,23,-9.208267e-9,-7.3750814e-9,1.1797627e-8
16,24,-4.7960347e-9,-4.2000618e-8,4.227356e-8
16,25,2.5130499e-8,6.818983e-10,2.5139748e-8
16,26,1.3488387e-8,6.809456e-8,6.941762e-8
16,27,2.5276945e-8,-1.4175987e-8,2.8980727e-8
16,28,2.144929e-8,-1.4873919e-8,2.610183e-8
16,29,3.9216342e-8,-1.524344e-8,4.2074742e-8
16,30,4.0136992e-8,-7.5082546e-8,8.5137344e-8
16,31,2.7803165e-10,4.3939e-8,4.393988e-8
16,32,1.10347225e-8,4.9270774e-8,5.049133e-8
16,33,-1.8807066e-8,1.01863895e-8,2.1388507e-8
16,34,2.7004287e-8,1.5238744e-8,3.100727e-8
16,35,-8.0035525e-9,-2.0668196e-9,8.266111e-9
16,36,-3.2126977e-8,-1.04005515e-8,3.3768536e-8
16,37,-7.725894e-9,-7.2127007e-9,1.0569413e-8
16,38,-8.6048555e-9,4.9116892e-8,4.9864944e-8
16,39,-8.482885e-8,-3.0847738e-9,8.488492e-8
16,40,-8.278817e-8,-3.7644337e-8,9.0944916e-8
16,41,7.403875e-9,8.226869e-8,8.260118e-8
16,42,1.3090502e-10,2.9693409e-8,2.9693696e-8
16,43,2.6367633e-8,2.992494e-8,3.988426e-8
16,44,1.6116317e-8,-2.173475e-8,2.7057995e-8
16,45,6.837188e-8,1.0447974e-8,6.916556e-8
16,46,6.017327e-8,-9.9789075e-9,6.099509e-8
16,47,-4.9073304e-8,1.0500027e-8,5.018406e-8
16,48,2.8359981e-8,-1.0889801e-8,3.0378878e-8
16,49,4.282147e-8,2.0248288e-8,4.7367408e-8
16,50,2.6409694e-8,8.1071576e-8,8.5264716e-8
16,51,6.71524e-8,-3.416919e-8,7.5345724e-8
16,52,-7.1254696e-8,-2.8413174e-8,7.6710755e-8
16,53,-6.307781e-8,5.4591816e-8,8.342108e-8
16,54,-8.242138e-8,6.1243277e-9,8.2648604e-8
16,55,1.5056864e-8,2.8465946e-8,3.2202784e-8
16,56,9.0826354e-8,1.0809797e-7,1.4118994e-7
16,57,7.028115e-8,3.5694374e-8,7.882594e-8
16,58,-1.1739294e-8,-1.1180863e-8,1.6211809e-8
16,59,9.000375e-9,3.3209844e-8,3.4407854e-8
16,60,-7.3757938e-9,7.0781056e-8,7.1164315e-8
16,61,-4.0317722e-8,5.3903104e-8,6.7313174e-8
16,62,-5.501422e-8,-5.2292684e-8,7.590184e-8
16,63,-3.692201e-8,4.4445365e-8,5.7780838e-8
16,64,-7.433329e-8,3.6514937e-8,8.281775e-8
16,65,6.9679267e-9,1.666675e-9,7.1644823e-9
16,66,1.03437205e-8,-1.8336042e-8,2.1052387e-8
16,67,2.8219982e-10,-7.239424e-9,7.2449224e-9
16,68,1.3808173e-8,-1.102772e-8,1.767134e-8
16,69,1.12510094e-7,9.483917e-10,1.12514094e-7
16,70,6.026039e-8,-5.2260706e-8,7.976526e-8
16,71,4.3909893e-8,2.3838034e-8,4.996329e-8
16,72,1.0299878e-8,-4.4070408e-8,4.525802e-8
16,73,-1.0069178e-7,5.3034526e-8,1.1380464e-7
16,74,7.32287e-9,5.3904547e-9,9.092933e-9
16,75,9.811589e-8,9.543257e-9,9.857891e-8
16,76,5.938571e-8,5.634731e-9,5.965243e-8
16,77,-2.46429e-8,-3.0387376e-8,3.9123716e-8
16,78,2.1632449e-8,5.451812e-8,5.8653118e-8
16,79,1.2386275e-8,5.8610144e-8,5.9904664e-8
16,80,8.151232e-8,1.15328945e-7,1.4122685e-7
16,81,7.390339e-8,-1.610063e-8,7.5636905e-8
16,82,-1.9618454e-8,-3.8167116e-8,4.2914014e-8
16,83,-2.1356543e-8,-4.445491e-8,4.931877e-8
16,84,6.194708e-8,-4.6157922e-8,7.725279e-8
16,85,-9.47263e-10,-3.9891283e-8,3.9902528e-8
16,86,-2.1170548e-8,-3.1695382e-8,3.8115473e-8
16,87,-7.712213e-8,-3.7677527e-8,8.583367e-8
16,88,-8.957563e-8,-3.945085e-8,9.7878306e-8
16,89,-5.5126016e-8,-6.038106e-8,8.176032e-8
16,90,5.848982e-8,2.0217257e-8,6.188535e-8
16,91,-1.37725e-8,2.8845454e-8,3.19647e-8
16,92,-4.806022e-8,2.2034534e-8,5.2870647e-8
16,93,-7.813885e-8,-4.0533347e-8,8.802631e-8
16,94,-7.3410874e-8,-6.509169e-8,9.8112615e-8
16,95,-2.299019e-9,1.1884657e-8,1.2104981e-8
16,96,3.8696055e-9,5.1262464e-8,5.1408307e-8
16,97,-2.4520508e-8,3.1687254e-8,4.0066663e-8
16,98,-1.0955397e-7,1.7964406e-10,1.0955412e-7
16,99,7.0805925e-8,1.1511948e-8,7.1735656e-8
16,100,-1.6055225e-8,-4.2467004e-8,4.5400625e-8
16,101,1.4040862e-8,6.806349e-8,6.949665e-8
16,102,4.8336027e-8,3.7493034e-8,6.11727e-8
16,103,-8.211475e-9,4.198232e-8,4.277784e-8
16,104,6.273027e-8,2.9271874e-8,6.9223766e-8
16,105,5.5665637e-8,-1.2211293e-8,5.6989286e-8
16,106,7.165739e-8,4.7858293e-8,8.6169585e-8
16,107,-7.828087e-9,6.9610526e-9,1.0475457e-8
16,108,-1.5335983e-8,2.7024882e-8,3.1073085e-8
16,109,4.2406e-9,-2.2398423e-8,2.2796316e-8
16,110,1.9154665e-8,-4.8623072e-8,5.2259967e-8
16,111,-2.5029948e-8,4.941101e-8,5.5389044e-8
16,112,2.8489849e-8,-2.4927086e-8,3.7855397e-8
16,113,-2.0136833e-8,3.9002916e-8,4.3894413e-8
16,114,6.888081e-8,5.309681e-10,6.8882855e-8
16,115,-4.1425405e-8,-6.117953e-8,7.388504e-8
16,116,2.5776934e-8,4.7002873e-9,2.6201967e-8
16,117,3.4628968e-8,2.2484624e-8,4.12883e-8
16,118,1.9263393e-8,1.0946468e-8,2.215634e-8
16,119,-2.6624852e-8,2.0231381e-8,3.343937e-8
16,120,1.246829e-8,-2.195138e-8,2.5245225e-8
16,121,-1.7921832e-9,-4.1024137e-8,4.1063267e-8
16,122,-5.0042747e-8,9.816251e-9,5.0996423e-8
16,123,2.5417325e-8,-1.4525061e-8,2.9274867e-8
16,124,4.7138332e-8,-4.003815e-8,6.1847196e-8
16,125,9.4837574e-8,-8.272904e-9,9.519772e-8
16,126,-6.907429e-8,6.966471e-8,9.8104174e-8
16,127,6.373324e-9,1.2391453e-8,1.3934395e-8
16,128,-2.2351047e-8,3.081724e-8,3.80693e-8
17,1,-6.5380675e-8,4.5366537e-8,7.957861e-8
17,2,5.932059e-9,2.6068578e-8,2.6734998e-8
17,3,-2.574127e-8,-3.7281882e-8,4.5305097e-8
17,4,-4.4771187e-9,2.9668836e-9,5.3709392e-9
17,5,-1.4756812e-9,2.2443341e-8,2.2491804e-8
17,6,-4.0636227e-8,4.110404e-8,5.7800044e-8
17,7,-1.33661e-7,5.2996054e-8,1.4378402e-7
17,8,3.3017955e-8,-1.2069671e-8,3.5154834e-8
17,9,6.1166157e-9,9.1154924e-8,9.135991e-8
17,10,-2.654316e-8,5.285036e-8,5.9141357e-8
17,11,-2.8669882e-8,3.2182662e-8,4.310088e-8
17,12,-1.0078805e-8,-6.2464025e-8,6.3271926e-8
17,13,2.8794839e-8,8.081806e-8,8.579453e-8
17,14,3.498351e-8,-3.176447e-8,4.7252804e-8
17,15,1.961327e-8,2.739093e-8,3.368892e-8
17,16,5.1724122e-8,-6.76471e-8,8.5155826e-8
17,17,1.0276112e-7,2.8103944e-8,1.0653488e-7
17,18,-3.2615958e-8,-3.952577e-9,3.2854583e-8
17,19,1.0020452e-8,3.6383558e-9,1.0660539e-8
17,20,-1.941379e-8,6.9136924e-8,7.181093e-8
17,21,-5.2801035e-8,3.4692526e-8,6.317848e-8
17,22,1.3847693e-8,-3.752279e-8,3.999648e-8
17,23,1.6254528e-8,3.2509448e-8,3.634658e-8
17,24,4.0623494e-8,3.0205168e-8,5.0622333e-8
17,25,1.995063e-8,-5.448486e-9,2.0681238e-8
17,26,-7.600461e-8,1.20115e-8,7.6947885e-8
17,27,7.500128e-9,4.9198544e-8,4.9766943e-8
17,28,-8.673469e-9,4.3428475e-8,4.4286132e-8
17,29,-4.3112628e-8,-2.8689486e-9,4.320798e-8
17,30,2.1246276e-8,-5.358217e-9,2.191152e-8
17,31,2.5352822e-8,-6.191608e-8,6.6905656e-8
17,32,-1.0007552e-7,-5.8885433e-8,1.1611461e-7
17,33,-3.5150375e-8,-7.2583908e-9,3.5891965e-8
17,34,-4.1431424e-12,-5.030039e-9,5.030041e-9
17,35,-3.0800223e-8,1.1621915e-8,3.2919942e-8
17,36,5.2346376e-8,2.179362e-8,5.6701897e-8
17,37,-1.9106674e-8,-4.687576e-8,5.062017e-8
17,38,-2.3234167e-8,-5.2192032e-8,5.712998e-8
17,39,-1.4837551e-8,1.3398016e-8,1.9991491e-8
17,40,7.012235e-8,-6.333627e-8,9.449141e-8
17,41,-1.15023076e-8,-5.082182e-8,5.2107204e-8
17,42,-3.7055987e-8,-4.770476e-8,6.0406045e-8
17,43,1.3801772e-8,-2.8904491e-8,3.2030588e-8
17,44,-1.9040304e-8,-7.786312e-8,8.0157335e-8
17,45,-9.8408776e-8,-6.513336e-8,1.18011194e-7
17,46,-6.028817e-8,4.8214646e-9,6.048066e-8
17,47,3.12714e-8,3.838984e-8,4.9514444e-8
17,48,2.1157794e-8,-1.9841421e-8,2.9005761e-8
17,49,-4.8847873e-8,-1.859129e-8,5.2266152e-8
17,50,-6.285623e-8,1.3346241e-8,6.425751e-8
17,51,-1.6643178e-8,-9.283983e-9,1.9057484e-8
17,52,1.6673009e-7,3.8449443e-8,1.7110605e-7
17,53,9.8883504e-8,1.8437184e-9,9.890069e-8
17,54,1.0693783e-7,2.1042922e-8,1.0898855e-7
17,55,-2.4257757e-8,-8.370962e-8,8.715354e-8
17,56,-1.028995e-7,-1.1451778e-7,1.5395658e-7
17,57,-9.682955e-8,-8.0322245e-8,1.2580789e-7
17,58,3.205107e-8,7.1644237e-9,3.2842046e-8
17,59,4.940751e-8,-5.6330563e-8,7.4928195e-8
17,60,1.0415007e-7,-3.6037576e-8,1.1020864e-7
17,61,9.224059e-8,-6.81151e-8,1.146647e-7
17,62,-6.0311574e-9,-2.374859e-8,2.4502457e-8
17,63,5.0114885e-8,7.494458e-9,5.0672167e-8
17,64,4.7669033e-8,-1.2915525e-7,1.376714e-7
17,65,1.6590931e-8,-6.3491676e-8,6.562356e-8
17,66,-4.420709e-8,2.3538728e-8,5.008332e-8
17,67,5.1576613e-8,3.713856e-8,6.355643e-8
17,68,1.6668323e-9,3.2479576e-8,3.252232e-8
17,69,-9.904869e-8,7.090574e-8,1.2181243e-7
17,70,-5.973878e-8,-7.787598e-9,6.024424e-8
17,71,5.7712516e-8,-9.816396e-9,5.8541406e-8
17,72,6.756113e-10,5.0696833e-8,5.0701335e-8
17,73,8.3030365e-8,-6.974113e-8,1.08433696e-7
17,74,-9.453408e-9,-2.1104016e-8,2.3124585e-8
17,75,-6.231434e-8,1.498182e-8,6.409003e-8
17,76,-5.3744696e-8,5.59744e-9,5.4035393e-8
17,77,5.1511545e-8,-3.450045e-8,6.1997746e-8
17,78,-4.372111e-9,8.934683e-9,9.947056e-9
17,79,6.527186e-8,-2.6806275e-8,7.0561974e-8
17,80,-1.0617939e-7,-2.5613026e-8,1.09224956e-7
17,81,-1.1726966e-7,-3.9007574e-8,1.2358707e-7
17,82,-8.538189e-8,6.6626775e-8,1.0830141e-7
17,83,-8.273368e-8,2.481997e-8,8.637646e-8
17,84,-3.548543e-8,4.448669e-8,5.69059e-8
17,85,8.3639065e-8,-1.4198336e-9,8.3651116e-8
17,86,-3.0776715e-8,3.7970995e-8,4.8877425e-8
17,87,7.280163e-8,-1.9363238e-9,7.2827376e-8
17,88,6.0535065e-8,3.2026293e-8,6.848487e-8
17,89,8.729437e-8,-1.4111169e-8,8.842755e-8
17,90,-2.4654977e-8,7.284662e-8,7.690577e-8
17,91,4.059141e-8,-1.4216288e-8,4.30089e-8
17,92,4.2702293e-8,-8.298232e-8,9.332498e-8
17,93,2.1432035e-8,1.5900543e-8,2.6686315e-8
17,94,1.5797119e-9,2.2084748e-8,2.2141174e-8
17,95,-4.7953397e-9,-2.7917826e-8,2.832667e-8
17,96,3.5589004e-8,-5.8973434e-8,6.887992e-8
17,97,-4.0849134e-8,3.2216835e-8,5.2024767e-8
17,98,1.3284242e-7,6.525738e-8,1.4800551e-7
17,99,-6.057258e-8,4.8310277e-8,7.747852e-8
17,100,-2.9228458e-8,-1.2240536e-8,3.1688064e-8
17,101,2.5503844e-8,-2.4133127e-8,3.511202e-8
17,102,-7.828778e-8,3.9323265e-8,8.760877e-8
17,103,1.673791e-8,-1.5093134e-8,2.2537975e-8
17,104,-6.8863415e-8,7.4167996e-9,6.926167e-8
17,105,-2.3595224e-8,6.427115e-8,6.846543e-8
17,106,-4.9477464e-8,-3.2443994e-9,4.9583722e-8
17,107,-7.4659745e-8,-3.220357e-8,8.130896e-8
17,108,-3.284389e-8,4.7514037e-9,3.3185795e-8
17,109,1.9056209e-8,7.021879e-8,7.2758624e-8
17,110,5.850395e-10,7.127654e-8,7.127894e-8
17,111,6.093295e-8,-2.0784192e-8,6.4380174e-8
17,112,-5.2282184e-10,-4.6642896e-8,4.6645827e-8
17,113,-4.3823905e-9,1.0722898e-9,4.5116684e-9
17,114,-6.5942003e-9,1.599258e-8,1.7298731e-8
17,115,-5.1098485e-8,4.0055966e-8,6.492716e-8
17,116,-1.9848748e-8,-8.239608e-8,8.475309e-8
17,117,2.2718321e-8,-7.328169e-8,7.672241e-8
17,118,-9.181664e-9,3.1509455e-9,9.7072865e-9
17,119,9.291175e-9,8.275695e-9,1.2442389e-8
17,120,-7.354408e-8,5.7011103e-8,9.3053735e-8
17,121,-2.3217329e-8,5.2507897e-8,5.7411878e-8
17,122,-1.6387924e-8,-4.9617967e-8,5.225425e-8
17,123,-5.744071e-8,-3.3415372e-8,6.645316e-8
17,124,-1.10127885e-7,-4.4094907e-8,1.1862762e-7
17,125,-7.608298e-8,-3.2739408e-8,8.282807e-8
17,126,2.9893062e-8,4.13526e-9,3.0177734e-8
17,127,7.555207e-9,-5.0341814e-8,5.0905594e-8
17,128,-2.403468e-8,1.4229155e-7,1.4430715e-7
18,1,6.158292e-8,1.6240232e-8,6.368831e-8
18,2,3.3296818e-8,-1.06917646e-7,1.11982416e-7
18,3,6.3951116e-9,7.494523e-8,7.521758e-8
18,4,-3.1980618e-10,1.2637296e-8,1.2641341e-8
18,5,5.3299667e-9,-1.8286213e-8,1.9047157e-8
18,6,5.1936873e-8,-1.7476178e-7,1.8231599e-7
18,7,-2.867074e-8,-3.0532902e-8,4.1884e-8
18,8,2.1895405e-8,-8.4908464e-8,8.7686125e-8
18,9,-3.7180584e-8,-5.8233518e-8,6.9090795e-8
18,10,-5.3436247e-9,-8.7217366e-8,8.738091e-8
18,11,6.956455e-8,-5.2408865e-8,8.709716e-8
18,12,-1.1767698e-8,-6.748617e-8,6.850446e-8
18,13,-7.20207e-8,-4.4066223e-8,8.4432294e-8
18,14,-4.6970317e-8,2.1799522e-8,5.1782525e-8
18,15,-9.3550385e-9,-5.9301666e-8,6.003503e-8
18,16,9.052293e-8,3.3235423e-8,9.643129e-8
18,17,9.454743e-8,-4.972829e-8,1.0682752e-7
18,18,4.932988e-8,1.9452187e-9,4.9368218e-8
18,19,4.0596966e-8,9.757109e-9,4.1753022e-8
18,20,4.261412e-8,-1.5750231e-8,4.543163e-8
18,21,-1.14549525e-8,-2.2246146e-8,2.502213e-8
18,22,-3.356446e-8,-8.922994e-9,3.4730288e-8
18,23,-7.599881e-8,-6.907562e-8,1.0269986e-7
18,24,-8.7258584e-8,-4.669971e-8,9.896931e-8
18,25,-8.9275176e-8,8.747336e-8,1.2498658e-7
18,26,5.385392e-8,-8.575406e-9,5.4532396e-8
18,27,4.151161e-8,-1.3468079e-8,4.3641755e-8
18,28,-4.413158e-9,-1.6785048e-8,1.7355513e-8
18,29,4.098752e-8,4.4064926e-8,6.018052e-8
18,30,-1.3933817e-8,8.988868e-9,1.6581646e-8
18,31,-4.122227e-8,7.435861e-8,8.502046e-8
18,32,6.511526e-8,9.394811e-8,1.14307674e-7
18,33,-5.0924513e-8,2.3804853e-8,5.6213672e-8
18,34,5.9749944e-8,1.10741984e-8,6.076754e-8
18,35,1.2945127e-8,-2.7352858e-8,3.0261447e-8
18,36,-3.969467e-9,-6.635296e-8,6.6471586e-8
18,37,1.0618852e-7,8.144839e-8,1.3382765e-7
18,38,-4.079467e-8,2.6550625e-8,4.8673822e-8
18,39,1.9910932e-8,-3.048171e-8,3.6408515e-8
18,40,1.0339596e-8,-8.8606896e-8,8.920812e-8
18,41,-4.970898e-8,6.6456796e-9,5.015125e-8
18,42,7.243165e-8,1.0268497e-7,1.2566045e-7
18,43,5.169959e-9,6.347633e-8,6.368652e-8
18,44,5.978468e-8,8.988707e-8,1.079532e-7
18,45,2.363632e-8,-4.614402e-9,2.4082532e-8
18,46,-3.0528016e-9,-1.3499895e-8,1.3840765e-8
18,47,-6.815819e-8,-1.7844487e-8,7.045541e-8
18,48,-3.8707338e-8,-6.53864e-8,7.598447e-8
18,49,2.8751057e-8,1.13374e-8,3.090566e-8
18,50,5.0615846e-8,5.294666e-8,7.3248295e-8
18,51,-1.2917746e-8,-5.7809633e-9,1.4152303e-8
18,52,-3.9480133e-10,-4.802881e-8,4.8030433e-8
18,53,-3.2914844e-8,1.776209e-8,3.7401588e-8
18,54,-3.4660083e-8,-1.887792e-8,3.9467672e-8
18,55,2.0053305e-8,6.218447e-8,6.5337915e-8
18,56,1.3417319e-7,8.5705786e-8,1.5921033e-7
18,57,1.1056344e-8,1.3527021e-8,1.7470635e-8
18,58,-4.8701285e-8,-2.4835261e-8,5.466814e-8
18,59,1.0835287e-7,5.1129597e-8,1.1981061e-7
18,60,3.9286785e-8,1.4549435e-7,1.507052e-7
18,61,1.1214509e-9,-8.007966e-9,8.08611e-9
18,62,-1.8325625e-8,-3.0135233e-8,3.5269828e-8
18,63,-9.3647095e-8,9.0266774e-8,1.3006871e-7
18,64,-9.747875e-8,3.1921235e-9,9.7531e-8
18,65,3.552909e-10,1.982394e-8,1.9827123e-8
18,66,4.035302e-8,5.4482822e-8,6.779929e-8
18,67,-2.311298e-8,-4.073349e-8,4.6834035e-8
18,68,4.5802437e-8,-6.417566e-8,7.884401e-8
18,69,1.264196e-7,-1.0414506e-7,1.6379288e-7
18,70,3.5528416e-8,8.1467576e-8,8.8877634e-8
18,71,6.1075504e-8,2.858726e-8,6.7434776e-8
18,72,-7.537257e-8,1.5141838e-8,7.687847e-8
18,73,-2.432223e-8,7.5968366e-8,7.9766934e-8
18,74,5.244244e-9,1.0334937e-7,1.0348234e-7
18,75,8.860608e-8,3.5359244e-9,8.86766e-8
18,76,4.2996707e-8,-1.40665035e-8,4.523918e-8
18,77,3.4284624e-9,5.798496e-8,5.808623e-8
18,78,5.1228255e-8,4.7479666e-8,6.984735e-8
18,79,-9.682648e-8,6.212688e-8,1.1504398e-7
18,80,6.591189e-8,-6.5594165e-8,9.29891e-8
18,81,-1.955993e-9,-3.435612e-8,3.4411755e-8
18,82,6.655234e-8,-1.0205893e-7,1.2184104e-7
18,83,6.755915e-8,-1.0107857e-7,1.2157761e-7
18,84,-8.473841e-9,-6.4847754e-8,6.5399064e-8
18,85,-3.0249524e-8,4.5059167e-8,5.427119e-8
18,86,-5.7371867e-8,-7.238004e-8,9.2360175e-8
18,87,-7.756112e-8,1.0293329e-7,1.2888363e-7
18,88,-5.6955983e-8,-3.1295442e-9,5.70419e-8
18,89,4.2985473e-9,-4.5530115e-8,4.573258e-8
18,90,5.561344e-8,-2.584372e-8,6.1324975e-8
18,91,-3.5371297e-8,1.847286e-8,3.9904577e-8
18,92,-1.6816498e-8,2.4891989e-8,3.004007e-8
18,93,-8.366195e-8,-5.522309e-8,1.00244264e-7
18,94,-2.1891342e-8,-6.610904e-8,6.963933e-8
18,95,7.479895e-9,2.434817e-9,7.866204e-9
18,96,8.925812e-8,-9.710776e-9,8.9784805e-8
18,97,-4.3547917e-8,1.540834e-8,4.6193485e-8
18,98,-1.2365392e-7,-2.575242e-8,1.2630709e-7
18,99,5.093161e-8,-2.8752552e-8,5.848708e-8
18,100,-3.446783e-8,1.5328645e-9,3.45019e-8
18,101,3.4788163e-9,-2.874491e-8,2.8954656e-8
18,102,3.2287783e-8,2.3463485e-8,3.9912855e-8
18,103,5.8149534e-9,-7.11741e-9,9.190822e-9
18,104,-5.823263e-9,9.1063845e-10,5.8940355e-9
18,105,1.3783021e-8,5.3683788e-8,5.5424913e-8
18,106,1.2586427e-8,-2.9081717e-8,3.1688554e-8
18,107,1.0136432e-8,7.264785e-10,1.0162432e-8
18,108,3.424391e-8,-1.499383e-8,3.738262e-8
18,109,2.1438035e-8,1.11885425e-8,2.4182077e-8
18,110,-1.2146854e-8,7.161803e-8,7.2640816e-8
18,111,3.9471008e-8,8.573446e-9,4.039139e-8
18,112,-1.5479277e-8,4.0237193e-8,4.3111942e-8
18,113,7.636954e-9,1.40718885e-8,1.6010656e-8
18,114,1.0528871e-9,9.709678e-9,9.766597e-9
18,115,-7.011698e-8,7.547024e-9,7.052197e-8
18,116,-8.401243e-8,-2.5541421e-8,8.780918e-8
18,117,1.6574266e-8,2.1802962e-9,1.6717056e-8
18,118,-2.9273444e-8,2.958027e-8,4.1616428e-8
18,119,4.963673e-8,7.978435e-9,5.027385e-8
18,120,2.9718132e-8,-1.1919991e-8,3.201958e-8
18,121,4.7596565e-8,3.4853993e-8,5.8993507e-8
18,122,-3.4604298e-8,5.280195e-8,6.313084e-8
18,123,4.4627466e-9,-5.259426e-8,5.2783257e-8
18,124,9.318847e-8,-9.179065e-8,1.3080373e-7
18,125,-3.21707e-8,-4.802199e-8,5.780195e-8
18,126,-3.496819e-8,5.0556924e-8,6.147176e-8
18,127,8.439276e-8,-2.4645145e-8,8.79177e-8
18,128,-8.0404154e-9,6.465618e-8,6.51542e-8
19,1,-7.6669686e-8,3.3286806e-8,8.358381e-8
19,2,-5.871578e-8,7.815564e-8,9.775401e-8
19,3,2.9686381e-8,1.2170229e-7,1.2527062e-7
19,4,-5.8812276e-8,1.39338985e-8,6.0440364e-8
19,5,8.716398e-8,3.3022996e-8,9.320986e-8
19,6,-1.1522578e-7,9.564631e-8,1.4975045e-7
19,7,-3.6478074e-8,-7.533855e-8,8.370512e-8
19,8,2.281053e-8,5.7260423e-9,2.3518245e-8
19,9,3.693403e-8,4.491184e-8,5.814805e-8
19,10,2.917635e-9,2.293759e-8,2.3122405e-8
19,11,-2.1002506e-8,4.2769948e-9,2.1433571e-8
19,12,-2.5404331e-8,-3.275874e-9,2.5614671e-8
19,13,1.2491049e-7,5.6175708e-8,1.3696109e-7
19,14,1.25967725e-8,-3.027847e-8,3.2794276e-8
19,15,1.30594975e-8,-5.9018962e-8,6.0446574e-8
19,16,-5.6779704e-8,-2.3111259e-8,6.130306e-8
19,17,-7.1689197e-9,-4.3109547e-9,8.36527e-9
19,18,-7.521602e-8,2.852651e-8,8.044384e-8
19,19,-2.6432462e-8,5.0233965e-8,5.6763774e-8
19,20,-2.366472e-9,1.8516028e-8,1.8666642e-8
19,21,-1.3629286e-8,-1.7345478e-8,2.2059535e-8
19,22,1.0383692e-7,9.4882694e-8,1.4065856e-7
19,23,1.9579549e-8,3.3723033e-8,3.8994894e-8
19,24,1.0338536e-7,5.1722083e-8,1.156015e-7
19,25,8.0942684e-8,4.1558852e-8,9.098822e-8
19,26,-3.253297e-8,5.5329348e-8,6.418513e-8
19,27,-1.2521291e-8,-6.5587096e-9,1.4135042e-8
19,28,3.171007e-8,4.383464e-8,5.4101793e-8
19,29,-2.8913801e-8,4.593825e-8,5.4280115e-8
19,30,-1.790949e-8,1.8304511e-9,1.8002789e-8
19,31,5.1118107e-8,-7.290536e-8,8.904073e-8
19,32,-1.371634e-8,-3.2372658e-9,1.4093185e-8
19,33,-5.484997e-8,3.52197e-8,6.518394e-8
19,34,1.3217129e-8,-5.1299196e-8,5.297452e-8
19,35,-2.9092517e-8,2.3148705e-9,2.9184468e-8
19,36,3.9885247e-8,3.213623e-8,5.12208e-8
19,37,3.537482e-8,-3.3255976e-8,4.8552423e-8
19,38,-1.8568059e-8,-7.5715164e-8,7.79587e-8
19,39,-7.0277912e-9,-5.8005366e-8,5.842955e-8
19,40,4.7825225e-8,-1.4814553e-8,5.0067186e-8
19,41,-4.3814303e-8,-3.363467e-8,5.5235716e-8
19,42,-4.9276583e-9,-6.143926e-8,6.163655e-8
19,43,-9.2902646e-8,-7.338541e-8,1.1839054e-7
19,44,-3.919775e-8,-5.2354416e-8,6.5402205e-8
19,45,-6.511662e-8,-1.2096121e-8,6.623059e-8
19,46,-3.998832e-8,-1.5848128e-8,4.3014285e-8
19,47,7.3471145e-9,2.1631227e-8,2.2844914e-8
19,48,-3.997317e-9,9.501964e-9,1.0308534e-8
19,49,1.445155e-8,2.4715478e-8,2.863044e-8
19,50,-7.309445e-8,-8.702398e-8,1.13648454e-7
19,51,6.4840866e-9,3.1079516e-8,3.1748694e-8
19,52,1.2171803e-7,4.7639986e-8,1.3070901e-7
19,53,7.3944626e-8,-2.7565228e-8,7.8915456e-8
19,54,9.543969e-8,4.7135345e-8,1.064447e-7
19,55,4.410576e-8,-4.5500187e-8,6.3368645e-8
19,56,-2.1184346e-7,-9.707899e-8,2.3302785e-7
19,57,-8.2723474e-8,4.484783e-9,8.2844956e-8
19,58,-7.426094e-8,1.3382452e-8,7.545712e-8
19,59,-5.5789444e-9,-7.579066e-8,7.5995715e-8
19,60,1.3195205e-8,-3.9765776e-8,4.1897856e-8
19,61,8.951859e-9,1.9773395e-8,2.1705366e-8
19,62,1.6509663e-8,5.1828543e-8,5.4394548e-8
19,63,1.8264485e-8,-2.7933238e-8,3.3374498e-8
19,64,1.0468539e-7,-9.327804e-8,1.4021349e-7
19,65,-2.0508653e-8,-7.481323e-8,7.757335e-8
19,66,-3.8475566e-8,-2.2421258e-8,4.453181e-8
19,67,-4.6767987e-8,-1.3084505e-7,1.3895205e-7
19,68,3.785974e-9,1.4532528e-8,1.5017589e-8
19,69,-1.6103432e-7,6.1688475e-8,1.7244571e-7
19,70,3.197939e-8,-3.1157604e-8,4.4648377e-8
19,71,-3.2881033e-8,3.7095724e-8,4.957071e-8
19,72,6.485717e-8,3.1654075e-8,7.216947e-8
19,73,-3.3764054e-9,8.177944e-9,8.847535e-9
19,74,-8.339827e-8,-2.3075621e-9,8.343019e-8
19,75,-5.2380365e-8,-1.1782378e-8,5.368917e-8
19,76,-5.125883e-8,-1.0726913e-9,5.1270053e-8
19,77,-5.9304895e-8,-2.8879755e-8,6.596295e-8
19,78,-6.633568e-8,1.0446745e-8,6.715324e-8
19,79,-5.331246e-8,2.0248363e-9,5.3350895e-8
19,80,-1.6992596e-8,5.160093e-8,5.432683e-8
19,81,-8.504087e-8,7.8319594e-8,1.1561102e-7
19,82,-4.9365507e-8,4.9945672e-8,7.022481e-8
19,83,-2.9217478e-8,7.170844e-8,7.7432304e-8
19,84,-3.7635264e-8,9.997251e-8,1.0682189e-7
19,85,5.5873087e-8,1.5985396e-8,5.8114843e-8
19,86,9.411228e-8,-6.329561e-8,1.1341717e-7
19,87,8.425464e-8,3.252387e-8,9.031415e-8
19,88,8.1091464e-8,4.5721514e-8,9.309287e-8
19,89,1.118695e-7,-3.3416452e-8,1.16753775e-7
19,90,1.1062353e-8,3.5672147e-9,1.1623281e-8
19,91,7.774493e-9,3.1812288e-8,3.2748503e-8
19,92,8.679544e-8,-1.6118216e-8,8.827936e-8
19,93,6.302204e-8,3.991184e-8,7.459714e-8
19,94,1.1957345e-9,4.8262503e-8,4.8277315e-8
19,95,1.1637119e-8,-3.4498395e-8,3.6408267e-8
19,96,-5.5143046e-9,-3.200216e-8,3.247377e-8
19,97,6.412464e-8,8.320354e-8,1.0504665e-7
19,98,8.5710155e-8,-2.737201e-8,8.997476e-8
19,99,-3.6428283e-8,3.559695e-8,5.0932922e-8
19,100,3.9375667e-8,1.5873853e-8,4.2454946e-8
19,101,1.5236965e-9,7.973167e-9,8.117453e-9
19,102,-2.9685552e-8,-1.6905226e-8,3.4161655e-8
19,103,-2.025812e-8,1.924755e-8,2.7943866e-8
19,104,-9.105606e-8,2.2389816e-8,9.3768385e-8
19,105,2.6148038e-8,2.635816e-8,3.7127787e-8
19,106,-4.83778e-8,2.5283295e-8,5.458623e-8
19,107,-7.437884e-8,8.1958795e-8,1.1067726e-7
19,108,-1.7944954e-8,-1.869233e-8,2.5911861e-8
19,109,-2.1231658e-8,-3.1557668e-9,2.1464906e-8
19,110,-1.3965378e-8,-1.6539587e-8,2.1646933e-8
19,111,6.0692955e-8,5.9319277e-8,8.486702e-8
19,112,-1.8828604e-8,-4.2659574e-9,1.9305821e-8
19,113,-1.5512917e-8,1.089036e-9,1.5551096e-8
19,114,1.8041002e-8,2.5181357e-8,3.0977063e-8
19,115,2.2390463e-8,-1.5808048e-8,2.7408525e-8
19,116,2.578275e-9,-3.6920557e-8,3.7010473e-8
19,117,-5.4852006e-8,-1.7709431e-9,5.4880587e-8
19,118,-1.2339861e-8,-5.139031e-8,5.2851075e-8
19,119,4.991501e-8,-9.0407184e-8,1.03271326e-7
19,120,-4.482402e-8,6.151294e-8,7.611199e-8
19,121,6.4957504e-8,2.6928566e-8,7.031803e-8
19,122,2.6996668e-8,2.9629609e-8,4.0084085e-8
19,123,-1.9865803e-8,4.067591e-9,2.0277954e-8
19,124,-1.0679882e-8,1.5232942e-8,1.8603828e-8
19,125,-2.5370813e-8,7.4025415e-8,7.825241e-8
19,126,4.9676064e-8,-8.9610545e-8,1.02458586e-7
19,127,-8.559241e-9,6.13624e-8,6.195648e-8
19,128,-2.1401219e-8,-1.748979e-8,2.763883e-8
20,1,3.4544268e-8,-1.7509574e-8,3.8728434e-8
20,2,-3.9149487e-8,-8.544281e-8,9.3984866e-8
20,3,-2.1314955e-8,5.7173185e-8,6.101721e-8
20,4,4.889914e-8,-7.6514425e-8,9.0805194e-8
20,5,1.22801e-7,-1.1734406e-7,1.6985203e-7
20,6,-1.3961842e-8,5.161463e-8,5.346965e-8
20,7,7.426492e-8,-1.3357136e-7,1.5282862e-7
20,8,2.5944356e-8,8.451298e-9,2.7286152e-8
20,9,-3.1844596e-8,-3.5685372e-9,3.2043918e-8
20,10,4.164155e-8,3.2274624e-8,5.2684626e-8
20,11,1.12939055e-7,2.4928172e-8,1.1565744e-7
20,12,1.6080001e-8,9.362888e-9,1.860726e-8
20,13,-1.4183638e-7,-1.8000646e-8,1.4297406e-7
20,14,-1.0666412e-8,-2.6269365e-8,2.8352282e-8
20,15,-6.319521e-8,-4.9725024e-8,8.041276e-8
20,16,4.547576e-8,1.4030784e-8,4.7591044e-8
20,17,-6.776946e-8,-3.5384314e-8,7.6450966e-8
20,18,-2.1828729e-8,1.4415362e-8,2.6159054e-8
20,19,1.5168018e-8,-1.28410065e-8,1.9873607e-8
20,20,3.8930384e-8,9.577645e-9,4.0091223e-8
20,21,1.0618247e-8,2.2016929e-8,2.4443656e-8
20,22,-3.798832e-8,6.3131633e-9,3.8509327e-8
20,23,1.5886613e-8,-4.077846e-8,4.3763766e-8
20,24,-1.21054855e-8,-3.7656044e-8,3.955402e-8
20,25,-3.4972906e-8,-1.2404708e-8,3.7107693e-8
20,26,2.2374454e-8,-3.724227e-8,4.344655e-8
20,27,5.044735e-8,2.2825654e-8,5.5370982e-8
20,28,-7.263152e-9,-1.4628052e-9,7.408993e-9
20,29,6.0010834e-8,-3.528059e-8,6.9613364e-8
20,30,-3.8811936e-9,-5.0997415e-9,6.4086683e-9
20,31,-2.8047113e-8,4.132817e-8,4.9946554e-8
20,32,7.09235e-8,4.7674185e-8,8.545742e-8
20,33,-1.0160879e-9,1.694853e-9,1.9760975e-9
20,34,-2.1217512e-9,3.2906026e-8,3.297436e-8
20,35,1.7109475e-8,2.2412351e-8,2.8196588e-8
20,36,1.6949059e-8,-3.685404e-8,4.056465e-8
20,37,4.7157336e-8,5.6646982e-8,7.3706815e-8
20,38,6.572426e-8,3.575857e-8,7.482215e-8
20,39,-1.5974157e-8,1.3536581e-8,2.0938307e-8
20,40,-5.1624458e-8,5.8262664e-8,7.784358e-8
20,41,5.125004e-8,-4.6091908e-10,5.1252112e-8
20,42,4.3995982e-8,8.26804e-8,9.365733e-8
20,43,2.3090921e-8,-8.42965e-9,2.458149e-8
20,44,2.5128335e-8,1.1508748e-7,1.1779882e-7
20,45,9.588758e-8,-2.7057354e-8,9.963196e-8
20,46,7.934467e-9,-9.79162e-8,9.823715e-8
20,47,-8.471037e-8,-4.473823e-8,9.579852e-8
20,48,3.0925737e-8,-8.513868e-8,9.058143e-8
20,49,7.034638e-8,6.5340164e-9,7.064918e-8
20,50,5.571783e-8,4.6638426e-8,7.266099e-8
20,51,-3.6891358e-8,-1.0361728e-8,3.8318895e-8
20,52,-8.3024105e-8,-3.474039e-8,8.9999425e-8
20,53,-4.1903913e-8,2.0455259e-8,4.6629985e-8
20,54,-9.559883e-8,7.3299596e-8,1.2046563e-7
20,55,4.4430987e-8,5.4573583e-8,7.037321e-8
20,56,2.0867783e-7,7.491116e-8,2.217163e-7
20,57,7.785108e-8,-3.4864282e-8,8.530128e-8
20,58,6.143882e-8,2.7505247e-9,6.150036e-8
20,59,-5.6126037e-8,1.1093861e-7,1.2432822e-7
20,60,2.1095783e-8,-1.1153561e-8,2.3862816e-8
20,61,-1.5510034e-8,-4.048582e-8,4.3355076e-8
20,62,-8.968436e-8,-1.2313562e-8,9.052574e-8
20,63,-1.0779684e-7,-1.3936158e-8,1.0869395e-7
20,64,-9.320558e-8,4.9189214e-8,1.05389084e-7
20,65,3.767628e-8,9.178299e-8,9.9215015e-8
20,66,1.639916e-7,1.7254285e-8,1.648968e-7
20,67,7.231269e-8,-1.0954331e-7,1.3125876e-7
20,68,1.3963643e-8,1.66265e-8,2.1712296e-8
20,69,7.135481e-8,2.9736213e-8,7.7302985e-8
20,70,1.0469909e-7,-1.0837564e-7,1.5068902e-7
20,71,-3.3515928e-9,1.1761405e-7,1.1766179e-7
20,72,-8.0104535e-8,-7.226742e-8,1.0788566e-7
20,73,-5.991525e-9,-3.7810754e-8,3.8282522e-8
20,74,9.506587e-8,-6.147606e-8,1.1321142e-7
20,75,4.3455824e-8,-5.384137e-8,6.919033e-8
20,76,1.1058109e-7,-5.3786266e-8,1.2296805e-7
20,77,2.5880738e-9,6.453e-8,6.4581876e-8
20,78,3.1034368e-8,4.2856346e-8,5.2913123e-8
20,79,-1.820162e-8,7.875353e-8,8.082956e-8
20,80,3.5906748e-8,2.4477256e-8,4.3456076e-8
20,81,6.639433e-8,5.1629833e-8,8.410616e-8
20,82,1.1267225e-7,-3.460863e-8,1.1786769e-7
20,83,4.7311488e-8,-5.7855107e-8,7.473681e-8
20,84,2.1666656e-8,-8.062944e-8,8.348982e-8
20,85,9.592631e-10,4.2077613e-9,4.3157202e-9
20,86,5.9174965e-10,-1.920062e-8,1.9209736e-8
20,87,-1.6023922e-7,-4.5575906e-8,1.6659463e-7
20,88,-6.67652e-8,2.0861744e-8,6.9948584e-8
20,89,-2.4074554e-8,-1.7444709e-8,2.973049e-8
20,90,8.9904674e-8,3.4276766e-8,9.6217185e-8
20,91,5.18604e-9,-3.942564e-9,6.5145085e-9
20,92,2.9985543e-8,6.0885455e-8,6.786878e-8
20,93,-2.8764665e-8,-2.686111e-8,3.9356387e-8
20,94,5.1427906e-9,-9.971432e-9,1.1219525e-8
20,95,2.8469477e-8,2.7739118e-8,3.9748834e-8
20,96,-2.3882935e-8,-1.0889599e-8,2.6248388e-8
20,97,-5.2804676e-8,2.376458e-8,5.7905865e-8
20,98,-5.807546e-8,6.0217864e-8,8.365973e-8
20,99,1.486515e-7,-6.7676273e-9,1.4880547e-7
20,100,-3.3187483e-8,-5.6923625e-8,6.589164e-8
20,101,6.338703e-8,9.4598334e-8,1.13871685e-7
20,102,9.525444e-8,-2.6248644e-8,9.880486e-8
20,103,-5.424463e-8,5.2603127e-8,7.556169e-8
20,104,1.115398e-7,1.9748379e-8,1.1327455e-7
20,105,-2.9641079e-8,-6.269138e-9,3.0296793e-8
20,106,7.724773e-8,-1.6344336e-8,7.8957896e-8
20,107,-1.9797295e-9,1.5518433e-9,2.5154614e-9
20,108,5.5497374e-8,5.9384337e-9,5.5814187e-8
20,109,-8.134617e-8,1.0095219e-8,8.19702e-8
20,110,-4.891664e-8,4.0244625e-8,6.334404e-8
20,111,-4.1325688e-8,4.6283176e-8,6.2047924e-8
20,112,-9.69488e-8,-3.609072e-8,1.0344859e-7
20,113,-2.0588864e-8,6.695372e-9,2.1650157e-8
20,114,1.5623787e-8,-7.500174e-9,1.7330763e-8
20,115,1.0739897e-8,4.8301074e-9,1.1776049e-8
20,116,-2.439611e-8,2.9384957e-8,3.8192223e-8
20,117,-4.467658e-8,1.3262843e-8,4.6603645e-8
20,118,6.6164674e-8,3.9870617e-8,7.724914e-8
20,119,8.906699e-10,-3.0789586e-8,3.0802465e-8
20,120,1.2130106e-8,-5.699187e-8,5.826845e-8
20,121,-2.0218849e-8,-1.8545075e-8,2.7435773e-8
20,122,-2.2476382e-8,-3.159455e-8,3.8773745e-8
20,123,9.540437e-9,3.423963e-8,3.554395e-8
20,124,1.2643893e-8,-3.6548954e-8,3.8674205e-8
20,125,-6.005107e-8,2.7586813e-8,6.608452e-8
20,126,9.275708e-8,7.789224e-8,1.2112422e-7
20,127,4.015312e-8,7.975181e-8,8.928955e-8
20,128,-1.509395e-8,6.550807e-8,6.7224505e-8
21,1,-5.7316115e-8,3.8587377e-8,6.909502e-8
21,2,1.8811527e-8,1.06053456e-7,1.0770891e-7
21,3,-4.5065526e-8,4.6448594e-8,6.4717646e-8
21,4,-3.5094157e-8,-1.778659e-8,3.9344155e-8
21,5,4.3541686e-9,-5.6842868e-8,5.7009387e-8
21,6,2.3749083e-9,1.4351596e-7,1.4353562e-7
21,7,-5.5934752e-8,1.3009594e-8,5.7427744e-8
21,8,2.324314e-8,-4.211152e-8,4.810014e-8
21,9,4.733261e-8,1.1452755e-7,1.239231e-7
21,10,3.293629e-8,1.0180127e-7,1.06996715e-7
21,11,-3.3290668e-8,-1.5356068e-8,3.666166e-8
21,12,-3.248027e-8,6.935692e-8,7.658558e-8
21,13,7.1720564e-8,3.367363e-8,7.923227e-8
21,14,6.048387e-8,4.8093467e-9,6.067478e-8
21,15,6.144223e-8,-4.7940823e-8,7.793247e-8
21,16,2.5841102e-8,-4.5980784e-8,5.274462e-8
21,17,8.759783e-8,3.7442135e-8,9.526433e-8
21,18,-3.450206e-8,-2.7181322e-8,4.3922846e-8
21,19,6.870585e-9,3.0009772e-8,3.078622e-8
21,20,-1.4336605e-8,-4.8572883e-8,5.0644477e-8
21,21,4.6651635e-8,1.1478266e-8,4.8042956e-8
21,22,2.948197e-8,2.4859922e-8,3.8564263e-8
21,23,1.1062877e-8,-6.5957404e-9,1.287987e-8
21,24,-4.145042e-8,1.12558345e-8,4.29515e-8
21,25,7.211425e-8,4.9716977e-9,7.2285424e-8
21,26,-2.7953558e-8,-2.1344933e-8,3.517112e-8
21,27,-5.1384482e-8,1.286987e-8,5.297168e-8
21,28,-5.122435e-8,-1.9240753e-8,5.4718743e-8
21,29,-9.953247e-8,2.879627e-9,9.9574116e-8
21,30,-3.137703e-8,-3.963693e-8,5.0552984e-8
21,31,2.4331989e-8,4.7468806e-8,5.3341665e-8
21,32,-4.0873292e-8,-8.018505e-9,4.16524e-8
21,33,1.7665951e-9,4.2763787e-8,4.2800263e-8
21,34,-6.913235e-8,5.288047e-9,6.93343e-8
21,35,-9.667635e-9,-2.761957e-8,2.926267e-8
21,36,-1.0133739e-8,-1.5649254e-8,1.8643815e-8
21,37,-6.5412773e-9,-1.034705e-7,1.0367706e-7
21,38,-4.0348258e-8,-7.3443715e-8,8.379714e-8
21,39,1.0023114e-7,3.0150808e-8,1.0466782e-7
21,40,1.05821876e-7,1.0219953e-8,1.0631424e-7
21,41,-9.977049e-9,-1.5115164e-8,1.8111038e-8
21,42,-2.7332208e-8,-1.5830464e-8,3.158565e-8
21,43,2.0353438e-8,-4.729653e-8,5.149004e-8
21,44,-6.5914335e-8,-3.889264e-8,7.653324e-8
21,45,-1.7639325e-8,-5.0874437e-8,5.384565e-8
21,46,9.34308e-9,4.213824e-8,4.316161e-8
21,47,5.5173594e-8,8.769254e-8,1.0360554e-7
21,48,6.791981e-8,2.057019e-8,7.096642e-8
21,49,-9.6471325e-8,-3.568262e-8,1.0285896e-7
21,50,-8.307036e-9,-8.710175e-8,8.7496986e-8
21,51,-2.0198516e-9,3.21015e-8,3.2164984e-8
21,52,5.7080523e-8,-2.342289e-8,6.169942e-8
21,53,7.31062e-8,-1.2701382e-8,7.420136e-8
21,54,-3.6537897e-9,-3.5798553e-8,3.5984534e-8
21,55,1.6307544e-8,-5.8039596e-8,6.028707e-8
21,56,-2.0575119e-7,-1.3018239e-7,2.434769e-7
21,57,-2.705663e-8,-9.8625975e-8,1.0226996e-7
21,58,-1.1669664e-8,1.6927855e-8,2.056048e-8
21,59,5.5687256e-8,3.312425e-8,6.4794186e-8
21,60,-5.5123362e-8,-6.442569e-9,5.5498575e-8
21,61,-7.100872e-8,3.4687673e-8,7.9028304e-8
21,62,1.2864432e-7,2.1465194e-8,1.3042283e-7
21,63,3.126867e-8,-8.19981e-8,8.7757726e-8
21,64,6.7283956e-9,-9.507716e-8,9.531494e-8
21,65,-4.7551726e-8,-5.3318466e-8,7.1442464e-8
21,66,-1.18082156e-7,-3.9264263e-9,1.1814742e-7
21,67,5.64324e-9,-5.2313315e-8,5.2616812e-8
21,68,2.2012163e-8,5.64812e-8,6.061898e-8
21,69,-7.077212e-8,1.3210735e-7,1.4987009e-7
21,70,-1.3978017e-7,-7.3382765e-8,1.5787187e-7
21,71,1.3824047e-8,-3.4862374e-8,3.750319e-8
21,72,1.1278604e-7,8.359677e-8,1.4038913e-7
21,73,3.3665994e-8,-5.6327394e-8,6.562145e-8
21,74,-8.1052086e-8,-7.011184e-8,1.0716861e-7
21,75,-1.36878e-7,9.462366e-8,1.664008e-7
21,76,-1.3192163e-8,1.7771368e-8,2.2132662e-8
21,77,1.9643531e-8,-7.139488e-8,7.404794e-8
21,78,-1.0984117e-7,-3.946224e-8,1.1671482e-7
21,79,-2.3155685e-8,-5.742883e-8,6.192138e-8
21,80,-6.885534e-8,4.2620954e-8,8.0979035e-8
21,81,-7.924277e-8,-4.204698e-8,8.970711e-8
21,82,-5.515148e-8,1.2560685e-7,1.371815e-7
21,83,-1.0534871e-7,8.9055966e-8,1.3794678e-7
21,84,-3.713998e-8,6.720839e-8,7.6787664e-8
21,85,-5.0112664e-8,1.2498497e-8,5.1647763e-8
21,86,6.968121e-8,5.9221186e-8,9.144736e-8
21,87,1.6150236e-7,-2.9565856e-8,1.6418633e-7
21,88,1.2000628e-7,-9.579202e-9,1.20388e-7
21,89,7.849132e-8,-2.1287926e-8,8.132689e-8
21,90,-1.1507321e-7,8.1100765e-8,1.407806e-7
21,91,3.4372718e-8,2.9121557e-8,4.5050513e-8
21,92,6.079219e-8,4.4918284e-8,7.5586655e-8
21,93,6.315039e-8,7.8501785e-8,1.00749695e-7
21,94,3.7357262e-10,3.7220204e-8,3.722208e-8
21,95,-1.8403856e-8,-2.0952653e-9,1.8522744e-8
21,96,-2.144762e-8,-5.548885e-8,5.9489604e-8
21,97,7.990053e-9,3.9173305e-8,3.9979856e-8
21,98,1.519717e-7,4.02043e-8,1.5719982e-7
21,99,-5.014518e-8,1.1417793e-8,5.142864e-8
21,100,1.1394994e-8,1.2668715e-7,1.2719859e-7
21,101,-1.6597202e-8,-2.2788816e-8,2.8192149e-8
21,102,-3.4340516e-8,5.8619843e-8,6.793789e-8
21,103,3.302645e-8,-9.082565e-8,9.664391e-8
21,104,-5.2425165e-8,-3.745762e-9,5.255881e-8
21,105,3.6964167e-8,-1.638647e-8,4.0433477e-8
21,106,-1.8411834e-8,-2.3978846e-8,3.0232112e-8
21,107,-1.9855625e-8,-1.8034866e-8,2.6823539e-8
21,108,3.513889e-8,2.66485e-8,4.410084e-8
21,109,-2.7261995e-8,-4.043329e-8,4.876543e-8
21,110,2.4942349e-8,-8.464632e-9,2.6339528e-8
21,111,2.470171e-8,-8.999207e-10,2.4718096e-8
21,112,-2.9440317e-8,-5.109911e-9,2.9880486e-8
21,113,-3.644629e-8,8.1284895e-8,8.9081794e-8
21,114,-2.0328615e-8,-3.795794e-8,4.305877e-8
21,115,1.4659305e-8,4.4114234e-8,4.6486136e-8
21,116,-1.6014924e-8,3.0748208e-8,3.466886e-8
21,117,-7.0560674e-8,-6.6526546e-8,9.697727e-8
21,118,-4.5245134e-8,3.7809944e-8,5.8963668e-8
21,119,-2.3544978e-8,-1.6462968e-8,2.8729694e-8
21,120,-4.839134e-8,7.350826e-8,8.8006736e-8
21,121,-9.974432e-8,4.5484693e-8,1.0962567e-7
21,122,2.5353003e-8,2.184614e-8,3.346683e-8
21,123,4.825996e-10,-3.6993182e-8,3.699633e-8
21,124,7.407904e-10,1.9053264e-8,1.906766e-8
21,125,8.6707324e-8,1.2965135e-7,1.5597318e-7
21,126,2.215285e-9,-1.3608411e-7,1.3610214e-7
21,127,4.0630365e-8,2.0989116e-8,4.5731493e-8
21,128,1.5595668e-9,3.7609222e-8,3.7641545e-8
22,1,5.037342e-8,-8.4211116e-8,9.812744e-8
22,2,2.702258e-8,-6.600422e-8,7.1321644e-8
22,3,-1.25739845e-8,7.718208e-9,1.4753841e-8
22,4,-7.238217e-8,-4.487721e-8,8.516538e-8
22,5,-1.04616234e-7,-2.6655116e-9,1.04650184e-7
22,6,-9.513098e-9,-1.5977551e-7,1.6005846e-7
22,7,4.339164e-8,-1.1165409e-7,1.1978928e-7
22,8,-4.1374792e-9,8.090831e-8,8.101403e-8
22,9,-3.4264126e-8,-7.5440205e-8,8.2856836e-8
22,10,8.9247564e-8,1.8616504e-8,9.116854e-8
22,11,5.6473613e-8,5.295056e-8,7.741467e-8
22,12,-3.3347884e-8,-1.8744757e-8,3.825503e-8
22,13,-8.583833e-8,6.038101e-8,1.04948015e-7
22,14,-2.628163e-10,-6.0847235e-8,6.08478e-8
22,15,-2.3306635e-8,9.7080296e-8,9.9838786e-8
22,16,-7.562704e-8,1.842838e-8,7.783993e-8
22,17,7.790216e-8,-7.017196e-8,1.0484679e-7
22,18,9.8882246e-8,-1.16563214e-7,1.528551e-7
22,19,-4.7879464e-8,2.5046523e-8,5.403491e-8
22,20,-1.3074074e-8,2.9610446e-8,3.2368348e-8
22,21,4.9660542e-8,-1.6683572e-8,5.238808e-8
22,22,-7.287028e-8,1.1337831e-8,7.3747024e-8
22,23,-1.3715082e-7,-9.015984e-9,1.3744685e-7
22,24,-5.421444e-8,-3.2412107e-8,6.316447e-8
22,25,-1.5875637e-8,4.3711765e-8,4.650542e-8
22,26,1.272405e-7,3.0414654e-8,1.3082506e-7
22,27,2.597662e-8,-2.9250439e-8,3.9119982e-8
22,28,-8.876623e-9,1.1193376e-8,1.4285871e-8
22,29,8.4849006e-8,2.5920757e-8,8.872001e-8
22,30,1.04027116e-7,3.7359065e-8,1.1053208e-7
22,31,5.029099e-8,1.964444e-8,5.3991553e-8
22,32,1.1893844e-8,1.5491116e-8,1.9530443e-8
22,33,-1.1719547e-8,4.2276874e-8,4.3871196e-8
22,34,-3.161945e-9,2.5797618e-8,2.5990671e-8
22,35,-2.1420023e-8,4.0018197e-8,4.5390234e-8
22,36,-2.282809e-8,-3.3919754e-8,4.088608e-8
22,37,-1.4595952e-8,9.534061e-8,9.645141e-8
22,38,3.2763815e-8,2.9426875e-8,4.4038718e-8
22,39,-3.002539e-8,8.005028e-8,8.5496026e-8
22,40,-4.8372424e-8,1.4494063e-8,5.049722e-8
22,41,2.5680919e-8,2.0346638e-8,3.2764238e-8
22,42,7.726152e-8,7.5655024e-8,1.0813429e-7
22,43,-2.1665006e-8,3.1309785e-8,3.80746e-8
22,44,8.120509e-8,-3.8279634e-8,8.9775256e-8
22,45,9.2898276e-8,4.2541267e-8,1.02175576e-7
22,46,3.9189118e-8,-5.2332172e-8,6.5379226e-8
22,47,-4.134036e-8,-9.310457e-8,1.01869944e-7
22,48,6.407136e-8,-6.0896085e-8,8.839385e-8
22,49,5.330407e-8,1.3118184e-8,5.4894542e-8
22,50,1.3606608e-7,4.2189484e-8,1.4245677e-7
22,51,-2.0282412e-8,-6.666169e-9,2.1349802e-8
22,52,-4.9445546e-8,1.0323954e-9,4.945632e-8
22,53,-6.305527e-8,1.0067725e-7,1.18793416e-7
22,54,-1.0447978e-7,6.832054e-8,1.2483477e-7
22,55,1.2049487e-8,7.0537105e-8,7.155888e-8
22,56,1.7378689e-7,5.1961102e-8,1.8138864e-7
22,57,1.0160248e-7,4.9151698e-8,1.1286697e-7
22,58,-4.4760746e-8,2.48889e-8,5.1215054e-8
22,59,-3.461757e-8,1.2094178e-7,1.257986e-7
22,60,-1.3381788e-9,-8.674416e-9,8.777028e-9
22,61,6.523338e-9,-2.47862e-8,2.5630248e-8
22,62,-6.703566e-8,-4.483032e-8,8.064451e-8
22,63,7.811304e-9,2.0128935e-8,2.1591445e-8
22,64,-9.420607e-8,9.824936e-8,1.3611657e-7
22,65,5.7014017e-8,1.0173765e-7,1.1662396e-7
22,66,5.2573554e-8,-3.390133e-8,6.2556204e-8
22,67,4.6893216e-8,-1.145521e-8,4.82721e-8
22,68,1.3504724e-7,-1.5655589e-8,1.3595167e-7
22,69,1.9982268e-7,-1.2416207e-7,2.3525587e-7
22,70,9.042996e-8,2.0378529e-8,9.269769e-8
22,71,-3.4247485e-8,7.912759e-8,8.622103e-8
22,72,4.629613e-8,-7.767602e-8,9.042619e-8
22,73,7.7758674e-11,6.528323e-8,6.528328e-8
22,74,-1.8636209e-8,2.850849e-8,3.4059394e-8
22,75,1.5514127e-7,-6.8755014e-8,1.6969403e-7
22,76,1.0326674e-7,-3.9902744e-8,1.10707944e-7
22,77,4.6509154e-8,7.796042e-8,9.077956e-8
22,78,-2.7424502e-8,1.4156718e-8,3.0862857e-8
22,79,1.0542641e-8,-5.9026326e-9,1.2082564e-8
22,80,8.932583e-8,7.899422e-8,1.1924425e-7
22,81,4.1804586e-8,-5.922832e-8,7.249564e-8
22,82,3.054857e-8,-4.3901103e-8,5.348385e-8
22,83,9.933372e-8,-9.499437e-8,1.3744496e-7
22,84,9.840893e-8,-1.08599664e-7,1.4655444e-7
22,85,-3.6133546e-8,-8.0589906e-8,8.831968e-8
22,86,-8.7819515e-8,1.8296126e-8,8.970516e-8
22,87,-1.0761462e-7,6.735511e-8,1.2695517e-7
22,88,-1.4021938e-7,2.986805e-8,1.4336518e-7
22,89,-4.669804e-8,-3.6257113e-8,5.912094e-8
22,90,6.950925e-8,-3.5041918e-8,7.784261e-8
22,91,-2.150189e-8,-9.4787875e-9,2.3498483e-8
22,92,-7.973845e-8,1.08418654e-7,1.345839e-7
22,93,3.740671e-8,-6.388413e-8,7.403002e-8
22,94,-7.2212314e-10,-3.959109e-8,3.9597676e-8
22,95,-3.5309835e-8,-2.0073125e-8,4.061668e-8
22,96,-3.8856847e-8,6.1274015e-8,7.2555906e-8
22,97,1.0009537e-8,8.983731e-8,9.0393215e-8
22,98,-9.902825e-8,4.423181e-8,1.08457584e-7
22,99,8.585839e-8,-5.0204083e-8,9.94591e-8
22,100,-5.6329124e-9,5.9048237e-8,5.9316303e-8
22,101,9.9070995e-8,7.538605e-8,1.2449144e-7
22,102,7.7343394e-8,-4.7873183e-8,9.096066e-8
22,103,5.1839557e-8,5.0577476e-8,7.242528e-8
22,104,8.85415e-8,-1.9560595e-8,9.067642e-8
22,105,-6.052214e-8,8.123491e-9,6.106489e-8
22,106,1.0239885e-7,1.047914e-8,1.02933654e-7
22,107,5.9108544e-8,4.0392905e-8,7.159195e-8
22,108,-2.2292216e-8,1.4274413e-8,2.6470772e-8
22,109,-1.8478344e-8,2.123412e-8,2.8148483e-8
22,110,-3.3683436e-9,-1.36467655e-8,1.40563134e-8
22,111,-1.1182404e-7,-3.9043222e-8,1.18444035e-7
22,112,-3.1573514e-8,-2.6462939e-8,4.119677e-8
22,113,-2.071398e-8,3.250014e-8,3.8539955e-8
22,114,-1.0113019e-8,-8.6207564e-8,8.6798714e-8
22,115,2.1760947e-8,1.8686029e-8,2.868286e-8
22,116,-4.230537e-9,-4.9133554e-8,4.931535e-8
22,117,5.4804046e-9,3.966138e-8,4.003823e-8
22,118,2.5281297e-8,-6.2218213e-9,2.603565e-8
22,119,6.8665216e-9,1.5082138e-8,1.6571663e-8
22,120,-3.064355e-8,1.9202693e-8,3.616311e-8
22,121,1.5923467e-8,2.4647504e-8,2.934376e-8
22,122,1.3949359e-8,1.43072345e-8,1.9982032e-8
22,123,4.488022e-8,4.506964e-10,4.4882484e-8
22,124,5.0511318e-8,-2.5437128e-8,5.6554757e-8
22,125,-5.3746536e-8,-4.4804583e-8,6.997243e-8
22,126,-3.6835541e-9,1.04748146e-7,1.0481289e-7
22,127,1.7634399e-8,-6.477873e-9,1.878656e-8
22,128,2.1415143e-8,7.0177656e-8,7.337242e-8
23,1,-4.1180407e-8,-1.4154979e-8,4.3545256e-8
23,2,-3.682101e-8,1.4872487e-7,1.5321511e-7
23,3,-7.5261816e-8,3.8643883e-8,8.460314e-8
23,4,1.2343375e-8,1.2646791e-7,1.2706884e-7
23,5,3.8034443e-8,1.4704504e-7,1.5188438e-7
23,6,-3.9637126e-8,7.3646646e-8,8.36357e-8
23,7,1.7456287e-8,-1.5549766e-8,2.3377707e-8
23,8,5.7556733e-8,-4.3205738e-8,7.1968834e-8
23,9,-3.3174473e-8,1.14835004e-7,1.1953085e-7
23,10,2.3990335e-8,1.1949295e-7,1.218774e-7
23,11,-7.2168994e-8,-3.0607165e-8,7.839108e-8
23,12,1.6957542e-7,7.845735e-8,1.8684587e-7
23,13,-1.6939964e-8,-7.963277e-9,1.8718337e-8
23,14,1.1123017e-7,-1.5070455e-8,1.1224647e-7
23,15,2.9701347e-8,-8.376379e-8,8.887374e-8
23,16,-2.1152974e-8,-7.451682e-8,7.746099e-8
23,17,-1.6297456e-8,1.015618e-7,1.028611e-7
23,18,1.563775e-8,2.3160805e-8,2.7945699e-8
23,19,2.2663897e-8,-4.099818e-8,4.6845525e-8
23,20,9.671108e-9,-3.947155e-8,4.0639065e-8
23,21,-1.6710466e-8,3.8560486e-8,4.2025597e-8
23,22,9.709193e-8,-1.6974457e-8,9.856457e-8
23,23,5.518117e-8,2.8547404e-8,6.212822e-8
23,24,-2.1275088e-8,2.7486466e-8,3.475824e-8
23,25,-1.8573154e-8,-2.4373717e-8,3.064376e-8
23,26,-8.849866e-8,-7.377392e-8,1.15215464e-7
23,27,-5.469918e-8,-5.984303e-8,8.10752e-8
23,28,7.907961e-8,-3.448938e-8,8.627342e-8
23,29,-4.506598e-8,1.2217321e-8,4.6692673e-8
23,30,-2.6556108e-8,-8.743558e-8,9.137947e-8
23,31,-6.984203e-8,-4.6079847e-8,8.367354e-8
23,32,-6.220632e-8,-4.179721e-8,7.49442e-8
23,33,4.0460964e-8,-9.18354e-9,4.1490082e-8
23,34,3.0269867e-8,-1.9983396e-8,3.6271214e-8
23,35,6.404153e-8,-7.497334e-9,6.447889e-8
23,36,9.111061e-8,2.1315104e-8,9.3570705e-8
23,37,-1.0760499e-8,-1.395076e-7,1.3992198e-7
23,38,2.8186657e-8,-3.4575034e-8,4.4608527e-8
23,39,5.9951844e-8,-6.9602146e-9,6.035452e-8
23,40,1.3324404e-8,3.56744e-8,3.8081524e-8
23,41,6.122022e-9,-1.0522859e-8,1.2174142e-8
23,42,-7.191454e-8,-1.2214407e-7,1.4174229e-7
23,43,-1.1722689e-7,-8.862038e-9,1.17561385e-7
23,44,-3.483161e-8,-8.959809e-8,9.613043e-8
23,45,-6.481012e-8,-1.3377868e-8,6.6176426e-8
23,46,3.9391175e-8,-3.0520184e-8,4.983118e-8
23,47,5.0836757e-8,-1.02547935e-8,5.186074e-8
23,48,-1.5250599e-8,6.936289e-8,7.1019656e-8
23,49,-7.31636e-8,-3.4931595e-8,8.107483e-8
23,50,-5.0415743e-8,-9.392024e-8,1.0659625e-7
23,51,6.884664e-8,4.7357073e-8,8.3561666e-8
23,52,7.5409275e-8,5.519735e-8,9.345216e-8
23,53,1.1518576e-7,-4.652801e-8,1.2422808e-7
23,54,9.56214e-8,-3.8430155e-8,1.0305498e-7
23,55,-7.618182e-8,-8.540198e-8,1.14442855e-7
23,56,-1.611879e-7,-4.5670955e-8,1.675332e-7
23,57,-7.048895e-8,-6.053725e-9,7.074843e-8
23,58,1.9211683e-8,-3.644921e-8,4.120235e-8
23,59,-2.3460273e-10,-5.1126776e-8,5.1127316e-8
23,60,1.686562e-8,5.2429254e-8,5.5075184e-8
23,61,-3.2693297e-8,1.4170098e-8,3.5632056e-8
23,62,1.8102575e-8,-7.50175e-8,7.717078e-8
23,63,2.763214e-8,-2.7213755e-8,3.8783032e-8
23,64,1.3531695e-7,-4.0403854e-8,1.4122021e-7
23,65,-4.741987e-8,-1.391713e-8,4.9419942e-8
23,66,-9.130779e-8,-5.9342142e-8,1.0889721e-7
23,67,1.7822725e-8,-1.568999e-8,2.3745006e-8
23,68,-1.1818911e-7,-2.9316102e-8,1.2177068e-7
23,69,-2.3180053e-7,6.7623844e-8,2.4146317e-7
23,70,-1.2561453e-7,2.4492687e-8,1.2798009e-7
23,71,-9.485775e-8,-3.2320449e-9,9.491279e-8
23,72,5.555975e-8,7.640059e-8,9.4466586e-8
23,73,1.5575644e-7,-1.2148763e-7,1.9753307e-7
23,74,-6.522502e-8,-6.756148e-8,9.390877e-8
23,75,-6.775774e-8,1.0082172e-7,1.2147481e-7
23,76,-1.5869915e-7,3.0003534e-8,1.6151047e-7
23,77,-8.8962455e-9,-5.5064824e-9,1.04625295e-8
23,78,-1.4576212e-7,-5.366349e-8,1.5532663e-7
23,79,-5.813232e-8,-3.006001e-8,6.544441e-8
23,80,-1.2498018e-7,1.6102001e-9,1.2499055e-7
23,81,-7.330781e-8,3.9069068e-8,8.306881e-8
23,82,-1.4952279e-7,7.948285e-8,1.6933573e-7
23,83,-8.345993e-8,1.2890916e-7,1.5356801e-7
23,84,-2.5615305e-8,7.443185e-8,7.8716226e-8
23,85,-1.5697278e-8,2.5355742e-8,2.982144e-8
23,86,1.1988e-7,-3.1808362e-8,1.2402816e-7
23,87,1.6578403e-7,1.2299025e-9,1.6578859e-7
23,88,1.747995e-7,5.077244e-9,1.7487322e-7
23,89,6.776483e-8,6.2746814e-8,9.235386e-8
23,90,-1.4561547e-7,1.5088884e-7,2.0969337e-7
23,91,-2.566912e-8,-5.6245494e-8,6.182604e-8
23,92,-2.6176659e-8,-6.9941585e-8,7.46796e-8
23,93,8.191602e-8,8.571571e-9,8.236326e-8
23,94,2.6020965e-8,4.6602114e-8,5.33746e-8
23,95,2.2213719e-8,1.4830589e-9,2.226317e-8
23,96,4.474401e-9,4.2721176e-8,4.295485e-8
23,97,-6.9048047e-9,-1.9665518e-9,7.179391e-9
23,98,1.1965531e-7,-8.117968e-8,1.4459438e-7
23,99,-1.0422318e-7,-2.6611565e-8,1.0756694e-7
23,100,5.5237745e-8,-4.696843e-8,7.250684e-8
23,101,-4.69975e-8,2.1723688e-8,5.1775316e-8
23,102,-4.718938e-8,-2.8421873e-8,5.5087572e-8
23,103,4.658276e-8,-1.8440083e-9,4.6619242e-8
23,104,1.7182714e-8,5.1001646e-8,5.3818336e-8
23,105,-2.927693e-8,-7.739031e-9,3.028252e-8
23,106,-6.1071326e-8,-1.799883e-8,6.3668395e-8
23,107,-1.5024218e-8,7.8245634e-8,7.9675004e-8
23,108,2.8629485e-8,-3.840966e-8,4.790563e-8
23,109,-1.32052485e-8,-1.9775856e-8,2.3779467e-8
23,110,-1.73093e-8,-1.0239253e-8,2.0111047e-8
23,111,2.346824e-8,-1.2404232e-8,2.6544742e-8
23,112,-4.9761407e-8,1.9485386e-8,5.3440413e-8
23,113,3.4283814e-9,2.4315138e-8,2.4555646e-8
23,114,-3.9985057e-8,3.87585e-8,5.5686858e-8
23,115,4.6176257e-8,-2.6844953e-8,5.3412528e-8
23,116,6.65286e-8,3.222424e-8,7.392196e-8
23,117,2.5905672e-8,-4.4182734e-8,5.121736e-8
23,118,1.6047073e-8,-5.2785563e-8,5.517086e-8
23,119,2.2199604e-8,8.239666e-8,8.5334825e-8
23,120,-1.9900702e-8,-6.2266e-9,2.0852061e-8
23,121,-1.193443e-8,4.114604e-8,4.2841886e-8
23,122,-1.6344783e-8,1.5913459e-8,2.2812062e-8
23,123,3.2278304e-9,-4.4344656e-8,4.4461977e-8
23,124,-2.7725697e-8,-5.1726783e-8,5.868879e-8
23,125,4.363809e-8,3.115337e-8,5.3617303e-8
23,126,-1.22799e-8,2.955283e-8,3.200259e-8
23,127,-3.1498924e-8,-6.8020176e-9,3.2224985e-8
23,128,1.0539361e-8,-1.02457484e-7,1.0299813e-7
24,1,1.12968294e-7,-3.592717e-8,1.1854365e-7
24,2,6.108219e-8,-1.4522826e-7,1.5755089e-7
24,3,-1.4781988e-7,6.616041e-8,1.6195035e-7
24,4,4.1976328e-8,-4.5872323e-8,6.217944e-8
24,5,1.8369981e-7,-7.712558e-8,1.9923347e-7
24,6,-7.870764e-8,-8.342965e-8,1.1469699e-7
24,7,-4.010739e-8,-1.6848315e-7,1.7319115e-7
24,8,9.249923e-8,8.548889e-8,1.2595419e-7
24,9,1.3021237e-8,-1.8747713e-8,2.2826068e-8
24,10,1.17218924e-7,-7.584858e-8,1.3961835e-7
24,11,5.996093e-8,-5.634902e-9,6.0225126e-8
24,12,4.8440757e-8,-6.826064e-8,8.3701984e-8
24,13,-6.140498e-8,-8.430002e-8,1.0429317e-7
24,14,-3.3020587e-8,6.395347e-8,7.197504e-8
24,15,3.7489063e-8,-1.204607e-8,3.9376868e-8
24,16,3.8429803e-8,3.1355693e-8,4.9598682e-8
24,17,-3.1122898e-8,-4.709273e-8,5.6447853e-8
24,18,3.2621042e-8,-3.420366e-8,4.726545e-8
24,19,5.2303704e-9,3.2171567e-8,3.2593963e-8
24,20,-4.3665693e-8,-1.88666e-9,4.3706432e-8
24,21,2.1904908e-8,1.6542789e-9,2.1967285e-8
24,22,-9.690455e-8,-6.0612773e-9,9.709393e-8
24,23,-7.762483e-9,-7.425937e-8,7.466398e-8
24,24,-2.431827e-8,5.722111e-9,2.498241e-8
24,25,3.9212864e-8,-2.6541237e-8,4.735067e-8
24,26,-1.649147e-8,-7.5697066e-8,7.747267e-8
24,27,2.4810936e-8,2.9715637e-9,2.4988251e-8
24,28,5.3706273e-8,2.3177092e-8,5.8493942e-8
24,29,1.3636947e-7,7.003253e-8,1.5330096e-7
24,30,-4.957894e-8,-1.2578479e-9,4.9594895e-8
24,31,-9.113404e-8,8.4371514e-8,1.2419326e-7
24,32,4.6686687e-8,5.4928584e-8,7.208881e-8
24,33,-3.367816e-8,-4.3685215e-8,5.5159916e-8
24,34,6.438251e-9,5.107527e-8,5.1479454e-8
24,35,-2.1625443e-8,1.8165565e-8,2.8242654e-8
24,36,-4.1105675e-8,-9.827368e-8,1.0652414e-7
24,37,-2.9021054e-9,6.397209e-8,6.4037884e-8
24,38,7.697537e-8,4.6229143e-8,8.979054e-8
24,39,-6.510857e-8,4.3127585e-8,7.809683e-8
24,40,-9.519164e-8,5.449668e-9,9.53475e-8
24,41,1.3185874e-7,6.883582e-8,1.4874507e-7
24,42,7.505258e-8,4.4410346e-8,8.720762e-8
24,43,4.8909524e-8,-1.4713279e-8,5.107467e-8
24,44,1.2692114e-7,3.0916265e-8,1.3063227e-7
24,45,4.34924e-8,-3.7276816e-8,5.7281323e-8
24,46,6.761216e-8,2.3407143e-8,7.154927e-8
24,47,-5.7553237e-8,-1.7212253e-8,6.0071926e-8
24,48,3.6363343e-8,-8.5127134e-8,9.256847e-8
24,49,6.8191284e-8,4.346465e-9,6.832966e-8
24,50,8.911015e-8,2.0540273e-8,9.144683e-8
24,51,-4.0324814e-8,7.786413e-10,4.033233e-8
24,52,-8.1510414e-8,-4.5889568e-8,9.3540365e-8
24,53,-1.2505863e-7,2.4562452e-8,1.2744793e-7
24,54,1.1818649e-8,7.2958095e-8,7.390916e-8
24,55,9.200035e-8,8.1084785e-8,1.2263281e-7
24,56,2.3926012e-7,2.6905826e-9,2.3927524e-7
24,57,1.3581875e-7,1.1434519e-8,1.3629924e-7
24,58,2.5642768e-8,6.1908146e-8,6.7008735e-8
24,59,5.999415e-8,7.6206405e-8,9.698822e-8
24,60,4.2162515e-10,-9.0437936e-8,9.043892e-8
24,61,-9.861006e-10,-5.582036e-9,5.6684675e-9
24,62,-3.2097727e-8,-3.987205e-9,3.2344428e-8
24,63,1.9417072e-8,8.558681e-8,8.7761755e-8
24,64,-8.9036604e-8,2.2702307e-9,8.9065544e-8
24,65,2.2903311e-8,7.8564405e-8,8.1834756e-8
24,66,1.8120888e-7,3.6395228e-8,1.8482767e-7
24,67,1.2915207e-7,-1.0147253e-7,1.6424656e-7
24,68,1.1970195e-7,-4.7411568e-8,1.2874942e-7
24,69,1.2518751e-7,1.03670335e-8,1.2561604e-7
24,70,2.7210683e-7,-4.015622e-8,2.750539e-7
24,71,8.440163e-8,9.878416e-8,1.2993054e-7
24,72,-1.2217106e-7,-4.8236144e-9,1.2226624e-7
24,73,-9.9404396e-8,6.276337e-8,1.1756051e-7
24,74,-2.5994815e-8,5.3356715e-8,5.935208e-8
24,75,8.109831e-8,-4.1222584e-8,9.097383e-8
24,76,8.451915e-8,-7.633048e-8,1.1388516e-7
24,77,-1.2659392e-8,6.139993e-8,6.26914e-8
24,78,1.1762038e-7,2.224262e-8,1.19705e-7
24,79,-4.4073513e-8,3.7153118e-8,5.7643984e-8
24,80,1.2984773e-7,6.696509e-9,1.300203e-7
24,81,1.6929012e-7,-6.2342664e-8,1.8040441e-7
24,82,1.6991461e-7,-1.1351317e-7,2.0434338e-7
24,83,1.4497721e-7,-1.07213936e-7,1.8031422e-7
24,84,8.831026e-8,-5.4245476e-8,1.0364011e-7
24,85,6.753936e-8,-3.05559e-8,7.412981e-8
24,86,-3.4175162e-8,-4.3744468e-8,5.5511443e-8
24,87,-1.6263884e-7,3.5412295e-8,1.6644947e-7
24,88,-1.1940541e-7,-3.989575e-8,1.2589409e-7
24,89,-1.960872e-7,-1.3714013e-7,2.392856e-7
24,90,-8.992157e-9,1.774872e-8,1.9896632e-8
24,91,1.1046692e-8,-1.7759653e-8,2.091494e-8
24,92,4.3569855e-8,-4.632159e-8,6.359262e-8
24,93,8.645587e-8,-3.8800327e-8,9.47633e-8
24,94,-1.0388872e-9,4.510225e-9,4.6283275e-9
24,95,4.6796963e-8,7.8661934e-8,9.1529536e-8
24,96,-1.5443995e-8,1.4291503e-8,2.104196e-8
24,97,-3.2420115e-8,4.5510824e-8,5.5877535e-8
24,98,-9.304877e-8,4.0215006e-8,1.01367256e-7
24,99,1.1156329e-7,5.845033e-9,1.117163e-7
24,100,-4.502111e-8,-7.004737e-9,4.556278e-8
24,101,8.609688e-8,1.1245046e-7,1.4162549e-7
24,102,7.589759e-8,-4.6850253e-8,8.9192994e-8
24,103,-1.4259082e-8,1.0299305e-8,1.7589688e-8
24,104,5.0898482e-8,2.6839189e-8,5.7541268e-8
24,105,-1.1141535e-9,-3.0021226e-8,3.0041893e-8
24,106,1.0787164e-7,5.890579e-8,1.2290721e-7
24,107,3.3164866e-8,-4.1583842e-8,5.3189513e-8
24,108,3.8391597e-8,-3.4672325e-8,5.173089e-8
24,109,-2.4961224e-8,7.537441e-8,7.9400024e-8
24,110,6.355647e-8,-1.3063226e-8,6.488507e-8
24,111,-4.5390934e-8,-9.522338e-9,4.6379e-8
24,112,-3.2522802e-8,7.133513e-9,3.329594e-8
24,113,-3.9223846e-8,-4.758998e-8,6.167103e-8
24,114,8.922438e-9,-3.5192645e-8,3.630609e-8
24,115,-6.4257655e-8,-3.7671818e-8,7.448632e-8
24,116,-3.01503e-8,-4.9753023e-8,5.817563e-8
24,117,-7.291596e-8,5.992642e-8,9.438174e-8
24,118,3.723335e-9,6.636694e-8,6.64713e-8
24,119,5.3802513e-8,1.2248118e-8,5.5179044e-8
24,120,1.0480825e-8,-1.4365987e-8,1.7782837e-8
24,121,-9.368682e-9,-2.892939e-9,9.8051665e-9
24,122,-3.481419e-8,-2.6209023e-8,4.3576836e-8
24,123,-7.9153e-9,2.7497297e-8,2.8613865e-8
24,124,-1.2851367e-8,3.3449908e-8,3.58337e-8
24,125,9.446279e-9,2.7849662e-8,2.9408092e-8
24,126,-4.234158e-8,1.0819484e-7,1.1618491e-7
24,127,-4.135586e-8,-2.222611e-8,4.695005e-8
24,128,-3.650916e-8,9.504109e-8,1.0181221e-7
25,1,-4.5572992e-8,-4.6869573e-8,6.537319e-8
25,2,8.115431e-8,9.350922e-8,1.2381436e-7
25,3,8.37464e-9,3.7041392e-9,9.15725e-9
25,4,-2.5877133e-8,6.326053e-8,6.834852e-8
25,5,-5.045886e-9,1.5381212e-7,1.5389487e-7
25,6,-5.2395123e-8,5.729645e-8,7.764105e-8
25,7,7.7036574e-8,-6.5600005e-8,1.0118298e-7
25,8,1.4945302e-7,6.427577e-8,1.626886e-7
25,9,-6.31018e-8,-1.8660248e-8,6.580306e-8
25,10,-2.0236899e-9,2.7240196e-7,2.7240947e-7
25,11,-1.1512651e-8,6.5980515e-8,6.697738e-8
25,12,-4.2891184e-8,9.950095e-8,1.08351706e-7
25,13,-5.987877e-8,-5.763127e-8,8.3107345e-8
25,14,-4.86341e-9,-2.7685875e-8,2.8109792e-8
25,15,3.5076226e-8,-8.51419e-9,3.609478e-8
25,16,-2.913672e-8,1.5907112e-10,2.9137153e-8
25,17,1.9241172e-8,7.9570675e-8,8.1864e-8
25,18,-1.4228771e-8,-3.9820087e-8,4.2285897e-8
25,19,9.1718066e-10,7.516429e-9,7.572181e-9
25,20,-1.0589991e-8,8.565344e-9,1.3620316e-8
25,21,-1.3376113e-8,1.9280046e-8,2.3465732e-8
25,22,-5.4069723e-8,1.173085e-8,5.532764e-8
25,23,5.3321827e-8,-9.0465164e-8,1.050103e-7
25,24,-1.1492818e-8,3.069398e-8,3.277507e-8
25,25,1.3714018e-8,4.2366337e-9,1.4353514e-8
25,26,-1.9424204e-8,-4.5460364e-8,4.9436267e-8
25,27,-2.8647353e-8,-3.4913377e-8,4.5162093e-8
25,28,-3.869338e-8,3.5460115e-8,5.2484257e-8
25,29,-4.4450065e-8,-4.8234195e-8,6.559227e-8
25,30,-7.4482682e-9,-3.229134e-8,3.3139212e-8
25,31,-9.84591e-9,-3.2841402e-8,3.428556e-8
25,32,-1.4593523e-8,-1.0793893e-7,1.08921e-7
25,33,-3.8255525e-8,-1.2223396e-8,4.0160884e-8
25,34,-4.2265444e-9,-1.361729e-7,1.3623848e-7
25,35,-9.6084865e-9,5.794885e-8,5.874004e-8
25,36,8.832716e-8,1.1913283e-8,8.912696e-8
25,37,3.124619e-8,-3.7380772e-8,4.8720086e-8
25,38,-9.028615e-8,-7.252313e-8,1.15806706e-7
25,39,1.0403464e-9,-5.1324694e-8,5.133524e-8
25,40,4.5155378e-8,-3.3118102e-8,5.5998363e-8
25,41,-5.2571217e-8,2.4597368e-8,5.804105e-8
25,42,-1.455752e-7,-2.8390364e-8,1.4831774e-7
25,43,1.4824601e-8,-6.945578e-8,7.102024e-8
25,44,-9.710513e-8,-6.6003174e-8,1.1741305e-7
25,45,-1.1183242e-7,-7.0742465e-9,1.1205595e-7
25,46,-1.15287175e-8,4.538389e-8,4.68253e-8
25,47,1.0212467e-7,-1.1788189e-8,1.0280277e-7
25,48,-1.1575624e-8,1.760057e-8,2.106597e-8
25,49,-1.0351436e-7,-8.001603e-9,1.0382316e-7
25,50,-6.076058e-8,-2.3346345e-8,6.509147e-8
25,51,-1.5080452e-8,-8.2110155e-8,8.348352e-8
25,52,1.5218025e-7,1.7375624e-8,1.53169e-7
25,53,7.2924855e-8,-9.590858e-8,1.204844e-7
25,54,1.0360556e-7,-5.8376408e-8,1.1891979e-7
25,55,-5.814724e-8,-1.1274882e-7,1.2685976e-7
25,56,-2.0148084e-7,-1.1042653e-7,2.2975759e-7
25,57,-1.2294956e-7,-6.8262382e-9,1.2313892e-7
25,58,-5.081639e-8,7.998948e-10,5.0822685e-8
25,59,3.8997428e-8,-1.0254722e-7,1.0971204e-7
25,60,5.7871496e-8,-9.5621395e-9,5.8656155e-8
25,61,7.314808e-8,5.410706e-9,7.334792e-8
25,62,3.702811e-8,-5.705048e-8,6.801351e-8
25,63,6.543331e-8,-4.4367603e-8,7.905696e-8
25,64,1.1871603e-7,-2.178221e-7,2.480725e-7
25,65,-5.9075028e-8,-6.377589e-8,8.693229e-8
25,66,-2.6207013e-7,3.5692995e-8,2.6448959e-7
25,67,-6.803667e-8,1.4611323e-8,6.958793e-8
25,68,-5.650979e-8,4.7175895e-8,7.361332e-8
25,69,-2.6586403e-7,5.5997864e-9,2.65923e-7
25,70,-1.3800442e-7,7.2987696e-8,1.561167e-7
25,71,-1.0749003e-7,1.3328167e-7,1.7122532e-7
25,72,1.0366851e-8,-2.0253033e-8,2.2752076e-8
25,73,1.9686213e-7,-3.3586778e-9,1.9689078e-7
25,74,1.2293406e-9,-2.8258606e-7,2.8258873e-7
25,75,-1.1162259e-7,2.2758329e-8,1.1391902e-7
25,76,-5.8443835e-8,6.394309e-8,8.662794e-8
25,77,4.1760444e-8,1.0989886e-7,1.17565705e-7
25,78,-1.03890926e-7,5.782392e-8,1.18898825e-7
25,79,-3.317961e-8,-1.6893681e-8,3.7232823e-8
25,80,-1.117183e-7,4.568347e-9,1.11811666e-7
25,81,-1.497817e-7,9.62471e-8,1.780395e-7
25,82,-1.9326082e-7,1.5855274e-7,2.4997743e-7
25,83,-1.1761742e-7,1.971138e-7,2.2953803e-7
25,84,-1.6861184e-8,7.920501e-8,8.097983e-8
25,85,-4.4371824e-8,1.410952e-8,4.6561112e-8
25,86,1.3492587e-7,8.182414e-8,1.5779791e-7
25,87,1.1252197e-7,-5.3801053e-8,1.2472267e-7
25,88,2.1899366e-7,6.941163e-8,2.297307e-7
25,89,1.5543385e-7,4.017212e-8,1.6054122e-7
25,90,-1.4181143e-7,4.0921748e-8,1.4759766e-7
25,91,1.799697e-8,8.498994e-9,1.990286e-8
25,92,1.3441417e-7,2.5400944e-8,1.3679319e-7
25,93,9.560972e-9,3.9923574e-8,4.1052452e-8
25,94,9.6137576e-8,1.46310395e-8,9.7244545e-8
25,95,-2.2696864e-9,-6.341332e-9,6.7352777e-9
25,96,-3.166799e-8,-6.812484e-8,7.51256e-8
25,97,6.442546e-8,-3.6804447e-8,7.419708e-8
25,98,1.03812454e-7,-1.9130994e-8,1.0556051e-7
25,99,-1.2786853e-7,4.5648328e-8,1.3577235e-7
25,100,7.02048e-8,-6.047605e-8,9.2661026e-8
25,101,-2.0149669e-8,-2.0441407e-8,2.8702965e-8
25,102,-3.381853e-8,6.24076e-8,7.09817e-8
25,103,1.2443777e-8,-2.4177202e-8,2.7191629e-8
25,104,-9.289526e-8,-2.8935226e-8,9.729737e-8
25,105,7.077191e-8,8.979805e-9,7.133933e-8
25,106,-1.2755898e-7,4.2755136e-8,1.3453362e-7
25,107,-4.4318814e-8,-3.8962284e-8,5.901031e-8
25,108,-2.6875691e-8,6.993628e-8,7.492253e-8
25,109,-4.7148223e-8,8.8728044e-8,1.0047697e-7
25,110,-2.0629816e-8,-4.494597e-8,4.9454318e-8
25,111,-7.396237e-8,-3.7316838e-8,8.2843094e-8
25,112,-6.689474e-9,7.866099e-9,1.0325918e-8
25,113,-3.58487e-8,-2.8186944e-8,4.5602995e-8
25,114,-1.6897092e-9,6.7432154e-8,6.745332e-8
25,115,-2.8178702e-8,1.6756603e-8,3.278449e-8
25,116,-1.6780286e-8,1.220803e-8,2.075124e-8
25,117,1.7190732e-8,1.355075e-8,2.188936e-8
25,118,-8.500049e-8,-9.136894e-8,1.2479329e-7
25,119,1.7783492e-8,7.58159e-9,1.9332177e-8
25,120,-5.6047682e-8,1.7606588e-8,5.874806e-8
25,121,2.9323473e-9,-1.2315404e-8,1.2659693e-8
25,122,3.7633722e-8,-3.7872518e-8,5.339124e-8
25,123,-5.920913e-9,-4.4353325e-8,4.4746784e-8
25,124,-9.04492e-8,3.8032124e-9,9.052912e-8
25,125,1.7853983e-8,-5.1122473e-8,5.415046e-8
25,126,-1.28956765e-8,-3.6164558e-8,3.839497e-8
25,127,3.0562182e-9,8.41109e-9,8.9491285e-9
25,128,-8.931253e-8,9.127069e-9,8.977768e-8
26,1,4.97346e-8,-4.6880504e-9,4.9955062e-8
26,2,4.291818e-8,-4.8133714e-8,6.448895e-8
26,3,-1.4928014e-8,3.2359463e-8,3.5636784e-8
26,4,1.5598227e-8,-2.1647129e-11,1.5598241e-8
26,5,-1.3170128e-7,-8.2453255e-8,1.5538265e-7
26,6,8.370698e-8,-1.4998831e-7,1.717654e-7
26,7,-9.271532e-8,2.695498e-8,9.655414e-8
26,8,-1.0610889e-8,-5.0515215e-8,5.161761e-8
26,9,9.455415e-8,-4.2921712e-8,1.0384007e-7
26,10,1.0243872e-7,-1.7920789e-7,2.0641986e-7
26,11,1.5000364e-7,8.6676565e-8,1.7324525e-7
26,12,-2.0524817e-8,-1.613034e-8,2.6104711e-8
26,13,3.7630535e-8,-4.422255e-8,5.8066263e-8
26,14,4.0925897e-8,-2.3066131e-9,4.0990848e-8
26,15,6.765589e-8,3.669028e-9,6.77553e-8
26,16,-3.5738008e-8,1.0713865e-7,1.12942004e-7
26,17,2.4518691e-8,2.7998803e-8,3.721692e-8
26,18,-4.259162e-8,-3.9277126e-8,5.7937367e-8
26,19,-2.20439e-8,4.5195172e-8,5.0284562e-8
26,20,-2.9429703e-8,-4.0722643e-8,5.0243816e-8
26,21,6.374615e-9,1.9237294e-8,2.0265961e-8
26,22,-7.599831e-8,-4.757799e-9,7.614709e-8
26,23,-1.0209136e-7,-2.3246143e-9,1.0211782e-7
26,24,-5.1968257e-8,1.7922053e-8,5.497181e-8
26,25,-5.581727e-8,1.6167535e-8,5.811159e-8
26,26,1.2335241e-8,-2.3121743e-8,2.6206358e-8
26,27,3.0593352e-8,3.6603808e-8,4.770526e-8
26,28,7.4404594e-9,-4.8378848e-8,4.894766e-8
26,29,1.3580704e-7,-2.613658e-8,1.3829921e-7
26,30,5.3363003e-8,1.7907244e-8,5.6287472e-8
26,31,1.6005597e-8,8.892287e-8,9.035184e-8
26,32,5.641519e-8,2.9813716e-8,6.380855e-8
26,33,-3.215734e-9,4.2003148e-8,4.2126064e-8
26,34,4.011179e-8,6.700291e-8,7.80919e-8
26,35,6.418271e-8,4.738602e-8,7.978004e-8
26,36,-6.367256e-8,-7.429776e-8,9.784862e-8
26,37,5.8826622e-8,1.2459445e-7,1.377837e-7
26,38,1.5256205e-7,-6.9920807e-9,1.527222e-7
26,39,-6.244106e-8,2.095835e-8,6.586455e-8
26,40,-7.0839945e-8,-9.598496e-8,1.1929548e-7
26,41,1.045657e-7,3.2278198e-8,1.0943431e-7
26,42,1.6189867e-7,1.1634192e-7,1.9936554e-7
26,43,7.9095784e-8,5.8611814e-8,9.8445355e-8
26,44,5.5129295e-8,1.2117139e-8,5.644523e-8
26,45,1.16485246e-7,5.425533e-8,1.2850079e-7
26,46,-3.288889e-8,-6.213152e-8,7.029939e-8
26,47,-1.3674829e-8,-5.9602108e-8,6.1150736e-8
26,48,2.6478677e-8,-6.442764e-8,6.965659e-8
26,49,3.5031388e-8,-2.009104e-8,4.038376e-8
26,50,1.05753585e-7,7.069621e-9,1.0598962e-7
26,51,-1.5807197e-9,-2.6989229e-8,2.703548e-8
26,52,-2.0699792e-7,-1.3856179e-7,2.4909338e-7
26,53,-1.13985905e-7,5.3286808e-8,1.2582635e-7
26,54,-9.3960615e-8,3.04779e-8,9.8780056e-8
26,55,1.0699398e-7,2.1972621e-8,1.0922686e-7
26,56,3.0433225e-7,7.022732e-8,3.1232995e-7
26,57,1.16610806e-7,4.361461e-9,1.1669234e-7
26,58,7.962549e-9,1.6806785e-8,1.8597586e-8
26,59,-6.3866246e-8,1.1017471e-7,1.2734742e-7
26,60,1.7358047e-8,-6.965272e-8,7.178303e-8
26,61,-1.4849488e-7,-3.6360312e-8,1.5288165e-7
26,62,-2.168644e-8,7.915277e-8,8.206987e-8
26,63,-2.9506898e-8,6.610362e-8,7.239023e-8
26,64,-1.8961607e-8,1.5599768e-7,1.5714585e-7
26,65,1.435683e-7,8.627351e-8,1.674962e-7
26,66,1.5957123e-7,-2.490896e-8,1.6150366e-7
26,67,1.0555558e-7,-4.215452e-8,1.13661706e-7
26,68,1.9459989e-7,-5.2436715e-8,2.0154089e-7
26,69,4.7299037e-7,-1.7559438e-7,5.0453275e-7
26,70,1.2513216e-7,-2.3754563e-8,1.2736693e-7
26,71,1.3670564e-7,-1.4665242e-8,1.3749e-7
26,72,-1.679494e-7,2.3539268e-8,1.6959096e-7
26,73,-3.4653561e-7,2.2876968e-7,4.1523788e-7
26,74,-1.094e-7,1.7798463e-7,2.0891838e-7
26,75,4.5399993e-8,-1.6223503e-7,1.684677e-7
26,76,1.2623194e-7,-3.305597e-8,1.3048832e-7
26,77,-2.6583086e-8,1.953622e-9,2.6654776e-8
26,78,7.3717054e-8,-1.3280698e-8,7.490381e-8
26,79,6.828861e-8,3.3404632e-8,7.6021074e-8
26,80,2.7408282e-7,3.3754577e-10,2.7408302e-7
26,81,3.8058602e-7,-7.497347e-8,3.8790043e-7
26,82,3.188646e-7,-1.3977788e-7,3.4815585e-7
26,83,1.4645542e-7,-1.9289507e-7,2.4219352e-7
26,84,1.3122695e-7,-6.0907105e-8,1.446727e-7
26,85,-7.490377e-9,-3.5129716e-8,3.5919392e-8
26,86,-8.817683e-8,-2.8847587e-8,9.2775736e-8
26,87,-9.522245e-8,5.7273397e-8,1.1111956e-7
26,88,-1.8191948e-7,-3.6371937e-8,1.8551985e-7
26,89,-1.6174711e-7,-7.529537e-8,1.784139e-7
26,90,1.1516579e-7,1.29738185e-8,1.1589426e-7
26,91,9.791105e-8,6.134506e-9,9.810304e-8
26,92,-7.2692266e-8,6.413405e-8,9.6939885e-8
26,93,-5.7789585e-8,-9.9399614e-8,1.1497791e-7
26,94,-1.4700984e-8,-3.293178e-8,3.6064126e-8
26,95,5.6873464e-8,1.4846257e-8,5.8779268e-8
26,96,-3.9865043e-8,1.2056508e-7,1.2698487e-7
26,97,5.2843006e-8,4.1083766e-8,6.693474e-8
26,98,-1.328181e-7,3.1774565e-9,1.328561e-7
26,99,1.9621336e-7,-1.06945e-7,2.2346569e-7
26,100,-3.7702986e-8,-1.02230375e-8,3.906438e-8
26,101,6.734122e-8,-1.0402932e-8,6.814001e-8
26,102,6.3923345e-8,-1.402075e-7,1.5409198e-7
26,103,-5.6452127e-8,6.321774e-8,8.47545e-8
26,104,7.243388e-8,3.5485996e-8,8.06593e-8
26,105,3.429409e-8,-1.532465e-8,3.756234e-8
26,106,7.592818e-8,-2.3705002e-9,7.5965175e-8
26,107,4.6144045e-8,-1.5230235e-8,4.859252e-8
26,108,3.204913e-8,-1.5067481e-8,3.541434e-8
26,109,-2.9642683e-8,-4.174963e-8,5.1202736e-8
26,110,1.4489406e-8,-1.7291175e-8,2.2559425e-8
26,111,-2.3339167e-8,-5.6882477e-8,6.1484414e-8
26,112,-3.1716475e-8,4.0366633e-8,5.1336144e-8
26,113,-1.2478419e-8,4.8732787e-8,5.0305022e-8
26,114,-1.968627e-9,-6.199273e-9,6.5043433e-9
26,115,-3.3123605e-8,-5.5597532e-8,6.471676e-8
26,116,-1.14631426e-7,4.2505313e-8,1.2225819e-7
26,117,-5.5360687e-8,3.299874e-8,6.444938e-8
26,118,1.9775841e-8,-6.928637e-9,2.0954472e-8
26,119,-2.822716e-9,-2.1913998e-8,2.2095046e-8
26,120,8.669631e-9,-2.7491092e-8,2.882573e-8
26,121,1.9242902e-8,5.359326e-8,5.694319e-8
26,122,3.1132032e-8,6.3088454e-9,3.1764838e-8
26,123,2.9366623e-8,8.550158e-8,9.04042e-8
26,124,-6.981625e-9,-3.6632184e-8,3.7291553e-8
26,125,4.164697e-8,7.107245e-8,8.237574e-8
26,126,-4.8593756e-9,2.9192526e-8,2.9594206e-8
26,127,4.4322974e-8,3.8549217e-8,5.8741538e-8
26,128,1.4942637e-8,-5.344604e-9,1.5869695e-8
27,1,-9.602699e-8,2.0701558e-8,9.823307e-8
27,2,-1.2921059e-7,1.0057115e-7,1.637374e-7
27,3,-4.119354e-8,-2.2573648e-8,4.6973156e-8
27,4,3.8865635e-9,7.203885e-8,7.2143614e-8
27,5,1.7032114e-8,1.6283258e-7,1.6372093e-7
27,6,1.3299766e-8,1.7884408e-7,1.7933792e-7
27,7,5.5164787e-8,4.0036685e-8,6.816223e-8
27,8,9.492863e-8,-2.0023641e-7,2.2159888e-7
27,9,1.390779e-7,1.4374005e-7,2.0000967e-7
27,10,-1.7946363e-8,-2.8966515e-8,3.407537e-8
27,11,-4.932961e-8,6.746403e-8,8.357515e-8
27,12,1.42059005e-8,9.736184e-8,9.839276e-8
27,13,5.631808e-9,-2.5874929e-8,2.6480732e-8
27,14,-6.154416e-8,-1.2036271e-7,1.3518456e-7
27,15,-4.7759286e-8,-6.534264e-9,4.820421e-8
27,16,4.0061106e-8,7.331926e-10,4.0067814e-8
27,17,6.3479426e-8,3.8001318e-9,6.359307e-8
27,18,7.287662e-8,3.1621006e-9,7.2945184e-8
27,19,5.0331506e-10,-6.9133975e-8,6.913581e-8
27,20,1.8054486e-8,-7.8806785e-8,8.0848466e-8
27,21,1.9621545e-8,1.4075155e-8,2.4147775e-8
27,22,7.2031696e-8,2.7917128e-8,7.725239e-8
27,23,1.7590371e-7,5.0042843e-8,1.8288357e-7
27,24,-7.504534e-8,-5.203995e-8,9.132338e-8
27,25,2.1551026e-8,3.7397086e-8,4.3162355e-8
27,26,-4.862354e-8,-1.1561907e-7,1.2542735e-7
27,27,9.332187e-9,-7.0219286e-8,7.08367e-8
27,28,3.5578231e-9,6.745287e-9,7.626074e-9
27,29,-6.476891e-8,-2.8836345e-8,7.0898146e-8
27,30,-6.383577e-9,2.8093081e-9,6.9744006e-9
27,31,-4.2788873e-8,-2.4971762e-8,4.9542674e-8
27,32,-4.8284196e-8,-3.1591817e-8,5.770101e-8
27,33,9.168104e-9,-5.8673276e-8,5.9385247e-8
27,34,1.5906593e-8,-1.14540505e-7,1.1563973e-7
27,35,5.512867e-9,3.169736e-8,3.2173194e-8
27,36,5.448933e-8,7.54943e-8,9.310465e-8
27,37,-9.602091e-8,-4.998268e-8,1.0825102e-7
27,38,-5.0345218e-8,-3.361645e-8,6.053682e-8
27,39,-2.41593e-8,-3.5053933e-8,4.257288e-8
27,40,-3.2990535e-8,-1.2594334e-10,3.2990776e-8
27,41,-4.0015895e-8,-4.3896865e-8,5.9398708e-8
27,42,-1.7315341e-7,-8.212679e-8,1.9164267e-7
27,43,-3.7828933e-8,-5.7456393e-8,6.8791465e-8
27,44,-3.9129215e-8,-5.1976166e-8,6.5058565e-8
27,45,-9.343618e-8,-3.9896992e-8,1.01597685e-7
27,46,1.5189526e-8,2.4383539e-8,2.8727664e-8
27,47,9.071496e-8,-3.7181753e-8,9.8039216e-8
27,48,5.3743268e-9,5.2046424e-8,5.2323166e-8
27,49,-4.8520196e-8,5.7553248e-8,7.527673e-8
27,50,-1.46216e-7,-1.4369321e-7,2.0500453e-7
27,51,1.00704376e-7,2.2461387e-8,1.031789e-7
27,52,2.3197991e-7,5.239108e-8,2.3782242e-7
27,53,2.05399e-7,-1.06380384e-7,2.3131264e-7
27,54,1.3560715e-7,-5.73343e-8,1.4722949e-7
27,55,-6.279014e-8,-8.636509e-8,1.06777954e-7
27,56,-4.548042e-7,-6.08152e-8,4.588522e-7
27,57,-1.5866878e-7,-5.7302096e-9,1.5877222e-7
27,58,-2.1105222e-8,1.2430081e-8,2.4493618e-8
27,59,9.875184e-9,-1.3767857e-7,1.3803228e-7
27,60,8.917532e-8,9.2828e-8,1.287217e-7
27,61,2.4418395e-7,-8.217759e-8,2.5764115e-7
27,62,-1.9965977e-7,-3.347296e-8,2.0244619e-7
27,63,1.8682618e-7,-1.0005857e-7,2.1193334e-7
27,64,-4.6739533e-8,-4.450036e-8,6.4535776e-8
27,65,-2.5922677e-7,-2.7322468e-8,2.606627e-7
27,66,-3.4311248e-7,7.7767744e-8,3.518153e-7
27,67,-1.6832408e-7,-7.275058e-8,1.8337296e-7
27,68,-3.7496284e-7,1.4300162e-8,3.7523543e-7
27,69,-2.0844533e-7,4.3301437e-8,2.1289544e-7
27,70,-1.736969e-7,-1.4761105e-7,2.2794656e-7
27,71,3.737965e-7,-1.2573365e-7,3.9437643e-7
27,72,6.570652e-7,-2.4126945e-7,6.9996116e-7
27,73,7.947635e-7,-6.0314085e-7,9.977114e-7
27,74,6.5001586e-7,-5.3580305e-7,8.4238087e-7
27,75,1.7022107e-7,1.814171e-8,1.7118509e-7
27,76,1.9503727e-7,1.8849752e-8,1.9594604e-7
27,77,3.5008023e-7,-1.7400829e-7,3.9094124e-7
27,78,-1.5720843e-7,-1.0957148e-7,1.9162567e-7
27,79,-1.18195004e-7,5.033038e-9,1.1830212e-7
27,80,-3.5264253e-7,-1.4930042e-7,3.8294564e-7
27,81,-6.9879195e-7,2.2691762e-7,7.3471205e-7
27,82,-5.171214e-7,1.4350316e-7,5.366635e-7
27,83,-4.1634434e-7,3.2144254e-7,5.2599233e-7
27,84,-3.3563128e-7,2.0362118e-7,3.925684e-7
27,85,-8.3135305e-8,1.340059e-7,1.5769928e-7
27,86,9.8314345e-8,7.554511e-8,1.23987e-7
27,87,3.998309e-7,-1.1390329e-7,4.1573875e-7
27,88,3.2218645e-7,5.6432643e-8,3.2709136e-7
27,89,3.2462415e-7,6.214608e-8,3.3051924e-7
27,90,-1.5871106e-7,1.1692859e-7,1.9713319e-7
27,91,-1.0787734e-7,1.1373793e-8,1.0847527e-7
27,92,-7.5482935e-9,-3.0604714e-9,8.145135e-9
27,93,1.4458267e-7,4.1674287e-8,1.5046892e-7
27,94,9.3622056e-8,-1.852646e-8,9.5437514e-8
27,95,1.5381879e-8,-6.725911e-8,6.8995575e-8
27,96,4.890567e-8,-4.4493078e-8,6.611655e-8
27,97,-2.4729749e-8,3.0766405e-8,3.9473182e-8
27,98,7.376989e-8,3.3652356e-9,7.384661e-8
27,99,-1.0769245e-7,1.34287e-7,1.721356e-7
27,100,1.56406e-7,-2.2719142e-8,1.5804746e-7
27,101,-2.7716549e-8,-2.8717306e-8,3.9911036e-8
27,102,-2.9085331e-8,2.9087513e-8,4.1134413e-8
27,103,6.802708e-8,-1.992358e-8,7.088464e-8
27,104,-1.243847e-7,2.8561506e-9,1.2441748e-7
27,105,7.471796e-8,-1.6238104e-8,7.646208e-8
27,106,-7.1674116e-8,2.8142889e-8,7.70013e-8
27,107,-1.2495244e-7,1.7805142e-8,1.2621463e-7
27,108,1.0886387e-9,-1.6601527e-8,1.6637182e-8
27,109,2.5503486e-9,3.6928988e-8,3.701695e-8
27,110,-4.8938514e-8,-3.6627679e-9,4.9075393e-8
27,111,3.6588663e-8,2.5806658e-8,4.477403e-8
27,112,-3.6935067e-8,-6.9830335e-8,7.899668e-8
27,113,8.039517e-9,1.8113875e-8,1.9817827e-8
27,114,-5.089854e-8,5.649159e-8,7.603921e-8
27,115,3.4617297e-8,3.4498914e-8,4.8872614e-8
27,116,1.486977e-8,-5.719353e-8,5.9094926e-8
27,117,7.822626e-9,-1.1173933e-8,1.3640024e-8
27,118,-1.8380115e-8,-6.991891e-8,7.229442e-8
27,119,-8.116285e-9,-7.761322e-9,1.1229969e-8
27,120,-4.1331305e-8,4.1682938e-8,5.870046e-8
27,121,-3.0701912e-8,-2.4638107e-9,3.0800614e-8
27,122,1.5804261e-8,-1.9649e-8,2.5216222e-8
27,123,4.2648637e-8,1.9436511e-8,4.68688e-8
27,124,-3.5968342e-9,5.6817505e-8,5.6931242e-8
27,125,-8.791776e-8,1.3714749e-8,8.898105e-8
27,126,4.1105302e-8,2.243932e-8,4.6831282e-8
27,127,-2.3964756e-8,-1.06534436e-7,1.0919659e-7
27,128,1.5130276e-8,-1.4414452e-8,2.0897408e-8
28,1,2.1366817e-7,-1.5807598e-7,2.6578581e-7
28,2,1.3323395e-7,-1.8233023e-7,2.2582205e-7
28,3,8.717705e-8,-1.3534992e-7,1.6099516e-7
28,4,1.3167777e-7,-2.0541219e-7,2.4399426e-7
28,5,1.9360758e-7,-4.7391143e-7,5.1193354e-7
28,6,1.9549074e-7,-2.2897176e-7,3.010726e-7
28,7,2.0316196e-7,-2.441797e-7,3.1764526e-7
28,8,4.4372297e-7,-9.4714494e-8,4.5371897e-7
28,9,2.1315135e-7,-2.6779657e-7,3.4226963e-7
28,10,3.19176e-7,-1.937321e-7,3.733704e-7
28,11,1.7213495e-7,-1.32834606e-8,1.7264672e-7
28,12,1.0371875e-7,-9.21336e-8,1.387306e-7
28,13,1.4084999e-7,-1.100038e-7,1.7871642e-7
28,14,1.2798586e-7,-6.426944e-9,1.2814712e-7
28,15,6.351401e-8,-5.231223e-8,8.228365e-8
28,16,-8.749815e-8,3.0357754e-8,9.26149e-8
28,17,-9.562028e-8,-3.0028957e-8,1.00224625e-7
28,18,-1.0002612e-7,-1.188101e-8,1.0072926e-7
28,19,-1.2040522e-7,5.0889625e-8,1.3071791e-7
28,20,-9.796144e-8,-3.3866847e-8,1.0365041e-7
28,21,-1.2824162e-7,-3.1635608e-8,1.3208606e-7
28,22,-9.354781e-9,-4.853718e-9,1.0538999e-8
28,23,-3.4413e-8,1.8750672e-8,3.918982e-8
28,24,-1.5316425e-7,6.910366e-8,1.6803156e-7
28,25,-1.43984655e-8,8.706983e-8,8.8252314e-8
28,26,-1.24710455e-8,3.605867e-8,3.815435e-8
28,27,5.748098e-8,1.231528e-7,1.3590686e-7
28,28,1.5811768e-8,1.2445922e-7,1.254596e-7
28,29,1.0914124e-7,1.6403683e-7,1.9702765e-7
28,30,1.2561455e-7,9.793668e-8,1.5928154e-7
28,31,7.719702e-8,1.7567773e-7,1.918907e-7
28,32,1.2386644e-7,1.539032e-7,1.9755781e-7
28,33,1.12741205e-7,5.2650417e-8,1.2442928e-7
28,34,1.3028504e-7,1.8139856e-7,2.2333748e-7
28,35,1.195909e-7,-6.137642e-8,1.3442116e-7
28,36,7.1963065e-8,-1.6331913e-7,1.7847078e-7
28,37,9.982992e-8,2.6572469e-9,9.9865275e-8
28,38,1.6181411e-7,-4.8507644e-8,1.6892838e-7
28,39,4.0569297e-8,-8.817221e-8,9.705774e-8
28,40,1.0073045e-7,-1.5651396e-7,1.8612695e-7
28,41,1.5623878e-7,4.3611486e-8,1.6221134e-7
28,42,7.171671e-8,-2.6355197e-8,7.640604e-8
28,43,1.590605e-7,-1.44418e-7,2.1484134e-7
28,44,4.2432315e-8,-1.749606e-8,4.589786e-8
28,45,2.6333632e-8,-9.113815e-8,9.486634e-8
28,46,-1.4400143e-7,-7.370132e-8,1.6176618e-7
28,47,-2.3711142e-7,-3.4476425e-8,2.396048e-7
28,48,-6.8574806e-8,-1.4298733e-7,1.5858083e-7
28,49,-4.1120053e-8,-8.2210136e-8,9.192043e-8
28,50,1.283393e-8,9.373401e-8,9.460853e-8
28,51,-1.100002e-7,8.098484e-9,1.1029791e-7
28,52,-3.4767862e-7,7.878827e-8,3.5649407e-7
28,53,-2.1905866e-7,1.8814782e-7,2.8876687e-7
28,54,-7.067658e-8,1.6288067e-7,1.7755363e-7
28,55,1.9485651e-7,2.7051846e-7,3.333906e-7
28,56,4.967664e-7,4.3308656e-8,4.986507e-7
28,57,4.195804e-7,1.0030099e-7,4.3140236e-7
28,58,6.920666e-8,9.444426e-8,1.17086635e-7
28,59,1.0089179e-7,2.2622024e-7,2.4769892e-7
28,60,-1.4787126e-7,1.9735083e-8,1.4918238e-7
28,61,-2.8691406e-7,-1.7064092e-7,3.338233e-7
28,62,3.180669e-7,1.9756327e-7,3.7442996e-7
28,63,3.2915187e-7,-4.908811e-8,3.3279213e-7
28,64,8.1155235e-7,-7.73833e-8,8.1523336e-7
28,65,1.9099875e-6,-4.850055e-7,1.9706047e-6
28,66,1.6215822e-6,-1.1935889e-6,2.0135003e-6
28,67,2.8678205e-6,-7.7099014e-7,2.9696498e-6
28,68,3.1979698e-6,-1.431324e-6,3.5036694e-6
28,69,4.7697786e-6,-2.4783228e-6,5.375209e-6
28,70,4.340981e-6,-2.0345813e-6,4.7941253e-6
28,71,4.34996e-6,-1.7797362e-6,4.699959e-6
28,72,4.6246982e-6,-2.4133442e-6,5.2165183e-6
28,73,4.482944e-6,-2.2894428e-6,5.03372e-6
28,74,5.5778214e-6,-2.6569503e-6,6.178307e-6
28,75,5.2444443e-6,-2.6378566e-6,5.8704754e-6
28,76,5.3798985e-6,-2.4644523e-6,5.917502e-6
28,77,4.213654e-6,-2.241502e-6,4.772757e-6
28,78,4.2807046e-6,-2.2146828e-6,4.8196734e-6
28,79,4.0386485e-6,-1.8257732e-6,4.43217e-6
28,80,3.3804615e-6,-1.4396021e-6,3.674231e-6
28,81,3.2476214e-6,-1.6236994e-6,3.6309013e-6
28,82,2.7316112e-6,-1.1683262e-6,2.9709738e-6
28,83,1.7251865e-6,-1.0135802e-6,2.0009031e-6
28,84,1.024082e-6,-8.9154065e-7,1.3577882e-6
28,85,7.8082856e-8,-6.1134017e-7,6.163065e-7
28,86,-2.1150333e-7,-2.9576623e-7,3.6360873e-7
28,87,-6.287986e-7,1.306154e-8,6.2893423e-7
28,88,-1.130499e-6,-7.282539e-8,1.1328422e-6
28,89,-6.142404e-7,2.3844017e-8,6.14703e-7
28,90,-2.713034e-7,-1.8746464e-8,2.719503e-7
28,91,5.6589673e-8,3.3321209e-7,3.3798327e-7
28,92,-1.2747036e-7,1.1268857e-7,1.7013937e-7
28,93,-2.035962e-7,1.1567341e-7,2.341618e-7
28,94,-2.0711357e-7,1.809446e-7,2.750218e-7
28,95,2.5498336e-8,3.207444e-7,3.2175632e-7
28,96,1.1141448e-7,3.4073815e-7,3.5849084e-7
28,97,-1.15113444e-7,2.4101826e-7,2.670972e-7
28,98,-9.385039e-9,1.9850886e-7,1.9873059e-7
28,99,3.0148567e-7,8.155391e-8,3.123214e-7
28,100,8.7233026e-8,3.6708904e-8,9.464219e-8
28,101,1.4668763e-7,1.933048e-7,2.4266026e-7
28,102,2.494198e-7,-1.01160204e-7,2.6915353e-7
28,103,1.8415523e-7,8.1997875e-8,2.015857e-7
28,104,4.276162e-7,-7.360119e-8,4.3390406e-7
28,105,1.712571e-7,-6.1498845e-8,1.8196457e-7
28,106,1.1650581e-7,-6.365315e-8,1.327604e-7
28,107,2.7586054e-7,-6.699708e-8,2.8387964e-7
28,108,8.8952376e-8,-8.047115e-9,8.931563e-8
28,109,5.373456e-8,-6.5068036e-8,8.4387516e-8
28,110,4.6358597e-9,-7.2406294e-8,7.255455e-8
28,111,-3.599139e-8,-1.5469391e-7,1.5882564e-7
28,112,2.447032e-8,-5.2215466e-8,5.7664995e-8
28,113,-1.2690074e-7,-1.2535484e-7,1.7837499e-7
28,114,-3.1650103e-8,-1.2897154e-7,1.3279829e-7
28,115,-1.4545269e-7,-9.050512e-8,1.7131158e-7
28,116,-1.2496203e-7,7.942951e-9,1.2521421e-7
28,117,-7.9762884e-8,9.4028074e-8,1.2330206e-7
28,118,-9.201867e-8,4.4074497e-8,1.0202939e-7
28,119,-5.634479e-9,1.8078019e-8,1.8935737e-8
28,120,-1.1654307e-7,3.2335812e-8,1.2094583e-7
28,121,5.0543928e-8,8.545089e-8,9.928013e-8
28,122,-3.673458e-8,7.8831505e-8,8.697032e-8
28,123,-1.978219e-8,1.331877e-7,1.346488e-7
28,124,-2.1638261e-8,9.565133e-8,9.80683e-8
28,125,-4.525756e-8,1.0321767e-9,4.526933e-8
28,126,4.7970037e-8,3.8676422e-8,6.161972e-8
28,127,3.4502353e-8,1.1006594e-7,1.1534697e-7
28,128,8.695294e-9,5.067687e-9,1.0064273e-8
29,1,8.168743e-8,1.1077104e-7,1.3763379e-7
29,2,2.5888625e-7,-7.884211e-8,2.7062552e-7
29,3,-5.6362445e-8,-1.4532056e-7,1.5586785e-7
29,4,1.3777897e-7,-3.5683467e-8,1.4232482e-7
29,5,2.7421857e-8,-2.8954304e-7,2.9083867e-7
29,6,1.8574285e-7,-8.587152e-8,2.0463217e-7
29,7,1.6112516e-7,-9.9055335e-8,1.8913825e-7
29,8,1.8235201e-7,-3.9350456e-7,4.3370278e-7
29,9,1.7361081e-7,-1.06828736e-7,2.0384576e-7
29,10,-3.774835e-8,-1.2141366e-7,1.2714644e-7
29,11,-1.9779051e-7,6.3253367e-9,1.9789162e-7
29,12,-9.4783715e-8,9.3097874e-8,1.3285769e-7
29,13,-1.19902e-7,1.8313554e-7,2.1889521e-7
29,14,-8.190578e-8,1.7624566e-7,1.9434786e-7
29,15,1.18254576e-7,1.3777424e-7,1.815651e-7
29,16,-7.0906545e-8,3.064429e-8,7.724513e-8
29,17,7.9187686e-8,-1.8777357e-8,8.1383526e-8
29,18,1.379835e-7,2.6634043e-8,1.4053049e-7
29,19,1.6431414e-8,1.9416511e-8,2.5436043e-8
29,20,1.2074281e-7,-2.8793181e-8,1.2412846e-7
29,21,9.278125e-9,3.868551e-9,1.0052328e-8
29,22,3.6567684e-8,1.2962632e-7,1.3468548e-7
29,23,5.6167618e-8,9.943202e-8,1.1419951e-7
29,24,1.6857132e-9,1.0286859e-7,1.028824e-7
29,25,-8.0615195e-8,1.12446486e-7,1.383583e-7
29,26,-4.4105438e-8,-5.7629048e-8,7.256995e-8
29,27,2.7090724e-8,-6.0343104e-9,2.7754643e-8
29,28,-3.14736e-8,-6.658263e-8,7.364668e-8
29,29,-3.5244843e-9,-1.3475577e-7,1.3480185e-7
29,30,-2.6976995e-8,-8.5689386e-8,8.983557e-8
29,31,4.678865e-8,-8.5035744e-8,9.7058e-8
29,32,-1.14440525e-7,-8.409883e-8,1.4201848e-7
29,33,2.8088897e-8,-1.6097296e-7,1.6340526e-7
29,34,-1.6770709e-7,-7.931977e-8,1.8551899e-7
29,35,-3.625173e-8,4.3770903e-8,5.683379e-8
29,36,-4.1880174e-8,2.6041732e-7,2.637634e-7
29,37,-6.450887e-8,2.2798924e-8,6.841918e-8
29,38,-5.3383133e-8,1.10024864e-7,1.2229158e-7
29,39,1.5105155e-7,1.726979e-7,2.2943655e-7
29,40,2.155769e-7,1.16617876e-7,2.450982e-7
29,41,-3.282588e-8,3.044456e-8,4.4770633e-8
29,42,-1.8787986e-7,-6.4469134e-8,1.986331e-7
29,43,1.4829045e-7,-1.05543435e-7,1.8201504e-7
29,44,-1.6900736e-7,-2.4838133e-7,3.0042764e-7
29,45,-7.5279466e-8,-2.0059628e-7,2.1425653e-7
29,46,-7.8135606e-8,-8.380415e-8,1.1457883e-7
29,47,2.0077522e-7,-9.5057075e-8,2.221408e-7
29,48,2.8577423e-7,1.929273e-7,3.4480118e-7
29,49,-7.925613e-8,9.548012e-8,1.2408863e-7
29,50,-1.42514365e-8,7.829281e-8,7.9579316e-8
29,51,1.8365166e-7,-1.1888352e-7,2.1877209e-7
29,52,3.9152846e-7,-6.380665e-8,3.9669362e-7
29,53,2.0703314e-7,-3.5665374e-7,4.123889e-7
29,54,1.1331217e-7,-3.0957096e-7,3.2965713e-7
29,55,-3.2325045e-7,-3.9961395e-7,5.1398655e-7
29,56,-1.0368811e-6,-3.0332748e-7,1.0803379e-6
29,57,-9.306432e-7,2.4627303e-8,9.3096895e-7
29,58,-8.31763e-7,-4.1584403e-8,8.3280185e-7
29,59,1.3277192e-7,-1.4157398e-7,1.9409165e-7
29,60,7.402603e-7,-3.3341276e-8,7.4101075e-7
29,61,2.0808052e-6,-7.540492e-7,2.2132194e-6
29,62,2.8172578e-6,-5.156412e-7,2.864058e-6
29,63,4.094266e-6,-1.2700084e-6,4.286716e-6
29,64,5.3478293e-6,-1.6771003e-6,5.604636e-6
29,65,4.9957953e-6,-1.8275166e-6,5.3195663e-6
29,66,5.8144874e-6,-2.3029602e-6,6.25395e-6
29,67,4.8245033e-6,-2.2648878e-6,5.329686e-6
29,68,5.33188e-6,-2.0736927e-6,5.720939e-6
29,69,6.0595994e-6,-2.6665166e-6,6.6203515e-6
29,70,5.5156997e-6,-1.9688312e-6,5.856555e-6
29,71,4.267425e-6,-2.6295027e-6,5.0125045e-6
29,72,5.8777987e-6,-2.3245439e-6,6.3207613e-6
29,73,4.7136436e-6,-3.3269112e-6,5.769469e-6
29,74,3.8150597e-6,-2.1582234e-6,4.383219e-6
29,75,4.016077e-6,-2.5513293e-6,4.7579574e-6
29,76,4.035468e-6,-2.7624108e-6,4.8903903e-6
29,77,4.60773e-6,-2.7395288e-6,5.360615e-6
29,78,4.6081977e-6,-2.5130535e-6,5.248897e-6
29,79,5.3941776e-6,-2.3348327e-6,5.8778055e-6
29,80,4.756633e-6,-2.965212e-6,5.60518e-6
29,81,5.545977e-6,-2.298672e-6,6.003478e-6
29,82,5.9120443e-6,-2.60235e-6,6.45945e-6
29,83,6.1262367e-6,-2.5665677e-6,6.6421417e-6
29,84,6.60623e-6,-3.2445284e-6,7.3599754e-6
29,85,5.772025e-6,-2.7096892e-6,6.3764164e-6
29,86,5.505808e-6,-1.7963227e-6,5.791433e-6
29,87,4.5738357e-6,-1.6853688e-6,4.8744682e-6
29,88,3.5850699e-6,-1.5886538e-6,3.921294e-6
29,89,1.8056959e-6,-6.605008e-7,1.9227061e-6
29,90,4.5150332e-9,-5.3788403e-7,5.3790296e-7
29,91,-5.9506647e-7,-2.917905e-7,6.6275624e-7
29,92,-3.801269e-7,-2.1713684e-7,4.3777263e-7
29,93,1.53746e-8,-1.5216244e-7,1.529372e-7
29,94,-1.6200141e-7,-1.455057e-7,2.17753e-7
29,95,-1.4242211e-7,-3.239113e-8,1.4605904e-7
29,96,-2.9653097e-7,-2.6038188e-7,3.9462557e-7
29,97,-1.3210845e-7,-2.3218428e-7,2.67137e-7
29,98,-2.108944e-7,2.3632548e-7,3.1674307e-7
29,99,-1.5147195e-7,1.3521996e-7,2.0304726e-7
29,100,-1.5631292e-7,3.6963743e-7,4.0132974e-7
29,101,-4.090445e-8,3.0073468e-7,3.0350375e-7
29,102,-1.8040996e-7,4.2021307e-7,4.573038e-7
29,103,8.8328605e-8,4.2607041e-7,4.351298e-7
29,104,3.1358976e-8,3.0387395e-7,3.0548773e-7
29,105,1.2552867e-7,2.1826173e-7,2.5178488e-7
29,106,-4.1836238e-8,6.626609e-8,7.83675e-8
29,107,2.4899418e-7,1.3023916e-7,2.8099882e-7
29,108,1.118451e-7,-3.6541792e-8,1.176632e-7
29,109,3.1716942e-7,5.1347477e-8,3.2129893e-7
29,110,1.6603873e-7,-6.803256e-8,1.7943603e-7
29,111,2.5130444e-7,-4.83471e-8,2.559128e-7
29,112,1.5237477e-7,-3.4356917e-9,1.5241349e-7
29,113,8.879787e-8,6.264093e-8,1.0866898e-7
29,114,1.5059466e-7,4.339982e-8,1.5672363e-7
29,115,5.8735594e-8,2.9706314e-8,6.582048e-8
29,116,7.972395e-8,-2.1549365e-8,8.2585004e-8
29,117,7.4336896e-8,-1.0243525e-7,1.2656601e-7
29,118,-9.737509e-9,-1.2781773e-7,1.281881e-7
29,119,-9.5135036e-8,-1.5141248e-7,1.788195e-7
29,120,-1.2499349e-7,-2.471597e-7,2.7696802e-7
29,121,-7.81382e-8,-6.6526034e-8,1.0262208e-7
29,122,-2.0917155e-7,-1.4409491e-7,2.5400016e-7
29,123,-6.896958e-8,-3.0840553e-8,7.555092e-8
29,124,-1.9692646e-7,1.840662e-7,2.6955593e-7
29,125,1.7380903e-7,1.6164793e-9,1.7381655e-7
29,126,7.880814e-9,1.8511389e-7,1.8528156e-7
29,127,-5.4197546e-8,8.819653e-8,1.03518126e-7
29,128,2.6094202e-7,1.5215903e-7,3.0206473e-7
30,1,-1.6058544e-7,-1.5079048e-7,2.2028495e-7
30,2,-1.9648542e-7,2.634866e-8,1.9824422e-7
30,3,-4.1123776e-8,1.9677502e-7,2.010263e-7
30,4,1.6907086e-7,5.8523273e-8,1.7891318e-7
30,5,2.3087132e-7,2.6229529e-8,2.3235653e-7
30,6,-2.6397518e-7,-2.385936e-7,3.5582272e-7
30,7,1.7523314e-7,-3.1397775e-7,3.5956737e-7
30,8,5.4022973e-7,-1.3778092e-7,5.5752287e-7
30,9,-7.3178335e-8,-2.3082251e-7,2.4214478e-7
30,10,2.0144802e-7,-3.0234207e-7,3.6330707e-7
30,11,-1.763116e-7,-9.7580276e-8,2.015135e-7
30,12,-3.0634266e-7,-1.3374222e-7,3.3426457e-7
30,13,-1.4364426e-7,-7.096337e-8,1.6021696e-7
30,14,-1.448155e-7,9.781065e-8,1.7475254e-7
30,15,-6.393788e-8,1.9640468e-7,2.0654988e-7
30,16,6.3808643e-9,3.171984e-7,3.172626e-7
30,17,-8.5294374e-8,3.2606508e-7,3.3703645e-7
30,18,2.1990738e-7,3.3753713e-7,4.0285303e-7
30,19,2.0005196e-7,1.9532536e-7,2.7959396e-7
30,20,-7.853749e-9,2.6973677e-7,2.6985109e-7
30,21,8.7202075e-8,1.3292733e-7,1.589776e-7
30,22,1.4276324e-7,3.5730224e-8,1.4716655e-7
30,23,1.2879435e-7,-5.2518242e-8,1.3909045e-7
30,24,1.5958071e-7,6.311352e-9,1.5970546e-7
30,25,2.4947184e-8,3.4015393e-8,4.2183043e-8
30,26,9.804248e-8,1.3718413e-7,1.6861736e-7
30,27,1.6303532e-7,-5.2492403e-8,1.7127746e-7
30,28,1.2562101e-7,-1.3386143e-7,1.835743e-7
30,29,1.4758183e-7,2.5009e-9,1.4760302e-7
30,30,1.4609788e-7,-1.4821346e-7,2.0811491e-7
30,31,6.776618e-8,-1.3605084e-7,1.519937e-7
30,32,1.7860843e-7,-6.4415606e-9,1.7872455e-7
30,33,-4.232274e-8,1.1277124e-7,1.2045152e-7
30,34,-9.892691e-8,1.4077494e-7,1.7205848e-7
30,35,-1.5200723e-7,-8.080562e-8,1.7215037e-7
30,36,-3.1684507e-7,-3.0853744e-7,4.4225123e-7
30,37,-3.5744588e-7,2.0755718e-7,4.133371e-7
30,38,-3.4296656e-7,1.2969875e-7,3.666713e-7
30,39,-2.974869e-7,-8.018669e-8,3.0810446e-7
30,40,-1.537606e-7,1.3861917e-8,1.5438418e-7
30,41,9.096386e-8,1.5233607e-7,1.7742802e-7
30,42,2.494515e-7,3.864969e-7,4.6000642e-7
30,43,2.5087587e-7,3.5956796e-7,4.3843792e-7
30,44,5.0904777e-7,3.6571834e-7,6.26801e-7
30,45,3.7128805e-7,2.2157862e-7,4.3237935e-7
30,46,4.0272707e-7,1.660161e-7,4.3560354e-7
30,47,2.1575599e-7,2.533256e-7,3.327529e-7
30,48,1.1663065e-7,-7.55382e-8,1.3895585e-7
30,49,3.859828e-7,-2.6281958e-7,4.6696556e-7
30,50,2.8895792e-7,1.0809614e-7,3.0851493e-7
30,51,-1.070121e-7,5.5474292e-8,1.2053624e-7
30,52,-3.7690916e-7,-2.5207086e-7,4.5343162e-7
30,53,-5.067909e-7,-5.614524e-7,7.5635035e-7
30,54,-8.163639e-8,-4.0014916e-7,4.083918e-7
30,55,7.267107e-7,-4.968809e-7,8.8034034e-7
30,56,2.2669758e-6,-1.3732125e-6,2.6504513e-6
30,57,2.7355368e-6,-1.9353186e-6,3.3509132e-6
30,58,3.6104004e-6,-1.7622516e-6,4.017527e-6
30,59,3.5782812e-6,-1.8332363e-6,4.0205537e-6
30,60,4.318186e-6,-1.6809298e-6,4.6338164e-6
30,61,3.9233346e-6,-2.2136658e-6,4.504761e-6
30,62,4.297469e-6,-1.8868965e-6,4.693465e-6
30,63,4.8590673e-6,-1.6350653e-7,4.8618176e-6
30,64,5.3162266e-6,-1.7942438e-6,5.6108447e-6
30,65,5.399644e-6,-2.3695288e-6,5.896679e-6
30,66,4.9096643e-6,-2.325695e-6,5.432648e-6
30,67,4.5203465e-6,-2.645477e-6,5.2375644e-6
30,68,3.2719126e-6,-2.3854957e-6,4.0491977e-6
30,69,2.628167e-6,-2.719872e-6,3.7821908e-6
30,70,2.6332623e-6,-3.3265117e-6,4.2426113e-6
30,71,3.895733e-6,-2.885046e-6,4.8477027e-6
30,72,5.9097697e-6,-3.996498e-6,7.1342397e-6
30,73,4.4722956e-6,-1.918477e-6,4.8664137e-6
30,74,1.9621748e-6,-2.0557322e-6,2.8418594e-6
30,75,3.108525e-6,-3.3883086e-6,4.5982133e-6
30,76,3.7725658e-6,-2.518118e-6,4.5357656e-6
30,77,3.3930467e-6,-2.0014506e-6,3.9393617e-6
30,78,3.7506388e-6,-2.0095968e-6,4.255088e-6
30,79,3.7909035e-6,-1.5690608e-6,4.102792e-6
30,80,3.7382292e-6,-1.2050357e-6,3.9276542e-6
30,81,4.0156306e-6,-1.679581e-6,4.3527325e-6
30,82,5.471496e-6,-2.1645917e-6,5.884108e-6
30,83,4.007933e-6,-2.0765394e-6,4.5139277e-6
30,84,4.269807e-6,-2.8397621e-6,5.127914e-6
30,85,5.227271e-6,-2.773779e-6,5.9176186e-6
30,86,5.517182e-6,-2.4156993e-6,6.022865e-6
30,87,6.3299126e-6,-2.7864082e-6,6.9160583e-6
30,88,6.778896e-6,-2.3702762e-6,7.1813397e-6
30,89,7.0010274e-6,-2.9263158e-6,7.5879975e-6
30,90,7.545604e-6,-2.3092055e-6,7.891043e-6
30,91,4.9240016e-6,-1.9642375e-6,5.3013227e-6
30,92,2.3363596e-6,-8.851833e-7,2.4984247e-6
30,93,4.6986784e-7,-5.3998355e-7,7.157919e-7
30,94,-4.1623412e-7,-2.6836258e-7,4.952467e-7
30,95,5.4818173e-7,-3.6897703e-7,6.607929e-7
30,96,1.8150922e-7,-2.1724892e-8,1.8280473e-7
30,97,-2.2344457e-7,-7.222245e-9,2.2356126e-7
30,98,-5.999152e-7,4.952787e-8,6.0195623e-7
30,99,-3.0877814e-8,-5.129345e-7,5.1386303e-7
30,100,-2.977405e-7,-2.1606057e-7,3.678744e-7
30,101,-4.3881758e-7,-7.4130675e-8,4.4503508e-7
30,102,-3.858842e-7,-1.1553832e-7,4.0280977e-7
30,103,-2.9496084e-7,1.8373098e-7,3.475039e-7
30,104,-9.456383e-8,1.1117804e-7,1.4595504e-7
30,105,-2.130108e-7,3.5940832e-7,4.1778935e-7
30,106,5.5995663e-8,3.276891e-7,3.3243896e-7
30,107,-1.2148709e-7,2.7639095e-7,3.0191237e-7
30,108,3.785786e-7,2.905497e-7,4.7722204e-7
30,109,1.6059513e-8,7.849477e-8,8.012076e-8
30,110,2.3730783e-7,2.967543e-7,3.7997123e-7
30,111,2.2543192e-7,2.101445e-7,3.0818867e-7
30,112,1.6332746e-7,1.1016639e-7,1.9700886e-7
30,113,2.2876435e-7,-6.665875e-8,2.3827823e-7
30,114,-4.1215924e-9,1.6455058e-7,1.646022e-7
30,115,3.4273118e-8,1.7225565e-7,1.7563217e-7
30,116,8.8938165e-8,-1.2632906e-8,8.9830884e-8
30,117,8.042963e-8,-2.2925097e-7,2.4295048e-7
30,118,1.3253803e-7,-1.0385901e-9,1.325421e-7
30,119,2.2684749e-7,-7.0452826e-9,2.2695687e-7
30,120,2.4116147e-7,-1.1802349e-7,2.6849284e-7
30,121,3.3407625e-7,-2.286544e-7,4.0483303e-7
30,122,3.0716905e-7,-8.0667085e-8,3.1758464e-7
30,123,-4.370449e-9,-7.0920088e-9,8.3305105e-9
30,124,4.0659383e-8,-1.9293431e-7,1.9717208e-7
30,125,-8.589415e-8,-2.8422315e-7,2.969185e-7
30,126,-8.243466e-9,-1.882539e-7,1.8843431e-7
30,127,-1.810671e-7,5.4079383e-8,1.8897056e-7
30,128,-5.3427325e-9,7.635311e-9,9.3189465e-9
31,1,1.0348219e-7,-1.7700017e-7,2.0503079e-7
31,2,7.852235e-8,2.2088554e-7,2.3442735e-7
31,3,3.1405858e-7,-2.8346776e-7,4.2306826e-7
31,4,5.70454e-7,-7.735367e-8,5.756747e-7
31,5,8.806334e-8,1.331167e-7,1.5960954e-7
31,6,2.47154e-7,-1.3219153e-8,2.4750724e-7
31,7,3.520179e-7,1.1140001e-7,3.6922427e-7
31,8,4.9402573e-8,-3.1576127e-7,3.1960255e-7
31,9,9.595397e-8,3.02417e-7,3.1727464e-7
31,10,3.033198e-7,8.315875e-8,3.1451276e-7
31,11,2.3107232e-7,-6.652419e-8,2.4045767e-7
31,12,-8.771614e-8,1.5010532e-7,1.7385548e-7
31,13,-4.77027e-8,1.7119494e-7,1.7771679e-7
31,14,4.5917403e-8,1.1908261e-7,1.2762867e-7
31,15,-1.1807886e-7,1.1374262e-7,1.6395121e-7
31,16,-1.3441512e-7,1.4070768e-7,1.9459208e-7
31,17,-1.4257596e-7,2.1112174e-7,2.5475535e-7
31,18,-1.7601225e-7,9.582703e-8,2.0040741e-7
31,19,-3.6668045e-8,2.5382985e-8,4.459643e-8
31,20,1.9643378e-8,-7.3319136e-8,7.590493e-8
31,21,8.083923e-8,-1.8515779e-7,2.0203561e-7
31,22,1.5013873e-7,-1.4488371e-7,2.0864546e-7
31,23,1.0660553e-7,-8.285003e-8,1.3501432e-7
31,24,1.0153459e-7,-6.621668e-8,1.2121849e-7
31,25,1.7899323e-7,-5.631921e-9,1.7908181e-7
31,26,1.9499513e-8,-4.5941515e-8,4.9908454e-8
31,27,-4.1476027e-9,1.6378401e-7,1.6383652e-7
31,28,-3.2886255e-8,2.3318408e-7,2.3549165e-7
31,29,-5.3913126e-8,4.1091093e-7,4.1443263e-7
31,30,9.0018325e-8,1.5360449e-7,1.780383e-7
31,31,-2.2363638e-8,-3.280496e-8,3.9702616e-8
31,32,-1.200947e-7,-7.768792e-8,1.4303198e-7
31,33,-7.9298324e-8,-8.35499e-8,1.1519032e-7
31,34,-1.735145e-7,-1.4174636e-7,2.2405202e-7
31,35,-1.91373e-8,-1.8966563e-7,1.9062865e-7
31,36,1.004577e-7,-3.012967e-7,3.1760266e-7
31,37,-1.1627689e-7,-2.9056102e-7,3.129633e-7
31,38,-4.437598e-8,-1.1565108e-7,1.2387252e-7
31,39,1.7482988e-7,1.8524486e-7,2.5471778e-7
31,40,3.059387e-7,3.3832595e-7,4.5613916e-7
31,41,1.3757256e-7,3.5962643e-7,3.8504206e-7
31,42,1.428546e-7,1.9465267e-7,2.4144794e-7
31,43,1.6911144e-7,1.3505063e-7,2.164194e-7
31,44,-7.322822e-8,1.0847705e-7,1.3088027e-7
31,45,-2.224722e-7,-1.15200365e-7,2.5052944e-7
31,46,-4.6293945e-8,-2.4383152e-7,2.4818732e-7
31,47,8.929572e-8,-5.7692245e-7,5.8379214e-7
31,48,-3.583052e-7,-5.447268e-7,6.5200453e-7
31,49,-9.153137e-7,-1.710042e-7,9.311507e-7
31,50,-7.1279396e-7,-2.5105635e-7,7.5571455e-7
31,51,2.401658e-7,-2.2973009e-7,3.323485e-7
31,52,9.722122e-7,-2.974779e-7,1.0167053e-6
31,53,1.8007726e-6,-6.7228683e-7,1.9221736e-6
31,54,2.9761652e-6,-3.483118e-7,2.996478e-6
31,55,4.163415e-6,-5.396394e-7,4.1982416e-6
31,56,4.2822444e-6,-1.384998e-6,4.5006486e-6
31,57,4.7265567e-6,-1.6676526e-6,5.0121257e-6
31,58,4.612328e-6,-2.1908124e-6,5.106195e-6
31,59,5.3341478e-6,-2.3973626e-6,5.848118e-6
31,60,5.81813e-6,-2.0702182e-6,6.175471e-6
31,61,5.0007475e-6,-2.3876967e-6,5.5415317e-6
31,62,5.0160174e-6,-1.5187164e-6,5.2408905e-6
31,63,4.268732e-6,-2.4192236e-6,4.9065993e-6
31,64,4.530627e-6,-3.228747e-6,5.5633973e-6
31,65,3.7760683e-6,-2.9180223e-6,4.7721637e-6
31,66,2.916813e-6,-2.6113162e-6,3.9149418e-6
31,67,4.1188273e-6,-2.1859125e-6,4.662934e-6
31,68,3.0996023e-6,-2.7023236e-6,4.1121875e-6
31,69,2.421179e-6,-2.0955197e-6,3.2020791e-6
31,70,2.9959276e-6,-1.4797938e-6,3.3414626e-6
31,71,3.840129e-6,-1.8367148e-6,4.2567726e-6
31,72,3.5636215e-6,-1.4730352e-6,3.8560643e-6
31,73,1.9910074e-6,-8.5074294e-7,2.16515e-6
31,74,1.292352e-6,-1.245924e-6,1.7951323e-6
31,75,5.845688e-7,-1.7206643e-6,1.8172524e-6
31,76,1.9024509e-6,-1.4768743e-6,2.408418e-6
31,77,1.9351735e-6,-9.696163e-7,2.164498e-6
31,78,2.4714411e-6,-9.740806e-7,2.656474e-6
31,79,2.6903824e-6,-1.4577352e-6,3.0599263e-6
31,80,3.428911e-6,-3.6799076e-7,3.4486009e-6
31,81,3.8873623e-6,-8.348097e-7,3.9759893e-6
31,82,4.402346e-6,-1.0950243e-6,4.5364886e-6
31,83,4.5763277e-6,-5.849022e-7,4.6135547e-6
31,84,4.5601037e-6,-1.0083332e-6,4.670255e-6
31,85,4.2359848e-6,-1.1394195e-6,4.3865525e-6
31,86,4.3054297e-6,-1.903886e-6,4.707601e-6
31,87,4.7575027e-6,-2.4356652e-6,5.3447447e-6
31,88,4.3926234e-6,-2.0796551e-6,4.860052e-6
31,89,5.8429373e-6,-2.7432043e-6,6.45485e-6
31,90,6.006153e-6,-2.6837429e-6,6.578476e-6
31,91,7.889926e-6,-3.5962892e-6,8.670883e-6
31,92,7.616358e-6,-2.360244e-6,7.973686e-6
31,93,5.9971903e-6,-9.799263e-7,6.0767215e-6
31,94,2.9402258e-6,-6.356811e-8,2.940913e-6
31,95,9.55893e-8,-1.17698534e-7,1.5162539e-7
31,96,-4.6383823e-7,-1.302285e-7,4.8177316e-7
31,97,-4.2675816e-7,-4.9346305e-8,4.2960167e-7
31,98,-2.9938747e-7,3.6398806e-8,3.01592e-7
31,99,-2.92789e-7,-1.3521837e-7,3.225049e-7
31,100,4.1441925e-7,-6.9915274e-7,8.127471e-7
31,101,-7.125985e-8,-6.1872345e-7,6.228135e-7
31,102,1.2764289e-7,-2.4283153e-7,2.7433532e-7
31,103,1.7607374e-7,-2.3810865e-7,2.9613796e-7
31,104,-2.5087708e-8,1.8266539e-7,1.8438014e-7
31,105,1.6786437e-7,2.7456713e-7,3.2181603e-7
31,106,-2.3629936e-7,3.2395963e-7,4.0098283e-7
31,107,-1.13998546e-7,1.9297637e-7,2.2413288e-7
31,108,-3.9675595e-7,3.092883e-7,5.0306517e-7
31,109,-1.8114848e-7,2.1953744e-7,2.8462512e-7
31,110,5.1374858e-8,2.5249375e-7,2.5766735e-7
31,111,4.0023087e-9,-4.3204142e-8,4.338913e-8
31,112,1.7993518e-8,-2.892669e-7,2.8982598e-7
31,113,-1.01280015e-7,-2.0663148e-7,2.3011782e-7
31,114,3.4069718e-8,-6.2480425e-9,3.4637893e-8
31,115,2.3787446e-7,-3.431791e-8,2.4033722e-7
31,116,1.157405e-7,-1.7454147e-7,2.0942919e-7
31,117,1.2585083e-7,3.6693435e-9,1.2590431e-7
31,118,1.4742305e-7,1.17144694e-7,1.882988e-7
31,119,6.1754065e-8,3.943733e-7,3.99179e-7
31,120,1.550325e-7,1.9315554e-7,2.476775e-7
31,121,1.742346e-7,5.0725973e-8,1.8146851e-7
31,122,4.2813486e-8,1.4891238e-7,1.549448e-7
31,123,7.484515e-8,-9.8848405e-9,7.549507e-8
31,124,-1.1694056e-7,7.2748136e-8,1.3772214e-7
31,125,-5.423263e-9,-2.3037384e-8,2.3667125e-8
31,126,3.7988688e-8,-3.4862e-7,3.5068368e-7
31,127,-5.548348e-8,-2.4707765e-7,2.532307e-7
31,128,-5.410363e-8,-2.2820447e-7,2.3453035e-7
32,1,-4.044493e-8,3.0555483e-8,5.0689547e-8
32,2,-1.2496272e-7,-2.490383e-7,2.7863194e-7
32,3,-2.1159642e-7,-4.108357e-8,2.1554791e-7
32,4,-1.8483584e-7,-9.579591e-8,2.0818536e-7
32,5,-1.9352059e-7,3.1516624e-8,1.9607019e-7
32,6,1.14880315e-7,9.105939e-8,1.4659228e-7
32,7,1.3521259e-7,1.9954736e-7,2.4104273e-7
32,8,9.6802296e-8,2.1246987e-7,2.3348261e-7
32,9,-1.0271663e-7,-3.94313e-8,1.10025155e-7
32,10,-9.042241e-8,9.062487e-8,1.2801985e-7
32,11,-3.0094415e-7,2.2539338e-7,3.7599142e-7
32,12,-1.6299597e-7,1.9337791e-7,2.5290848e-7
32,13,-2.637158e-8,3.258084e-7,3.2687393e-7
32,14,4.6892254e-8,1.3631636e-7,1.4415627e-7
32,15,1.1362599e-7,-7.430774e-8,1.3576636e-7
32,16,1.5488976e-7,-2.2294796e-7,2.7147124e-7
32,17,3.253543e-7,-2.5601838e-7,4.1400585e-7
32,18,2.0940135e-7,-2.4788292e-7,3.244917e-7
32,19,1.9606654e-7,-7.7443964e-8,2.1080714e-7
32,20,1.3137802e-8,-2.0238357e-7,2.0280955e-7
32,21,2.2205793e-8,4.8187054e-9,2.2722613e-8
32,22,-1.6678943e-7,1.2765956e-7,2.1003733e-7
32,23,-1.0285575e-7,9.133365e-8,1.3755414e-7
32,24,-7.28438e-8,1.0735195e-7,1.2973304e-7
32,25,-8.954501e-9,1.0080928e-7,1.012062e-7
32,26,9.924111e-8,9.68947e-9,9.971301e-8
32,27,2.1919017e-7,8.765232e-8,2.3606621e-7
32,28,1.022456e-7,1.7321131e-8,1.03702384e-7
32,29,3.1991308e-7,1.8063815e-7,3.673888e-7
32,30,7.022402e-8,3.7081314e-8,7.941308e-8
32,31,-6.6720276e-8,-1.1358341e-7,1.3172998e-7
32,32,-1.9660015e-7,-9.5668e-8,2.1864123e-7
32,33,-2.1491283e-7,-1.0016446e-7,2.3710851e-7
32,34,1.1943264e-7,-5.845475e-9,1.195756e-7
32,35,1.6860734e-7,1.4799798e-7,2.2434759e-7
32,36,3.2743987e-8,2.6325785e-7,2.652864e-7
32,37,1.2230046e-7,6.0421524e-7,6.164685e-7
32,38,3.0007607e-7,4.0655996e-7,5.053085e-7
32,39,9.68262e-8,2.5690815e-7,2.745489e-7
32,40,3.3307272e-9,-1.4182649e-8,1.4568503e-8
32,41,1.0180024e-7,-3.405033e-7,3.5539526e-7
32,42,1.227827e-7,-4.5674324e-7,4.7295873e-7
32,43,-1.10668585e-8,-4.054786e-7,4.056296e-7
32,44,3.426461e-8,-1.9483232e-7,1.9782239e-7
32,45,-2.447091e-8,-2.2623517e-7,2.2755478e-7
32,46,-2.6679442e-7,-1.8412221e-7,3.2416085e-7
32,47,-4.5290378e-7,1.8031427e-7,4.874783e-7
32,48,-3.6255992e-7,1.6621026e-7,3.9884276e-7
32,49,9.949495e-7,-3.782267e-7,1.0644153e-6
32,50,2.1428439e-6,-4.0561602e-7,2.1808953e-6
32,51,2.8894067e-6,-9.156975e-7,3.031035e-6
32,52,3.240726e-6,-1.5916581e-6,3.610496e-6
32,53,4.4037424e-6,-1.1512e-6,4.551726e-6
32,54,4.44148e-6,-1.7017882e-6,4.7563462e-6
32,55,4.468988e-6,-2.0395328e-6,4.9123873e-6
32,56,5.4029474e-6,-2.8506124e-6,6.108832e-6
32,57,5.1183165e-6,-2.2410309e-6,5.5874307e-6
32,58,3.9374027e-6,-1.989408e-6,4.411449e-6
32,59,4.9028204e-6,-2.5257084e-6,5.515147e-6
32,60,5.1272477e-6,-3.0561098e-6,5.9689596e-6
32,61,4.525082e-6,-2.601256e-6,5.219473e-6
32,62,3.5016026e-6,-3.086947e-6,4.6680257e-6
32,63,3.0745061e-6,-2.8228624e-6,4.173864e-6
32,64,1.8548845e-6,-2.1732665e-6,2.857216e-6
32,65,1.9678487e-6,-1.7703902e-6,2.647019e-6
32,66,1.9256834e-6,-1.3389971e-6,2.3454572e-6
32,67,1.07701e-6,-9.4662295e-7,1.4338917e-6
32,68,1.626536e-6,-5.318218e-7,1.7112726e-6
32,69,9.176984e-7,-3.8820554e-7,9.964306e-7
32,70,7.2294705e-7,-1.3362898e-6,1.5193166e-6
32,71,6.712904e-7,-9.730363e-7,1.1821296e-6
32,72,1.2939063e-7,9.061937e-8,1.5796773e-7
32,73,3.0059968e-7,-6.7011337e-7,7.344468e-7
32,74,2.627347e-7,-7.055941e-7,7.529227e-7
32,75,2.1547308e-7,5.0446806e-7,5.485587e-7
32,76,-8.3935205e-8,7.292461e-7,7.340606e-7
32,77,-5.7981816e-7,1.0948947e-6,1.2389446e-6
32,78,-1.4268925e-6,1.5249157e-6,2.088394e-6
32,79,-1.5661774e-6,9.5238966e-7,1.8330187e-6
32,80,3.0199817e-7,-6.49116e-9,3.0206792e-7
32,81,1.7725041e-7,3.9138004e-7,4.296464e-7
32,82,1.1011615e-6,3.9252956e-7,1.1690321e-6
32,83,4.7851915e-7,5.018337e-8,4.811434e-7
32,84,9.952317e-7,3.973738e-7,1.0716307e-6
32,85,1.1069852e-6,2.1179093e-7,1.1270633e-6
32,86,1.7839321e-6,-2.0860755e-7,1.7960876e-6
32,87,2.90421e-6,3.9290552e-7,2.9306673e-6
32,88,3.8124444e-6,1.6116299e-7,3.815849e-6
32,89,3.0790106e-6,-5.878409e-7,3.1346233e-6
32,90,2.7569877e-6,-1.5912718e-6,3.1832574e-6
32,91,4.095141e-6,-2.5260604e-6,4.8115653e-6
32,92,4.713712e-6,-3.5013054e-6,5.8718156e-6
32,93,8.267225e-6,-4.1997973e-6,9.272826e-6
32,94,8.8244215e-6,-4.182454e-6,9.765416e-6
32,95,6.6605976e-6,-2.9988025e-6,7.304545e-6
32,96,2.116483e-6,-1.4700689e-6,2.5769368e-6
32,97,-5.845044e-8,-4.1545843e-7,4.1954996e-7
32,98,-2.765441e-7,-1.6749185e-7,3.2331124e-7
32,99,-1.2381287e-7,3.0342832e-8,1.2747672e-7
32,100,-7.796488e-7,5.20144e-7,9.3723105e-7
32,101,-4.862439e-7,3.6325883e-7,6.0695146e-7
32,102,-2.8414135e-7,3.4687055e-8,2.8625075e-7
32,103,-1.7168564e-7,1.2311799e-7,2.112676e-7
32,104,2.0931526e-7,-2.962058e-7,3.6269927e-7
32,105,1.1428219e-7,-2.9532737e-7,3.166681e-7
32,106,2.3919813e-7,-2.663836e-7,3.5801673e-7
32,107,1.7401045e-7,-9.312522e-8,1.9736247e-7
32,108,-3.8974015e-8,-4.2365063e-8,5.7565376e-8
32,109,-1.105811e-8,2.153965e-7,2.1568016e-7
32,110,-2.4165382e-7,7.999554e-8,2.5455032e-7
32,111,-1.2352255e-7,3.472071e-7,3.685249e-7
32,112,1.8178678e-8,2.0640884e-7,2.072078e-7
32,113,1.2999537e-8,2.511481e-7,2.514843e-7
32,114,1.8454969e-7,3.2519108e-7,3.7390885e-7
32,115,1.7349927e-7,-4.2664112e-8,1.7866792e-7
32,116,1.7037316e-7,2.2424908e-8,1.7184263e-7
32,117,1.670835e-7,3.1424843e-8,1.70013e-7
32,118,-4.6484264e-8,-1.0360865e-7,1.1355853e-7
32,119,3.9515133e-9,-1.680229e-7,1.6806935e-7
32,120,2.2675797e-8,-3.116784e-7,3.1250218e-7
32,121,1.499691e-8,-1.3276338e-7,1.3360771e-7
32,122,-1.5685247e-7,-3.5601524e-8,1.6084205e-7
32,123,1.0974302e-7,1.6078721e-7,1.946691e-7
32,124,2.393306e-7,1.4840224e-7,2.8160676e-7
32,125,2.144936e-7,-8.2234894e-9,2.1465118e-7
32,126,2.2574007e-7,3.827209e-7,4.443353e-7
32,127,2.074404e-8,3.929185e-8,4.4431573e-8
32,128,2.2956185e-8,1.44889825e-8,2.7146216e-8
33,1,-4.091869e-8,-2.726965e-8,4.9172886e-8
33,2,1.1476367e-7,-2.1240795e-7,2.4142875e-7
33,3,-5.1063516e-8,-8.660359e-8,1.0053688e-7
33,4,-1.6194699e-7,-8.265317e-8,1.8181962e-7
33,5,1.7033182e-7,3.1467192e-7,3.5781468e-7
33,6,-2.016438e-7,-1.865039e-7,2.7467058e-7
33,7,-1.4939208e-7,-2.3888543e-7,2.817521e-7
33,8,-1.8927973e-7,2.6473103e-7,3.2543716e-7
33,9,-3.4255612e-7,2.858413e-7,4.4615015e-7
33,10,-2.2738433e-7,4.2247228e-7,4.797775e-7
33,11,-8.482075e-8,2.4898304e-7,2.6303442e-7
33,12,1.2461906e-7,-3.7969052e-8,1.3027494e-7
33,13,1.378543e-7,-1.1280634e-8,1.3831507e-7
33,14,8.7448264e-8,-1.0584804e-7,1.3729897e-7
33,15,1.4994767e-7,-1.2675604e-7,1.963451e-7
33,16,2.3119563e-7,-2.4669052e-7,3.380941e-7
33,17,2.0520142e-8,-8.9129585e-8,9.1461246e-8
33,18,-9.331681e-8,6.307991e-8,1.1263703e-7
33,19,-1.1139011e-7,-2.9927133e-8,1.1534032e-7
33,20,6.0915475e-8,4.275325e-9,6.106532e-8
33,21,-1.8577506e-7,7.371904e-8,1.9986713e-7
33,22,-5.7812606e-8,5.574301e-10,5.7815292e-8
33,23,-1.1971513e-8,-2.4287495e-8,2.7077657e-8
33,24,9.736648e-8,1.6722035e-8,9.879199e-8
33,25,-4.0223053e-8,-3.8642938e-8,5.5777868e-8
33,26,-1.1447276e-7,-3.8101298e-8,1.206471e-7
33,27,-1.9483659e-7,1.4694359e-7,2.440363e-7
33,28,-7.333839e-8,-2.4924237e-8,7.745797e-8
33,29,-3.175092e-7,-1.8316555e-7,3.6655385e-7
33,30,-5.6501648e-8,-2.7229614e-9,5.6567224e-8
33,31,3.010943e-7,1.9226012e-7,3.5724184e-7
33,32,3.173828e-7,3.28601e-7,4.568484e-7
33,33,3.9798192e-7,1.6954868e-7,4.325926e-7
33,34,2.779875e-7,1.9556164e-7,3.398844e-7
33,35,2.7886117e-7,4.057677e-7,4.923525e-7
33,36,3.5611495e-7,3.952122e-7,5.319873e-7
33,37,-3.645542e-8,-3.4002326e-7,3.4197194e-7
33,38,-1.625336e-7,-4.3426195e-7,4.6368157e-7
33,39,4.2921144e-8,-2.947419e-7,2.9785068e-7
33,40,3.6498808e-8,-4.520258e-7,4.5349697e-7
33,41,-2.5432794e-7,-7.188268e-7,7.624924e-7
33,42,-2.304278e-7,-3.5787008e-7,4.256383e-7
33,43,-5.6441504e-8,-8.862038e-9,5.7132993e-8
33,44,-5.1172907e-7,-1.2244617e-7,5.261746e-7
33,45,-3.6287892e-7,-1.283019e-7,3.8489284e-7
33,46,2.6192271e-8,-2.5072222e-7,2.5208664e-7
33,47,6.799082e-7,-2.476507e-7,7.2360626e-7
33,48,2.0474813e-6,-4.918271e-7,2.105724e-6
33,49,2.441038e-6,-4.732199e-7,2.4864842e-6
33,50,2.8114696e-6,-1.2284571e-6,3.0681376e-6
33,51,3.5143985e-6,-1.5466297e-6,3.8396693e-6
33,52,5.0081935e-6,-1.4517344e-6,5.2143587e-6
33,53,4.943714e-6,-1.6350662e-6,5.2070864e-6
33,54,4.815546e-6,-2.6404082e-6,5.491925e-6
33,55,4.7309522e-6,-2.6010543e-6,5.3988324e-6
33,56,4.432458e-6,-2.3853588e-6,5.0335493e-6
33,57,5.221804e-6,-3.0434182e-6,6.0439747e-6
33,58,4.8832762e-6,-2.3417379e-6,5.415729e-6
33,59,3.0507756e-6,-2.3379102e-6,3.8435733e-6
33,60,1.8556004e-6,-2.5499091e-6,3.1536154e-6
33,61,1.254151e-6,-2.281021e-6,2.6030657e-6
33,62,1.2587357e-6,-1.9136583e-6,2.2905247e-6
33,63,9.999955e-7,-9.3362496e-7,1.3680813e-6
33,64,1.243887e-6,-4.9770745e-7,1.339764e-6
33,65,1.0517849e-6,-6.21131e-7,1.2214971e-6
33,66,8.4053073e-7,-1.0533018e-6,1.3475669e-6
33,67,1.2675728e-6,-1.6154532e-6,2.0533948e-6
33,68,1.7155235e-6,-1.1506457e-6,2.0656732e-6
33,69,1.2069173e-6,-4.333074e-7,1.2823434e-6
33,70,6.851009e-7,-3.6427446e-7,7.7592466e-7
33,71,6.423408e-7,-8.5776543e-7,1.0716171e-6
33,72,1.6039762e-6,-1.1331747e-6,1.96388e-6
33,73,2.501746e-6,-1.158681e-6,2.7570409e-6
33,74,2.9391313e-6,-1.9433844e-6,3.523526e-6
33,75,3.9919987e-6,-3.6106026e-6,5.382611e-6
33,76,4.166776e-6,-4.2143206e-6,5.9264253e-6
33,77,4.4676067e-6,-3.5286396e-6,5.693049e-6
33,78,4.4222807e-6,-4.5089246e-6,6.315613e-6
33,79,3.2015628e-6,-2.9056034e-6,4.3234863e-6
33,80,2.382415e-6,-1.3650119e-6,2.745753e-6
33,81,1.5115437e-6,-4.7801893e-7,1.5853285e-6
33,82,6.540337e-7,-8.310644e-7,1.0575577e-6
33,83,-2.3599411e-7,-3.7565167e-7,4.436298e-7
33,84,-2.4468986e-7,-6.3088e-7,6.766703e-7
33,85,2.1294203e-7,-1.0959433e-6,1.116439e-6
33,86,1.0707398e-6,-4.0082972e-7,1.1433058e-6
33,87,1.3281893e-6,-7.7696654e-7,1.5387541e-6
33,88,1.1669497e-6,-1.1526126e-6,1.6402096e-6
33,89,1.8819802e-6,-2.8881192e-7,1.904012e-6
33,90,2.7524588e-6,-4.485467e-7,2.7887675e-6
33,91,3.615585e-6,-1.7865876e-6,4.0329082e-6
33,92,4.0860937e-6,-1.9636195e-6,4.5334273e-6
33,93,3.348382e-6,-2.4264955e-6,4.1351595e-6
33,94,5.197574e-6,-3.7171428e-6,6.3899865e-6
33,95,9.02363e-6,-4.6063174e-6,1.013134e-5
33,96,9.5253645e-6,-4.0026775e-6,1.0332183e-5
33,97,5.7024254e-6,-2.8485915e-6,6.3743337e-6
33,98,1.8183206e-6,-1.1008361e-6,2.1255894e-6
33,99,-1.7524543e-7,-3.889108e-7,4.265707e-7
33,100,5.8366027e-7,-6.9868196e-7,9.103932e-7
33,101,-3.730391e-7,-1.6973048e-7,4.0983727e-7
33,102,-6.1805935e-7,6.749757e-8,6.217341e-7
33,103,-4.2255292e-7,-2.5451053e-8,4.233187e-7
33,104,-2.501508e-7,4.809116e-8,2.547316e-7
33,105,-2.4302716e-7,-4.1773382e-7,4.8328434e-7
33,106,-2.9126304e-7,-1.2624717e-7,3.1744685e-7
33,107,-4.064855e-7,-6.676608e-8,4.1193223e-7
33,108,-1.06200055e-7,1.0668966e-7,1.5053617e-7
33,109,1.9253976e-8,8.228328e-8,8.4505935e-8
33,110,-1.3271755e-7,7.384646e-9,1.3292284e-7
33,111,-2.3914518e-7,6.502811e-8,2.4782872e-7
33,112,-4.2897344e-8,2.2740588e-7,2.3141654e-7
33,113,7.60972e-8,1.9942702e-7,2.1345238e-7
33,114,8.8411085e-8,2.060368e-7,2.2420456e-7
33,115,-1.8417211e-7,8.801767e-8,2.0412368e-7
33,116,1.0082927e-7,9.747594e-8,1.40243e-7
33,117,4.5481457e-8,1.09725654e-7,1.1877829e-7
33,118,4.829221e-8,4.185762e-8,6.3907734e-8
33,119,7.353948e-8,-2.9683228e-8,7.930416e-8
33,120,1.5935875e-7,7.467355e-8,1.7598678e-7
33,121,1.8835253e-7,5.0094226e-8,1.9490025e-7
33,122,2.2713526e-7,-2.7558676e-7,3.5712532e-7
33,123,1.7831462e-7,-1.3429697e-9,1.7831968e-7
33,124,2.956097e-7,-9.872126e-8,3.1165845e-7
33,125,2.3457164e-7,1.1990218e-7,2.6343955e-7
33,126,1.5702098e-7,-2.8420425e-7,3.2469623e-7
33,127,5.1296276e-8,-4.2034294e-8,6.631885e-8
33,128,-7.058479e-8,1.13050255e-7,1.332763e-7
34,1,8.69543e-9,8.212625e-8,8.2585295e-8
34,2,6.576069e-8,2.142457e-7,2.2411089e-7
34,3,-8.1778914e-8,-3.3393724e-7,3.43805e-7
34,4,-1.416997e-7,-4.0959762e-8,1.4750087e-7
34,5,-5.89085e-7,-1.1987814e-7,6.0115883e-7
34,6,-2.1897776e-7,-1.9625676e-7,2.940544e-7
34,7,-3.4719287e-7,1.2112079e-7,3.677134e-7
34,8,-5.6988284e-7,2.2661295e-7,6.1328615e-7
34,9,-6.381122e-8,-1.9673208e-10,6.381153e-8
34,10,1.4648842e-7,-3.9894505e-8,1.5182367e-7
34,11,2.6477014e-7,-8.1814115e-8,2.771223e-7
34,12,1.1136648e-7,2.1807653e-8,1.1348157e-7
34,13,-7.3471725e-8,2.310978e-8,7.7020495e-8
34,14,1.0814915e-7,5.15735e-8,1.198168e-7
34,15,2.8471672e-7,3.4831416e-8,2.868394e-7
34,16,-7.7816956e-8,1.6210579e-7,1.7981593e-7
34,17,-1.8553649e-7,-6.993866e-8,1.9828063e-7
34,18,-2.6343226e-8,-1.0026301e-7,1.0366598e-7
34,19,7.077817e-8,-2.4093737e-8,7.476669e-8
34,20,1.11345315e-7,1.1731076e-7,1.6173928e-7
34,21,-9.29387e-8,6.398823e-8,1.1283659e-7
34,22,-2.2124229e-7,-9.360093e-9,2.214402e-7
34,23,-1.9094132e-7,9.2235986e-8,2.1205203e-7
34,24,-3.4074034e-8,8.560444e-8,9.213664e-8
34,25,-1.9590252e-7,1.4745031e-7,2.4519255e-7
34,26,-1.9048325e-7,-1.7609919e-8,1.9129553e-7
34,27,-4.465928e-8,-1.8294926e-7,1.8832122e-7
34,28,-6.5022306e-8,-5.1268067e-8,8.280287e-8
34,29,3.128156e-7,1.9326207e-7,3.6770072e-7
34,30,2.1339048e-7,1.889097e-7,2.849954e-7
34,31,2.2306027e-7,3.0750158e-7,3.7988565e-7
34,32,2.9052651e-7,2.0524773e-7,3.5571378e-7
34,33,3.6891058e-7,4.820354e-7,6.070034e-7
34,34,3.197575e-7,5.6470424e-7,6.489497e-7
34,35,1.5717802e-7,-8.4855884e-8,1.7862097e-7
34,36,1.08371985e-7,-4.8728543e-7,4.9919095e-7
34,37,4.6705642e-7,-2.0127314e-7,5.08579e-7
34,38,5.091333e-7,-3.6661785e-8,5.1045157e-7
34,39,-1.8346152e-7,2.5737632e-9,1.8347957e-7
34,40,-2.2912953e-7,-4.2831564e-7,4.857516e-7
34,41,3.7869614e-7,-2.4740174e-7,4.5234765e-7
34,42,-2.3126546e-7,-2.6501397e-7,3.51733e-7
34,43,-8.268912e-7,-1.789026e-7,8.4602317e-7
34,44,-3.197408e-8,-8.530632e-7,8.5366224e-7
34,45,1.3508724e-6,-1.0373691e-6,1.7032295e-6
34,46,2.3887324e-6,-5.4279724e-7,2.4496267e-6
34,47,2.2905351e-6,-5.0842465e-7,2.3462835e-6
34,48,2.674324e-6,-8.154167e-7,2.7958743e-6
34,49,4.254673e-6,-2.429015e-6,4.89922e-6
34,50,5.7130183e-6,-2.9461235e-6,6.427925e-6
34,51,5.7745087e-6,-2.2715308e-6,6.205224e-6
34,52,5.0801273e-6,-2.2352774e-6,5.5501496e-6
34,53,3.8551484e-6,-3.127235e-6,4.9640475e-6
34,54,3.5294206e-6,-3.1141813e-6,4.706903e-6
34,55,3.573736e-6,-3.5433927e-6,5.0326157e-6
34,56,4.4034796e-6,-3.7200703e-6,5.7645084e-6
34,57,3.3971053e-6,-2.5698994e-6,4.2596603e-6
34,58,1.5264085e-6,-1.9635424e-6,2.4870508e-6
34,59,1.2103308e-6,-1.8969281e-6,2.2501638e-6
34,60,-6.1693557e-9,-1.064293e-6,1.0643108e-6
34,61,-1.9085043e-7,-8.8062336e-7,9.010668e-7
34,62,-2.5628168e-7,-7.135224e-7,7.5815205e-7
34,63,1.8677011e-7,-5.888562e-7,6.177659e-7
34,64,1.9814335e-7,-1.2426029e-6,1.2583016e-6
34,65,5.930577e-7,-7.6753247e-7,9.699605e-7
34,66,1.2432231e-7,-7.0008906e-7,7.11042e-7
34,67,1.1480063e-6,-1.1215553e-6,1.6049314e-6
34,68,8.8988463e-7,-1.1300035e-6,1.4383332e-6
34,69,1.8836826e-6,-1.6558125e-6,2.5079823e-6
34,70,2.378144e-6,-1.4879306e-6,2.805264e-6
34,71,3.4593224e-6,-2.6251912e-6,4.342642e-6
34,72,3.597848e-6,-3.7145337e-6,5.171293e-6
34,73,4.47214e-6,-3.8499134e-6,5.901006e-6
34,74,4.4436542e-6,-4.0251884e-6,5.9956824e-6
34,75,4.311859e-6,-3.91519e-6,5.82416e-6
34,76,5.0419007e-6,-3.9299207e-6,6.392577e-6
34,77,6.1995433e-6,-5.0965473e-6,8.02553e-6
34,78,7.1131885e-6,-5.1233633e-6,8.766202e-6
34,79,6.322464e-6,-4.3893397e-6,7.696743e-6
34,80,5.878511e-6,-4.1829735e-6,7.214857e-6
34,81,3.4654272e-6,-2.3615953e-6,4.1936046e-6
34,82,3.1954369e-6,-1.8556926e-6,3.6951876e-6
34,83,2.8656011e-6,-2.4547492e-6,3.7732564e-6
34,84,2.891478e-6,-2.0295067e-6,3.5326398e-6
34,85,2.3437033e-6,-8.0808394e-7,2.4791016e-6
34,86,2.004135e-6,-9.4738294e-7,2.216775e-6
34,87,1.345534e-6,-1.66851e-6,2.143452e-6
34,88,2.9040902e-7,-2.3061332e-6,2.3243467e-6
34,89,-3.6247178e-7,-5.022452e-7,6.1938357e-7
34,90,2.3998556e-8,4.113126e-7,4.1201213e-7
34,91,1.3667603e-6,-5.1734395e-7,1.4613961e-6
34,92,2.2345826e-6,-9.84294e-7,2.4417604e-6
34,93,2.8972963e-6,-1.3099167e-6,3.1796553e-6
34,94,3.1304373e-6,-2.138248e-6,3.791008e-6
34,95,3.375032e-6,-2.6782966e-6,4.3086093e-6
34,96,7.082412e-6,-3.7645964e-6,8.02077e-6
34,97,1.0126858e-5,-4.8499455e-6,1.1228322e-5
34,98,7.898269e-6,-3.732059e-6,8.735612e-6
34,99,3.6816411e-6,-1.9169186e-6,4.15079e-6
34,100,7.7540386e-7,-1.0146656e-6,1.2770267e-6
34,101,1.2052471e-6,-1.0704226e-6,1.6119632e-6
34,102,3.3845413e-7,-7.3001934e-7,8.0466106e-7
34,103,-1.0171925e-6,4.1836583e-7,1.0998684e-6
34,104,-3.4987062e-7,-7.1375044e-9,3.499434e-7
34,105,-2.1221418e-7,3.7378125e-8,2.1548081e-7
34,106,-3.3311287e-7,-2.2691921e-7,4.0305895e-7
34,107,-6.439941e-7,-2.1001242e-7,6.7737255e-7
34,108,-4.915628e-7,-5.619396e-7,7.46599e-7
34,109,2.576544e-7,-1.1607608e-8,2.5791573e-7
34,110,3.001236e-7,1.4368862e-7,3.3274702e-7
34,111,8.424738e-8,1.0054738e-7,1.3117698e-7
34,112,-5.0433623e-8,4.9956178e-8,7.098711e-8
34,113,-1.3323266e-7,1.6156342e-7,2.094127e-7
34,114,-2.1211344e-8,2.0413104e-7,2.0523012e-7
34,115,-1.678019e-7,2.601156e-7,3.095442e-7
34,116,2.236724e-8,4.6174666e-8,5.1306852e-8
34,117,-2.7105997e-9,6.1505816e-8,6.1565515e-8
34,118,1.4086011e-7,-1.4811069e-7,2.0439752e-7
34,119,2.421631e-7,3.565957e-7,4.3104927e-7
34,120,1.5585758e-7,2.409552e-7,2.8696863e-7
34,121,1.7774704e-7,1.6003446e-7,2.3917576e-7
34,122,6.917026e-8,-1.9475105e-7,2.0667002e-7
34,123,2.2565551e-7,-1.5211637e-7,2.7213932e-7
34,124,7.180587e-8,1.16741745e-7,1.3705736e-7
34,125,1.0152581e-7,-2.2183104e-7,2.4396005e-7
34,126,2.931713e-7,-3.7568404e-7,4.7653742e-7
34,127,2.7704436e-7,-2.7709652e-7,3.9183678e-7
34,128,1.5978699e-7,5.6924577e-8,1.6962397e-7
35,1,-1.3072998e-8,2.5681317e-7,2.571457e-7
35,2,3.250433e-8,-2.0052038e-7,2.0313777e-7
35,3,2.090935e-7,4.2840878e-7,4.7671185e-7
35,4,-6.301702e-9,-1.4057939e-7,1.4072056e-7
35,5,-2.2550534e-8,-1.2207387e-7,1.2413926e-7
35,6,-2.7517515e-7,-4.1498045e-9,2.7520645e-7
35,7,-2.602621e-7,2.4071611e-9,2.6027325e-7
35,8,4.2390242e-9,2.2210047e-8,2.261096e-8
35,9,1.3097336e-7,-8.5933e-8,1.566477e-7
35,10,-4.5313065e-8,1.3248292e-7,1.4001785e-7
35,11,-5.8175087e-9,1.7346867e-8,1.829637e-8
35,12,1.305223e-7,-1.6639582e-8,1.3157866e-7
35,13,1.5083629e-7,7.823183e-9,1.5103903e-7
35,14,-4.8930957e-8,1.4669482e-7,1.5464025e-7
35,15,-9.6796754e-8,1.3871305e-7,1.6914763e-7
35,16,-9.435254e-8,-3.3457624e-8,1.0010901e-7
35,17,-1.4176622e-8,-8.495286e-8,8.6127606e-8
35,18,-5.3784152e-8,1.77076e-7,1.850639e-7
35,19,-1.2994846e-7,1.690664e-7,2.1323707e-7
35,20,8.295035e-9,2.1057915e-7,2.1074246e-7
35,21,-3.429999e-9,1.5426082e-7,1.5429895e-7
35,22,2.1099498e-7,2.610541e-7,3.3566073e-7
35,23,1.0121387e-7,3.2035834e-7,3.3596683e-7
35,24,-1.8139165e-8,1.2394783e-7,1.2526809e-7
35,25,-3.1349007e-8,-1.2989813e-7,1.3362741e-7
35,26,3.5660065e-8,-3.2589543e-7,3.278406e-7
35,27,2.3956773e-8,6.1443615e-8,6.5948804e-8
35,28,2.3853164e-7,1.2629182e-7,2.6990176e-7
35,29,-1.9685605e-7,-5.024952e-9,1.9692017e-7
35,30,6.0352995e-8,3.5064932e-8,6.979995e-8
35,31,1.6889423e-7,1.4958663e-7,2.2561343e-7
35,32,1.2570387e-8,4.1532888e-7,4.1551908e-7
35,33,8.068472e-8,1.9786631e-8,8.307548e-8
35,34,7.478954e-8,-6.0579873e-7,6.103979e-7
35,35,3.4004833e-7,-4.3209747e-7,5.4985554e-7
35,36,7.8278833e-7,-7.849476e-8,7.8671405e-7
35,37,-2.833614e-7,-4.1803895e-7,5.05025e-7
35,38,-1.8334005e-7,-6.314885e-7,6.5756467e-7
35,39,2.562716e-7,-2.0342446e-7,3.2719512e-7
35,40,1.3672003e-7,1.766319e-7,2.2336337e-7
35,41,-1.1777736e-6,6.3464387e-7,1.3378802e-6
35,42,-1.5999111e-6,-2.537941e-7,1.6199158e-6
35,43,9.832738e-8,-1.235915e-6,1.2398202e-6
35,44,1.3929272e-6,-8.3742015e-7,1.625275e-6
35,45,3.0554354e-6,-2.5576693e-7,3.0661217e-6
35,46,3.1163022e-6,-6.5002854e-7,3.183375e-6
35,47,4.3241125e-6,-1.8087198e-6,4.6871546e-6
35,48,5.4510438e-6,-2.7231288e-6,6.093382e-6
35,49,6.274012e-6,-2.9514113e-6,6.9335456e-6
35,50,4.9825967e-6,-2.2687425e-6,5.4748025e-6
35,51,4.2744045e-6,-2.4883063e-6,4.9459277e-6
35,52,3.7552288e-6,-3.400361e-6,5.0659846e-6
35,53,3.6424035e-6,-3.842162e-6,5.294272e-6
35,54,3.8098356e-6,-3.4944142e-6,5.169698e-6
35,55,3.76487e-6,-3.7208367e-6,5.2932855e-6
35,56,1.966178e-6,-2.4706696e-6,3.1575407e-6
35,57,1.1927209e-6,-1.5062037e-6,1.9212582e-6
35,58,-5.1953556e-8,-1.0640833e-6,1.065351e-6
35,59,-3.1413126e-7,-1.2140259e-6,1.2540086e-6
35,60,9.9527995e-8,-5.0346773e-7,5.1321103e-7
35,61,1.3647712e-6,-1.2029259e-6,1.8192392e-6
35,62,1.8316931e-6,-2.4146973e-6,3.0308188e-6
35,63,2.868058e-6,-2.7223357e-6,3.954348e-6
35,64,3.0628235e-6,-3.1091868e-6,4.3643936e-6
35,65,3.2689172e-6,-3.4557338e-6,4.756881e-6
35,66,3.1530699e-6,-3.2835273e-6,4.552296e-6
35,67,3.0349615e-6,-3.6994961e-6,4.7851086e-6
35,68,3.8845747e-6,-3.9585766e-6,5.5461924e-6
35,69,3.938219e-6,-4.005916e-6,5.6175554e-6
35,70,4.4332105e-6,-4.6406594e-6,6.4178716e-6
35,71,4.4112608e-6,-4.4581175e-6,6.271685e-6
35,72,4.677236e-6,-5.0552158e-6,6.887071e-6
35,73,4.414033e-6,-4.895193e-6,6.5914037e-6
35,74,4.677675e-6,-5.069736e-6,6.8980335e-6
35,75,3.7205511e-6,-5.1954858e-6,6.3902717e-6
35,76,4.54323e-6,-5.666483e-6,7.2629173e-6
35,77,4.6700447e-6,-5.5348064e-6,7.2417815e-6
35,78,5.2499363e-6,-5.364776e-6,7.5061744e-6
35,79,4.6214573e-6,-5.2585565e-6,7.0007345e-6
35,80,3.898333e-6,-4.9843707e-6,6.327792e-6
35,81,4.761117e-6,-5.109375e-6,6.9838347e-6
35,82,5.4659354e-6,-4.9124487e-6,7.3490546e-6
35,83,5.708503e-6,-5.2623623e-6,7.763985e-6
35,84,5.6761296e-6,-5.8598093e-6,8.158175e-6
35,85,5.3855365e-6,-4.9543437e-6,7.317754e-6
35,86,5.1095462e-6,-4.712406e-6,6.9508437e-6
35,87,4.6324926e-6,-4.598377e-6,6.527255e-6
35,88,3.8913017e-6,-3.4587113e-6,5.206238e-6
35,89,1.6237409e-6,-2.4361182e-6,2.9276623e-6
35,90,4.004725e-7,-1.3760289e-6,1.4331202e-6
35,91,4.920331e-7,-1.1720496e-6,1.2711399e-6
35,92,2.092715e-6,-6.952843e-7,2.2051931e-6
35,93,1.31642e-6,-8.573319e-8,1.3192088e-6
35,94,1.8406839e-6,-3.6521305e-7,1.8765654e-6
35,95,2.7231376e-6,-1.4400841e-6,3.0804742e-6
35,96,2.1004196e-6,-2.6507805e-6,3.3820704e-6
35,97,4.9880023e-6,-3.3129486e-6,5.987971e-6
35,98,9.055834e-6,-4.5863862e-6,1.0151013e-5
35,99,9.50182e-6,-4.540522e-6,1.0530951e-5
35,100,5.725256e-6,-2.998115e-6,6.462759e-6
35,101,4.9419924e-7,-1.3236024e-6,1.412854e-6
35,102,5.6739646e-7,-8.0920915e-7,9.883108e-7
35,103,3.5653468e-7,-9.644866e-7,1.028276e-6
35,104,-5.2299225e-7,1.6624165e-7,5.487779e-7
35,105,-5.2623847e-7,3.926026e-7,6.5655445e-7
35,106,-7.085943e-7,2.6803906e-7,7.5759544e-7
35,107,-4.4888557e-7,2.738047e-7,5.2580157e-7
35,108,-3.2162922e-7,3.758175e-8,3.2381746e-7
35,109,-3.1223578e-7,3.6903113e-8,3.1440902e-7
35,110,3.3490576e-8,1.278729e-7,1.3218583e-7
35,111,2.4607854e-7,-3.3704816e-7,4.1732017e-7
35,112,2.1142861e-7,1.5057529e-7,2.595669e-7
35,113,1.3914709e-7,-5.8779253e-8,1.5105269e-7
35,114,5.361667e-8,6.408166e-9,5.399826e-8
35,115,-4.428252e-9,-8.351417e-8,8.363149e-8
35,116,1.6653854e-7,1.1304766e-7,2.0128303e-7
35,117,4.280436e-8,7.424229e-8,8.56979e-8
35,118,2.9479239e-8,1.4721127e-7,1.5013389e-7
35,119,8.7077474e-8,1.2366889e-8,8.795127e-8
35,120,2.6094688e-7,2.3813804e-7,3.532747e-7
35,121,1.5839245e-7,1.8134301e-7,2.4077679e-7
35,122,2.6302774e-7,9.71411e-8,2.8039256e-7
35,123,1.4081816e-7,-2.3820516e-7,2.7671547e-7
35,124,7.476484e-8,2.0317956e-9,7.4792446e-8
35,125,1.4751633e-7,-1.229054e-7,1.920073e-7
35,126,6.751786e-8,-3.4889275e-8,7.5999495e-8
35,127,-6.250001e-8,-1.3978357e-7,1.5311987e-7
35,128,1.1662442e-7,-2.1798665e-7,2.4722345e-7
36,1,1.625978e-7,-4.0859007e-7,4.3975436e-7
36,2,7.719255e-9,8.826158e-8,8.85985e-8
36,3,5.334372e-8,1.2336103e-7,1.3440051e-7
36,4,1.4041397e-7,4.159345e-8,1.4644486e-7
36,5,1.06044276e-7,6.955706e-8,1.2682102e-7
36,6,1.18417915e-7,1.6737447e-7,2.050293e-7
36,7,-6.616909e-8,9.592833e-8,1.165358e-7
36,8,1.4214025e-7,-3.0647318e-8,1.454067e-7
36,9,-2.6203654e-7,3.2886282e-7,4.2049246e-7
36,10,-1.488762e-7,-3.956925e-8,1.5404495e-7
36,11,1.8339776e-7,1.5735102e-7,2.4164868e-7
36,12,-3.066807e-8,1.5030811e-7,1.5340488e-7
36,13,-2.4923688e-7,1.10417886e-7,2.726007e-7
36,14,-6.836483e-8,-2.859475e-8,7.4104044e-8
36,15,2.6029458e-8,-2.0104983e-7,2.0272782e-7
36,16,1.7861579e-7,-2.0964616e-7,2.7541807e-7
36,17,8.641318e-8,7.934016e-8,1.1731197e-7
36,18,-1.4273596e-7,-1.9196129e-7,2.3921265e-7
36,19,-3.7868784e-8,-1.1511915e-7,1.2118772e-7
36,20,-1.899815e-7,8.115651e-8,2.0658982e-7
36,21,-1.0951064e-7,2.0243972e-7,2.3016173e-7
36,22,-1.7638199e-7,2.1736793e-7,2.7992752e-7
36,23,-9.148129e-8,5.986747e-8,1.09329505e-7
36,24,-3.9706887e-8,1.4385557e-7,1.4923492e-7
36,25,5.8290016e-8,4.1027917e-7,4.1439924e-7
36,26,3.2374817e-7,4.21804e-7,5.31725e-7
36,27,3.2779238e-7,5.8519202e-8,3.32975e-7
36,28,6.786058e-8,-2.9213702e-8,7.388166e-8
36,29,2.2832724e-7,-9.562402e-8,2.475425e-7
36,30,4.353784e-8,6.611933e-8,7.916634e-8
36,31,-1.8088079e-7,1.6465114e-8,1.8162864e-7
36,32,-8.77809e-8,-4.807955e-7,4.8874307e-7
36,33,-3.551059e-8,-4.3958346e-7,4.4101543e-7
36,34,7.19328e-7,1.2096598e-7,7.294282e-7
36,35,7.827044e-7,3.0137844e-7,8.387223e-7
36,36,-1.48189e-7,1.8875161e-7,2.3997322e-7
36,37,8.929874e-7,7.7573574e-8,8.9635046e-7
36,38,8.7232854e-7,9.2175486e-7,1.2690899e-6
36,39,-1.580461e-7,4.5181636e-7,4.7866126e-7
36,40,-8.326162e-7,-9.397445e-7,1.2555355e-6
36,41,-3.3307956e-8,-1.7121007e-6,1.7124247e-6
36,42,2.197025e-6,-1.5007817e-6,2.6606888e-6
36,43,2.5969323e-6,-9.39734e-7,2.761731e-6
36,44,2.951197e-6,-1.3603554e-6,3.2496355e-6
36,45,3.7996654e-6,-1.9682461e-6,4.279188e-6
36,46,5.366525e-6,-2.6789871e-6,5.9980466e-6
36,47,6.9042635e-6,-2.0062507e-6,7.1898467e-6
36,48,7.2306316e-6,-2.3012897e-6,7.588015e-6
36,49,5.271795e-6,-3.911761e-6,6.564579e-6
36,50,4.1543194e-6,-4.669578e-6,6.2500662e-6
36,51,3.6489769e-6,-4.527561e-6,5.814967e-6
36,52,3.0660794e-6,-3.6522545e-6,4.768627e-6
36,53,3.2712248e-6,-2.225913e-6,3.956716e-6
36,54,2.7386536e-6,-1.0491162e-6,2.9327236e-6
36,55,1.998256e-6,-7.330866e-7,2.1284839e-6
36,56,1.05936e-6,-1.5997762e-6,1.9187307e-6
36,57,6.033607e-8,-1.3914088e-6,1.3927164e-6
36,58,8.821864e-7,-1.1252398e-6,1.4298313e-6
36,59,2.3416023e-6,-2.8262555e-6,3.6702618e-6
36,60,2.179251e-6,-3.7984732e-6,4.379216e-6
36,61,3.3456292e-6,-3.6121662e-6,4.9235127e-6
36,62,4.402481e-6,-4.4157437e-6,6.2354334e-6
36,63,3.8182666e-6,-3.6817767e-6,5.3042095e-6
36,64,3.8403477e-6,-4.0221717e-6,5.561127e-6
36,65,3.8785365e-6,-3.5243909e-6,5.2406467e-6
36,66,3.906339e-6,-3.9122997e-6,5.528614e-6
36,67,4.137529e-6,-4.062809e-6,5.798755e-6
36,68,3.872042e-6,-4.443937e-6,5.8941737e-6
36,69,3.756398e-6,-4.5912957e-6,5.93216e-6
36,70,3.3735269e-6,-4.8289803e-6,5.890648e-6
36,71,4.7215135e-6,-5.4962634e-6,7.2457988e-6
36,72,3.417862e-6,-5.34637e-6,6.3455063e-6
36,73,3.8533067e-6,-5.1105735e-6,6.4004635e-6
36,74,3.6079173e-6,-4.934128e-6,6.1125024e-6
36,75,4.010187e-6,-5.214575e-6,6.5782515e-6
36,76,4.4006383e-6,-5.4759225e-6,7.025051e-6
36,77,4.79071e-6,-4.843219e-6,6.8123177e-6
36,78,4.2897996e-6,-5.289161e-6,6.8101103e-6
36,79,5.587289e-6,-5.8999253e-6,8.125695e-6
36,80,4.741348e-6,-5.5244295e-6,7.2800894e-6
36,81,3.6301847e-6,-5.0277904e-6,6.201364e-6
36,82,4.3536656e-6,-5.2488735e-6,6.819463e-6
36,83,4.6494238e-6,-4.7674544e-6,6.6592615e-6
36,84,4.8209213e-6,-4.5662346e-6,6.640164e-6
36,85,4.363568e-6,-4.7751764e-6,6.4686196e-6
36,86,4.793505e-6,-4.8376023e-6,6.8102927e-6
36,87,5.891432e-6,-5.6244644e-6,8.145156e-6
36,88,5.900209e-6,-4.959487e-6,7.707722e-6
36,89,6.2887416e-6,-4.614271e-6,7.799985e-6
36,90,3.5364885e-6,-2.9346484e-6,4.5955317e-6
36,91,4.901219e-7,-1.5421358e-6,1.6181478e-6
36,92,-1.4971599e-7,-1.6012591e-6,1.608243e-6
36,93,1.7085232e-6,-1.2374243e-6,2.1095664e-6
36,94,1.6068707e-7,1.0827175e-7,1.9376043e-7
36,95,1.6182292e-6,-3.839633e-7,1.6631577e-6
36,96,2.4351507e-6,-2.1980475e-6,3.280453e-6
36,97,2.5729648e-6,-2.4097526e-6,3.5252028e-6
36,98,2.7950082e-6,-3.1897644e-6,4.2410693e-6
36,99,7.3257324e-6,-3.9916226e-6,8.342626e-6
36,100,9.54526e-6,-5.4350908e-6,1.0984179e-5
36,101,7.0451665e-6,-3.8993085e-6,8.052265e-6
36,102,1.6640095e-6,-1.4995e-6,2.2399615e-6
36,103,6.482538e-7,-5.4275966e-7,8.454709e-7
36,104,5.3607226e-7,-8.932312e-7,1.0417464e-6
36,105,-3.9403074e-7,2.5341487e-7,4.684862e-7
36,106,-3.9919036e-7,2.2122127e-7,4.5638996e-7
36,107,-4.5350305e-7,5.323049e-7,6.99295e-7
36,108,-2.5329706e-7,1.742583e-7,3.0744977e-7
36,109,-3.2416796e-7,-1.2297559e-7,3.4671004e-7
36,110,-1.8008372e-7,-2.6607862e-7,3.212911e-7
36,111,4.305621e-8,-2.1382941e-7,2.1812119e-7
36,112,3.384569e-7,-2.4338797e-7,4.1688222e-7
36,113,3.0621425e-7,-7.136512e-8,3.1442033e-7
36,114,2.5396758e-7,-1.2783865e-7,2.843277e-7
36,115,3.25126e-7,1.1142099e-7,3.4368816e-7
36,116,-6.151426e-8,-4.1125876e-9,6.1651576e-8
36,117,-3.0799313e-8,2.7561305e-7,2.7732858e-7
36,118,-2.2740421e-7,1.3928063e-7,2.666679e-7
36,119,-1.2595167e-7,2.2149577e-7,2.5480227e-7
36,120,1.5265005e-8,4.9889326e-8,5.2172457e-8
36,121,1.6540614e-8,9.548305e-8,9.690513e-8
36,122,1.1335999e-7,-2.3519995e-8,1.1577425e-7
36,123,1.933341e-7,1.6908672e-7,2.5684312e-7
36,124,2.0917885e-7,-3.2804274e-7,3.890602e-7
36,125,1.6048565e-7,3.6249364e-8,1.645286e-7
36,126,-9.6486295e-9,-1.3612717e-7,1.3646869e-7
36,127,7.811864e-8,-2.9097194e-7,3.0127595e-7
36,128,1.8357841e-7,-9.427366e-8,2.0636995e-7
37,1,-2.347227e-7,-2.2972627e-7,3.2843403e-7
37,2,-1.602359e-7,9.2200935e-8,1.8486902e-7
37,3,4.175517e-7,-1.7851026e-8,4.179331e-7
37,4,4.2004731e-7,3.3049386e-7,5.3447724e-7
37,5,3.213691e-8,2.7044135e-7,2.723441e-7
37,6,-9.367367e-8,-4.8926474e-8,1.0568139e-7
37,7,2.4839738e-7,3.6118828e-7,4.3835857e-7
37,8,-1.4619458e-7,2.0741295e-7,2.5375775e-7
37,9,4.6890772e-8,2.628312e-7,2.6698126e-7
37,10,8.60636e-8,4.3966602e-7,4.480102e-7
37,11,-1.859372e-7,4.6304555e-7,4.989828e-7
37,12,-1.3615356e-7,2.307783e-7,2.6794854e-7
37,13,8.583466e-8,1.23755095e-8,8.672221e-8
37,14,-1.4287993e-8,-3.9457586e-7,3.9483447e-7
37,15,2.5384114e-7,-1.6194423e-7,3.0110007e-7
37,16,7.017154e-8,-1.9146505e-7,2.0391887e-7
37,17,-4.9785346e-8,-9.978707e-8,1.11517e-7
37,18,6.1592175e-8,-1.0084018e-7,1.1816234e-7
37,19,-2.3888114e-7,-1.9905902e-7,3.1094805e-7
37,20,-4.6327024e-8,3.1465314e-7,3.1804527e-7
37,21,-1.2706393e-7,1.9621562e-7,2.3376444e-7
37,22,1.7310649e-8,5.6404552e-8,5.900112e-8
37,23,4.838971e-7,1.1712652e-7,4.978705e-7
37,24,2.8508086e-7,2.8229553e-7,4.0120054e-7
37,25,2.650842e-7,2.476835e-7,3.6279022e-7
37,26,6.915045e-8,2.896383e-7,2.9777866e-7
37,27,-2.5202175e-7,4.2379153e-7,4.930661e-7
37,28,-1.8491711e-7,1.6839265e-7,2.501008e-7
37,29,-6.0176177e-7,-4.4543423e-8,6.034081e-7
37,30,-6.771742e-7,-4.2969455e-7,8.0199897e-7
37,31,-4.7432806e-7,-5.9286316e-7,7.5925874e-7
37,32,-2.947967e-7,-7.583447e-9,2.9489422e-7
37,33,1.517452e-6,-3.4761015e-7,1.5567573e-6
37,34,7.250897e-7,1.7653822e-7,7.4627127e-7
37,35,2.731971e-7,6.398713e-7,6.9575276e-7
37,36,1.6447557e-6,5.8897325e-7,1.7470292e-6
37,37,4.8234e-7,7.874002e-7,9.2339104e-7
37,38,1.5402816e-7,1.1713108e-7,1.9350546e-7
37,39,9.1878285e-8,-1.3762311e-6,1.3792946e-6
37,40,2.0009254e-6,-2.1664132e-6,2.949076e-6
37,41,2.6206512e-6,-1.2248213e-6,2.8927495e-6
37,42,2.9652879e-6,-7.288559e-7,3.0535493e-6
37,43,4.2120896e-6,-1.411246e-6,4.4422195e-6
37,44,4.474881e-6,-2.2743764e-6,5.019696e-6
37,45,5.303792e-6,-2.5857128e-6,5.9005188e-6
37,46,6.089019e-6,-2.2778888e-6,6.501148e-6
37,47,5.526045e-6,-4.082433e-6,6.8704753e-6
37,48,4.4630497e-6,-5.126763e-6,6.797243e-6
37,49,4.448929e-6,-4.7217623e-6,6.487527e-6
37,50,2.6589053e-6,-3.1581326e-6,4.128387e-6
37,51,1.3653538e-6,-2.0535022e-6,2.465981e-6
37,52,1.4559748e-6,-1.8282407e-6,2.3371622e-6
37,53,1.7550791e-6,-1.2744944e-6,2.1690178e-6
37,54,2.9778594e-6,-2.3917548e-6,3.819442e-6
37,55,2.097842e-6,-2.6841863e-6,3.4067282e-6
37,56,1.0497031e-6,-2.6957657e-6,2.8929276e-6
37,57,1.6760908e-6,-1.7398702e-6,2.41587e-6
37,58,3.688963e-6,-4.226679e-6,5.6101035e-6
37,59,3.491892e-6,-4.153265e-6,5.4261327e-6
37,60,3.0402985e-6,-3.7615227e-6,4.836576e-6
37,61,3.4816521e-6,-3.7639743e-6,5.1273196e-6
37,62,3.5357173e-6,-4.811299e-6,5.970753e-6
37,63,3.2200958e-6,-3.5847675e-6,4.8186694e-6
37,64,3.3089104e-6,-4.255027e-6,5.3901895e-6
37,65,3.3543192e-6,-4.4651065e-6,5.5846785e-6
37,66,3.5550343e-6,-3.972292e-6,5.3307945e-6
37,67,4.0347977e-6,-4.770108e-6,6.247681e-6
37,68,3.0485144e-6,-5.6092385e-6,6.3841208e-6
37,69,3.923379e-6,-4.8403804e-6,6.2307454e-6
37,70,3.7859563e-6,-5.180749e-6,6.416668e-6
37,71,2.9063908e-6,-4.9234513e-6,5.7172965e-6
37,72,3.987322e-6,-4.7213803e-6,6.1798196e-6
37,73,3.2597686e-6,-5.6723325e-6,6.5422814e-6
37,74,3.0739898e-6,-5.4598368e-6,6.2657186e-6
37,75,2.7863866e-6,-5.180057e-6,5.8819164e-6
37,76,4.2371616e-6,-4.719777e-6,6.342699e-6
37,77,3.5534697e-6,-5.772706e-6,6.7787378e-6
37,78,3.9664073e-6,-5.783597e-6,7.013015e-6
37,79,3.5921587e-6,-6.089833e-6,7.0703372e-6
37,80,4.157557e-6,-5.383365e-6,6.8019044e-6
37,81,5.706635e-6,-6.082428e-6,8.34036e-6
37,82,5.2405603e-6,-5.9227013e-6,7.908341e-6
37,83,4.8222955e-6,-6.015648e-6,7.7099e-6
37,84,4.574947e-6,-6.9503835e-6,8.320936e-6
37,85,5.010608e-6,-6.5321965e-6,8.232605e-6
37,86,5.3975964e-6,-5.797409e-6,7.92111e-6
37,87,4.183298e-6,-5.0029594e-6,6.5214713e-6
37,88,5.3368276e-6,-5.3800145e-6,7.578013e-6
37,89,5.2816886e-6,-5.204334e-6,7.4149393e-6
37,90,6.22154e-6,-6.3188318e-6,8.867649e-6
37,91,5.2945284e-6,-4.8292713e-6,7.166163e-6
37,92,1.1507104e-6,-1.42593e-6,1.832324e-6
37,93,1.225881e-6,-1.5157021e-6,1.9493941e-6
37,94,-1.7376269e-7,-1.5606016e-6,1.5702454e-6
37,95,-7.3494823e-7,-7.285689e-7,1.0348728e-6
37,96,7.222696e-7,-5.4966273e-7,9.0763564e-7
37,97,1.973179e-6,-1.7653505e-6,2.6476212e-6
37,98,2.809343e-6,-1.5653491e-6,3.2160108e-6
37,99,3.0110764e-6,-1.8764098e-6,3.5478859e-6
37,100,6.2497065e-6,-3.895043e-6,7.364115e-6
37,101,8.888501e-6,-5.72358e-6,1.0571888e-5
37,102,7.6651195e-6,-5.2732153e-6,9.303809e-6
37,103,7.4987423e-7,-1.7238724e-6,1.8799062e-6
37,104,1.0355518e-7,-9.3702647e-7,9.427313e-7
37,105,8.440833e-7,-7.148996e-7,1.1061455e-6
37,106,-2.4933823e-7,7.308031e-7,7.7216754e-7
37,107,-5.518446e-7,2.0935332e-7,5.9022136e-7
37,108,-7.342649e-7,1.04127274e-7,7.416114e-7
37,109,-1.0114158e-7,7.5331705e-8,1.2611298e-7
37,110,-3.4526586e-8,5.193871e-7,5.205334e-7
37,111,9.062929e-8,-8.979537e-8,1.2758086e-7
37,112,3.8616759e-7,-7.529773e-7,8.4622707e-7
37,113,4.8883527e-7,-1.3130432e-7,5.061628e-7
37,114,2.2333984e-7,1.484901e-7,2.6819768e-7
37,115,8.176301e-8,1.458918e-7,1.6724117e-7
37,116,5.911526e-8,1.12706e-8,6.0180064e-8
37,117,-7.4173066e-8,-1.7599586e-8,7.623247e-8
37,118,-3.9863485e-7,8.335988e-8,4.0725743e-7
37,119,1.0562297e-8,2.954865e-7,2.9567522e-7
37,120,8.7535454e-8,3.5913303e-7,3.696471e-7
37,121,2.3166825e-7,1.5632864e-7,2.7947956e-7
37,122,1.742366e-7,1.2403213e-7,2.1387464e-7
37,123,3.4653726e-7,-1.6967576e-7,3.8584704e-7
37,124,1.0839718e-7,2.549589e-7,2.770451e-7
37,125,-1.2009609e-7,-3.061179e-7,3.2883315e-7
37,126,1.8023768e-7,-4.00661e-7,4.3933457e-7
37,127,1.16518684e-7,-2.2742344e-7,2.555348e-7
37,128,1.1326048e-7,-3.0361102e-7,3.2404873e-7
38,1,-2.5737625e-8,-3.0915055e-7,3.1022006e-7
38,2,-3.415117e-7,-3.7789104e-7,5.0934455e-7
38,3,3.8496587e-8,6.656973e-8,7.689939e-8
38,4,-1.4963045e-7,-9.79056e-8,1.7881493e-7
38,5,5.8024153e-8,9.477507e-8,1.11126575e-7
38,6,2.4906495e-7,4.5296105e-7,5.1692075e-7
38,7,9.266712e-8,2.8831067e-7,3.0283698e-7
38,8,8.767707e-8,2.0700503e-7,2.2480737e-7
38,9,-1.4679495e-7,3.6823374e-7,3.96415e-7
38,10,4.9539018e-8,3.3030423e-7,3.339985e-7
38,11,2.8331155e-7,2.617278e-8,2.845179e-7
38,12,1.5143398e-7,-1.3740235e-7,2.04479e-7
38,13,-3.3834036e-7,-2.8333997e-7,4.4131139e-7
38,14,6.172733e-8,-6.62562e-8,9.0554664e-8
38,15,3.274694e-9,-3.8968892e-7,3.8970268e-7
38,16,8.24784e-8,-2.1117589e-7,2.2671114e-7
38,17,-6.105873e-9,-1.3806029e-7,1.3819525e-7
38,18,-1.7515654e-7,-1.8058994e-7,2.5158008e-7
38,19,-8.381702e-9,-1.3710023e-8,1.6069153e-8
38,20,5.7524684e-8,-1.444212e-7,1.5545601e-7
38,21,-3.3006767e-8,1.6778807e-7,1.7100375e-7
38,22,1.1698026e-7,1.9740527e-7,2.294629e-7
38,23,9.660964e-8,1.325503e-7,1.6402136e-7
38,24,-7.423137e-8,-2.9221576e-8,7.9775916e-8
38,25,-1.549461e-7,6.0610074e-7,6.2559286e-7
38,26,-4.1007407e-8,7.2527115e-7,7.264295e-7
38,27,1.31264e-7,1.4933998e-7,1.9882823e-7
38,28,-5.952847e-7,-5.7046396e-8,5.980118e-7
38,29,-4.388804e-7,-1.7409867e-7,4.7215076e-7
38,30,-1.0181641e-7,1.5528997e-7,1.856921e-7
38,31,4.6247828e-7,3.7227824e-7,5.9369796e-7
38,32,1.2041938e-6,-9.757013e-7,1.5498631e-6
38,33,5.05817e-7,-3.671643e-7,6.2502835e-7
38,34,1.0658746e-6,7.3618037e-7,1.2953958e-6
38,35,1.3415276e-6,1.2584995e-6,1.839434e-6
38,36,1.7827743e-8,4.4817648e-7,4.4853093e-7
38,37,5.6766544e-7,-4.0986157e-7,7.0016466e-7
38,38,1.861752e-6,-2.99287e-7,1.8856546e-6
38,39,3.6016156e-6,-7.4938737e-7,3.6787521e-6
38,40,4.009305e-6,-4.480574e-7,4.0342634e-6
38,41,3.915784e-6,-6.656693e-7,3.9719616e-6
38,42,5.8986407e-6,-1.8642123e-6,6.1862143e-6
38,43,6.0690404e-6,-2.9335272e-6,6.740833e-6
38,44,5.576087e-6,-2.3641355e-6,6.056557e-6
38,45,5.137831e-6,-2.2227948e-6,5.5980463e-6
38,46,4.528526e-6,-2.7387032e-6,5.2922624e-6
38,47,4.0903724e-6,-3.3588597e-6,5.292739e-6
38,48,2.0500922e-6,-2.547027e-6,3.269591e-6
38,49,1.1552528e-6,-2.3398316e-6,2.6094867e-6
38,50,1.2646285e-6,-1.6597346e-6,2.086625e-6
38,51,1.9863703e-6,-1.2352722e-6,2.3391376e-6
38,52,1.687582e-6,-7.0484214e-7,1.8288617e-6
38,53,1.4281344e-6,-1.2313967e-6,1.885711e-6
38,54,2.6814948e-6,-1.0498953e-6,2.879704e-6
38,55,7.467071e-7,-4.729764e-9,7.467221e-7
38,56,1.622299e-6,-1.4160844e-6,2.153404e-6
38,57,3.3892832e-6,-2.4339733e-6,4.172705e-6
38,58,3.5784385e-6,-2.883741e-6,4.595779e-6
38,59,3.167369e-6,-3.6826086e-6,4.8573484e-6
38,60,4.406404e-6,-3.4315472e-6,5.584972e-6
38,61,4.406847e-6,-3.9454017e-6,5.9149384e-6
38,62,3.8907006e-6,-4.5627544e-6,5.9963554e-6
38,63,2.697503e-6,-4.9696487e-6,5.6545496e-6
38,64,3.5521546e-6,-4.561742e-6,5.781634e-6
38,65,3.2668986e-6,-4.1464546e-6,5.278798e-6
38,66,3.1434392e-6,-4.593481e-6,5.566083e-6
38,67,3.473827e-6,-4.9927153e-6,6.0823254e-6
38,68,2.8681384e-6,-4.762312e-6,5.5593014e-6
38,69,3.1064958e-6,-4.410844e-6,5.394985e-6
38,70,2.9537255e-6,-4.811035e-6,5.645401e-6
38,71,2.5391203e-6,-4.4759345e-6,5.145981e-6
38,72,3.4155785e-6,-3.5930861e-6,4.9574637e-6
38,73,3.7523653e-6,-5.333977e-6,6.521622e-6
38,74,2.005326e-6,-5.47055e-6,5.8265127e-6
38,75,3.744357e-6,-5.427903e-6,6.594114e-6
38,76,3.5822725e-6,-4.966574e-6,6.1236865e-6
38,77,3.6509853e-6,-5.456872e-6,6.565603e-6
38,78,2.8612387e-6,-4.993675e-6,5.7552998e-6
38,79,4.4211606e-6,-5.550198e-6,7.095869e-6
38,80,3.5157025e-6,-6.1441233e-6,7.078871e-6
38,81,3.4472794e-6,-5.346554e-6,6.3615544e-6
38,82,4.6701603e-6,-5.145394e-6,6.948775e-6
38,83,5.8083865e-6,-5.9264316e-6,8.29819e-6
38,84,5.266811e-6,-5.880838e-6,7.894527e-6
38,85,5.5186756e-6,-6.3450375e-6,8.409238e-6
38,86,6.942097e-6,-6.6929256e-6,9.643027e-6
38,87,5.9937993e-6,-7.100707e-6,9.292237e-6
38,88,5.3504405e-6,-6.159744e-6,8.159023e-6
38,89,5.472134e-6,-6.161809e-6,8.240882e-6
38,90,5.225622e-6,-5.421073e-6,7.529619e-6
38,91,5.6085164e-6,-5.680472e-6,7.982682e-6
38,92,6.1391443e-6,-5.671777e-6,8.358119e-6
38,93,3.461246e-6,-2.8954655e-6,4.5126426e-6
38,94,1.506841e-6,-5.0019935e-7,1.5876931e-6
38,95,1.6211169e-7,-5.76697e-7,5.990489e-7
38,96,-7.9101176e-7,-2.6963954e-7,8.357063e-7
38,97,7.7088265e-7,-3.2225688e-7,8.3552953e-7
38,98,6.880358e-7,-6.06727e-7,9.1733904e-7
38,99,2.4951198e-6,-1.2860689e-6,2.807062e-6
38,100,2.627938e-6,-1.7497545e-6,3.1571662e-6
38,101,5.0742506e-6,-2.7505735e-6,5.7718e-6
38,102,8.765397e-6,-6.0753214e-6,1.0664976e-5
38,103,6.636898e-6,-4.635326e-6,8.095349e-6
38,104,1.8337313e-7,-1.0022404e-6,1.0188776e-6
38,105,5.8216614e-7,-8.419683e-7,1.0236347e-6
38,106,7.344311e-7,-1.0337977e-6,1.2681194e-6
38,107,-1.7202056e-7,-1.15649016e-7,2.0728186e-7
38,108,-6.006357e-7,1.3431392e-7,6.154701e-7
38,109,-6.595193e-7,-1.8609109e-7,6.8527044e-7
38,110,-4.2896792e-7,3.3280438e-7,5.429293e-7
38,111,-4.4378602e-8,3.1750042e-7,3.2058693e-7
38,112,-8.3150056e-8,-1.3067228e-7,1.5488439e-7
38,113,2.415204e-7,-8.5161254e-8,2.560948e-7
38,114,3.484372e-7,1.4104747e-8,3.4872255e-7
38,115,1.0423642e-8,3.356932e-7,3.35855e-7
38,116,1.01347744e-7,3.5416352e-7,3.683791e-7
38,117,2.6365083e-7,-1.3254908e-7,2.9509494e-7
38,118,-1.4886444e-7,2.6792438e-7,3.06503e-7
38,119,-3.705453e-7,-7.5167634e-8,3.7809258e-7
38,120,-1.8124722e-7,1.2239512e-7,2.1870326e-7
38,121,1.6434367e-8,3.0259987e-8,3.4434795e-8
38,122,2.428943e-7,-2.8341319e-8,2.4454215e-7
38,123,1.6171964e-7,-8.5666315e-8,1.8300808e-7
38,124,2.0409888e-7,-4.889712e-8,2.0987444e-7
38,125,2.6265076e-7,-2.0897765e-8,2.634808e-7
38,126,1.7670688e-7,6.3221485e-8,1.87676e-7
38,127,3.989258e-8,-3.3946765e-7,3.418036e-7
38,128,2.7400787e-7,-3.7880878e-7,4.6752155e-7
39,1,-2.4202555e-7,-4.536987e-8,2.4624134e-7
39,2,-1.583075e-7,4.720003e-8,1.6519415e-7
39,3,-2.7426245e-7,-8.7472934e-8,2.8787395e-7
39,4,-1.1078854e-7,-3.1336984e-7,3.3237743e-7
39,5,3.5184016e-8,-8.637405e-8,9.326517e-8
39,6,-1.1528161e-7,-4.677448e-8,1.2440941e-7
39,7,-1.8379305e-7,7.800443e-8,1.9966116e-7
39,8,-2.6956369e-7,3.0502608e-7,4.070694e-7
39,9,-2.6103484e-7,3.3838967e-7,4.2737193e-7
39,10,-1.5497109e-7,1.6583199e-7,2.26972e-7
39,11,-8.74792e-10,4.2554312e-8,4.2563304e-8
39,12,5.2604786e-8,2.9265345e-7,2.9734375e-7
39,13,4.9711337e-9,2.9518466e-7,2.9522653e-7
39,14,2.3316721e-7,-7.375474e-8,2.4455412e-7
39,15,3.0381457e-7,-3.4425545e-7,4.5914607e-7
39,16,2.5271723e-7,-1.06387915e-7,2.741977e-7
39,17,3.9403243e-8,3.4940584e-8,5.266365e-8
39,18,1.2287572e-7,-1.13019006e-7,1.6694831e-7
39,19,5.1292616e-8,-2.5971062e-7,2.6472728e-7
39,20,1.9354987e-7,1.5328927e-8,1.9415593e-7
39,21,8.70114e-8,3.7163142e-7,3.8168167e-7
39,22,2.5226566e-7,2.4952087e-7,3.5482196e-7
39,23,-1.680853e-7,-1.1797739e-7,2.053566e-7
39,24,2.199405e-8,2.6883253e-8,3.4733954e-8
39,25,3.696097e-7,-4.3200245e-8,3.7212575e-7
39,26,8.138887e-8,-4.778925e-8,9.438199e-8
39,27,-6.287251e-7,-2.3881856e-7,6.725545e-7
39,28,-4.701758e-7,-5.871895e-7,7.5223454e-7
39,29,-8.00646e-7,1.1716435e-7,8.0917334e-7
39,30,1.12441185e-7,2.6775072e-7,2.9040226e-7
39,31,-7.0073037e-7,-8.280718e-8,7.0560617e-7
39,32,-1.0648268e-6,-1.5277621e-7,1.0757308e-6
39,33,3.382317e-7,6.23709e-7,7.095165e-7
39,34,6.7757185e-7,1.3371028e-6,1.4989822e-6
39,35,3.219392e-7,1.2922461e-6,1.331745e-6
39,36,6.9590203e-7,7.1048083e-7,9.945163e-7
39,37,2.8766428e-6,-2.4613854e-7,2.887154e-6
39,38,2.7740282e-6,-6.3132626e-7,2.8449613e-6
39,39,4.600604e-6,-7.6379973e-7,4.6635764e-6
39,40,6.2140202e-6,-1.9276465e-6,6.506141e-6
39,41,6.26848e-6,-2.9217806e-6,6.91597e-6
39,42,3.6424508e-6,-1.2042979e-6,3.836376e-6
39,43,2.33019e-6,-4.5012501e-7,2.3732673e-6
39,44,1.4317302e-6,-2.1159238e-7,1.4472812e-6
39,45,1.3104554e-6,-2.018883e-7,1.3259157e-6
39,46,1.4821903e-6,3.769921e-7,1.5293826e-6
39,47,6.336406e-7,1.7574456e-6,1.8681851e-6
39,48,-2.79948e-7,1.9890456e-7,3.4341508e-7
39,49,-6.121823e-7,-5.60013e-7,8.2968774e-7
39,50,5.206077e-7,-1.1140185e-6,1.2296624e-6
39,51,8.491823e-7,1.7795163e-7,8.676274e-7
39,52,2.3995628e-7,-2.2903194e-7,3.3171472e-7
39,53,1.962584e-6,-1.264407e-6,2.3346224e-6
39,54,2.8357588e-6,-2.7788035e-6,3.9702995e-6
39,55,3.5490946e-6,-3.7837467e-6,5.187756e-6
39,56,4.106301e-6,-3.9136576e-6,5.6726026e-6
39,57,4.3829295e-6,-4.2182737e-6,6.0830835e-6
39,58,4.3019654e-6,-3.787152e-6,5.731442e-6
39,59,3.8025203e-6,-4.7084304e-6,6.0521465e-6
39,60,2.8846139e-6,-5.6480194e-6,6.3420125e-6
39,61,3.7579139e-6,-5.6235162e-6,6.763568e-6
39,62,3.6318575e-6,-5.470672e-6,6.5664785e-6
39,63,3.5559497e-6,-4.0661403e-6,5.401692e-6
39,64,3.1514676e-6,-4.096424e-6,5.168408e-6
39,65,3.840058e-6,-4.588123e-6,5.9830527e-6
39,66,3.5522685e-6,-4.5535285e-6,5.775226e-6
39,67,3.3026636e-6,-4.5010547e-6,5.5827486e-6
39,68,2.468927e-6,-4.325515e-6,4.9805303e-6
39,69,1.9040396e-6,-4.254441e-6,4.6610767e-6
39,70,2.3464706e-6,-4.8973166e-6,5.430436e-6
39,71,3.115763e-6,-4.969839e-6,5.865772e-6
39,72,2.3409937e-6,-5.093325e-6,5.605552e-6
39,73,2.9400835e-6,-5.424256e-6,6.169817e-6
39,74,2.851471e-6,-6.090462e-6,6.7249252e-6
39,75,3.3854499e-6,-5.6275276e-6,6.567369e-6
39,76,3.4291047e-6,-5.609009e-6,6.5741724e-6
39,77,3.4975067e-6,-5.907333e-6,6.8650666e-6
39,78,2.887972e-6,-5.7235125e-6,6.4108485e-6
39,79,3.6201714e-6,-4.654031e-6,5.8962396e-6
39,80,4.5872257e-6,-6.4404003e-6,7.907047e-6
39,81,3.764612e-6,-6.1261394e-6,7.1904024e-6
39,82,3.1273016e-6,-5.384861e-6,6.227098e-6
39,83,3.6175766e-6,-5.2653113e-6,6.388299e-6
39,84,4.2236766e-6,-7.348175e-6,8.47556e-6
39,85,3.5030473e-6,-6.4857722e-6,7.371335e-6
39,86,3.6819033e-6,-5.610822e-6,6.711016e-6
39,87,4.1004437e-6,-5.410866e-6,6.7890433e-6
39,88,5.232357e-6,-5.3838e-6,7.5075204e-6
39,89,5.0210792e-6,-6.907336e-6,8.539469e-6
39,90,4.28155e-6,-6.68511e-6,7.938663e-6
39,91,5.0061e-6,-4.5496054e-6,6.7646097e-6
39,92,4.554075e-6,-4.1128524e-6,6.1363794e-6
39,93,4.4726144e-6,-4.979096e-6,6.6929574e-6
39,94,5.316908e-6,-4.237321e-6,6.7988526e-6
39,95,4.174504e-6,-3.4231578e-6,5.3985636e-6
39,96,2.1279218e-6,-1.533962e-6,2.6231833e-6
39,97,4.7791116e-7,-5.7177016e-7,7.4519807e-7
39,98,-4.845335e-8,-1.0912534e-6,1.0923285e-6
39,99,1.6122298e-6,-5.738719e-7,1.7113193e-6
39,100,1.364677e-6,-2.281781e-6,2.6587343e-6
39,101,3.0410215e-6,-1.5105894e-6,3.39554e-6
39,102,4.7592666e-6,-1.7724783e-6,5.078612e-6
39,103,8.979597e-6,-6.191348e-6,1.0907151e-5
39,104,5.2563128e-6,-4.7990407e-6,7.117557e-6
39,105,-2.1331242e-7,-6.930903e-7,7.251734e-7
39,106,6.319068e-7,-9.0610564e-7,1.1046872e-6
39,107,3.2925198e-7,-5.975986e-7,6.822983e-7
39,108,4.287198e-7,-2.0294789e-7,4.7432954e-7
39,109,-6.6950554e-7,4.0536116e-7,7.8265913e-7
39,110,-1.5741759e-7,3.8750036e-7,4.182545e-7
39,111,-1.6028925e-7,4.0260957e-7,4.333441e-7
39,112,-1.1167245e-7,2.3835574e-7,2.632189e-7
39,113,-2.0336014e-7,-5.8881916e-8,2.1171309e-7
39,114,2.4795206e-8,-5.5173754e-8,6.0489214e-8
39,115,4.229451e-7,-1.0791194e-7,4.3649462e-7
39,116,-2.163218e-8,-4.296681e-7,4.302123e-7
39,117,-2.138649e-7,-8.835222e-8,2.3139643e-7
39,118,1.6182034e-7,-2.0157073e-7,2.5848902e-7
39,119,-1.06130695e-8,2.4043666e-7,2.4067077e-7
39,120,-1.1537354e-7,1.1540089e-7,1.6318216e-7
39,121,-3.428643e-7,-1.3315284e-8,3.4312276e-7
39,122,-9.890574e-8,1.9971598e-9,9.89259e-8
39,123,2.0539125e-7,3.9852003e-7,4.4833445e-7
39,124,3.3761162e-7,-9.8621875e-8,3.5172133e-7
39,125,3.2274053e-7,2.6321092e-7,4.1646302e-7
39,126,6.458028e-8,5.628776e-8,8.566752e-8
39,127,1.565277e-7,1.2999563e-7,2.0346937e-7
39,128,-1.5294107e-7,5.8682417e-8,1.6381269e-7
40,1,2.3697508e-8,1.2969208e-8,2.7014297e-8
40,2,-3.0851308e-7,-1.0274672e-8,3.0868412e-7
40,3,-1.4562337e-7,-2.0814426e-7,2.5402795e-7
40,4,-1.2198787e-7,-4.7001542e-8,1.3072943e-7
40,5,-1.5841547e-7,-7.515565e-8,1.753392e-7
40,6,-2.6170548e-7,-8.154254e-8,2.7411483e-7
40,7,4.601743e-8,1.717218e-8,4.911708e-8
40,8,-2.9773656e-7,-1.1404319e-8,2.979549e-7
40,9,-3.572012e-7,-1.5386718e-7,3.8893162e-7
40,10,-2.77591e-7,-2.416228e-8,2.7864058e-7
40,11,2.2908944e-8,3.5953523e-8,4.263186e-8
40,12,4.1558974e-7,1.5191027e-7,4.424834e-7
40,13,1.5570872e-7,2.3395954e-8,1.5745658e-7
40,14,1.2786809e-7,2.285193e-7,2.6186126e-7
40,15,5.267429e-7,2.1897247e-8,5.2719787e-7
40,16,3.8868157e-7,8.9502365e-8,3.9885342e-7
40,17,1.9349493e-7,-1.5159412e-7,2.4580697e-7
40,18,-2.6244537e-8,-1.1741011e-7,1.2030756e-7
40,19,1.3743146e-7,-4.6653867e-9,1.3751063e-7
40,20,2.6076017e-7,1.439305e-7,2.9784536e-7
40,21,2.5786989e-7,1.248195e-7,2.8649046e-7
40,22,1.5217616e-7,1.04195436e-7,1.8442958e-7
40,23,3.3656328e-8,-3.196214e-8,4.6414726e-8
40,24,1.2139624e-7,-1.3811581e-7,1.8388317e-7
40,25,-2.6520527e-7,-6.366198e-7,6.896511e-7
40,26,-1.9607384e-8,-6.689187e-8,6.9706324e-8
40,27,2.587448e-7,-9.620036e-7,9.961926e-7
40,28,-2.9166952e-7,-8.7759594e-7,9.2479496e-7
40,29,1.18632615e-8,-3.4477134e-7,3.4497538e-7
40,30,-2.7106867e-7,1.7982155e-7,3.2529067e-7
40,31,-5.778024e-7,1.0369367e-6,1.1870524e-6
40,32,8.7097874e-7,9.845814e-7,1.3145359e-6
40,33,-6.449258e-8,3.561008e-7,3.6189374e-7
40,34,-4.588908e-8,1.0596685e-6,1.0606617e-6
40,35,4.703919e-7,7.2095787e-7,8.608419e-7
40,36,2.7201252e-6,1.459939e-7,2.7240403e-6
40,37,3.8008254e-6,-1.5463348e-6,4.103343e-6
40,38,5.6189765e-6,-2.3890198e-6,6.105761e-6
40,39,6.343074e-6,-2.2360318e-6,6.725654e-6
40,40,3.963661e-6,-2.9374493e-7,3.974531e-6
40,41,8.644398e-7,-1.121349e-7,8.716825e-7
40,42,1.2825429e-6,-3.6871455e-7,1.3344912e-6
40,43,1.8997561e-6,-1.8038373e-6,2.6197142e-6
40,44,1.023023e-6,-1.9671875e-6,2.2172962e-6
40,45,8.6501916e-7,-6.738441e-7,1.0965053e-6
40,46,5.7002516e-8,-3.9089264e-7,3.95027e-7
40,47,2.1761612e-6,-9.951931e-7,2.3929242e-6
40,48,2.2256734e-6,-2.5524885e-6,3.3865645e-6
40,49,2.7369122e-6,-3.051368e-6,4.0989676e-6
40,50,1.9553754e-6,-3.0367642e-6,3.6118456e-6
40,51,3.0943545e-6,-3.099928e-6,4.380021e-6
40,52,2.332036e-6,-3.6047304e-6,4.2933057e-6
40,53,3.1678137e-6,-4.0527334e-6,5.1438983e-6
40,54,3.7319544e-6,-5.0483027e-6,6.277965e-6
40,55,3.7035354e-6,-5.268252e-6,6.4397714e-6
40,56,3.3903318e-6,-5.271325e-6,6.267473e-6
40,57,3.6466752e-6,-5.964195e-6,6.9906982e-6
40,58,2.343686e-6,-6.075417e-6,6.511801e-6
40,59,2.6701864e-6,-5.143881e-6,5.7956368e-6
40,60,2.508749e-6,-5.5186465e-6,6.0621187e-6
40,61,2.7464487e-6,-6.2465597e-6,6.8236714e-6
40,62,2.554173e-6,-5.9664458e-6,6.4901674e-6
40,63,2.5411612e-6,-4.436697e-6,5.112903e-6
40,64,3.4095942e-6,-4.5731094e-6,5.704267e-6
40,65,3.5220362e-6,-4.9003143e-6,6.034718e-6
40,66,3.2990145e-6,-5.3591352e-6,6.293157e-6
40,67,1.7983532e-6,-5.1054703e-6,5.412938e-6
40,68,1.8558845e-6,-3.208255e-6,3.706374e-6
40,69,3.1442758e-6,-3.6262259e-6,4.799582e-6
40,70,2.971124e-6,-5.020155e-6,5.833484e-6
40,71,1.8466179e-6,-5.65084e-6,5.944913e-6
40,72,1.8496314e-6,-4.622147e-6,4.9784917e-6
40,73,2.60497e-6,-4.6001087e-6,5.28648e-6
40,74,2.3462796e-6,-5.4293782e-6,5.914658e-6
40,75,2.4974102e-6,-5.7549464e-6,6.273473e-6
40,76,1.6393014e-6,-5.7147345e-6,5.945208e-6
40,77,2.9496039e-6,-5.257492e-6,6.0283814e-6
40,78,2.4789e-6,-6.1835626e-6,6.661936e-6
40,79,2.6076093e-6,-4.9369537e-6,5.583291e-6
40,80,3.7612144e-6,-5.401838e-6,6.5822933e-6
40,81,4.1154462e-6,-5.989114e-6,7.2668004e-6
40,82,4.081681e-6,-6.1057112e-6,7.344374e-6
40,83,3.4935042e-6,-5.1891448e-6,6.255541e-6
40,84,3.5001462e-6,-5.3710555e-6,6.4108704e-6
40,85,2.833041e-6,-7.4707873e-6,7.989917e-6
40,86,2.2975478e-6,-7.2376406e-6,7.593561e-6
40,87,4.1338353e-6,-5.6323406e-6,6.986548e-6
40,88,5.9138333e-6,-5.4659163e-6,8.052929e-6
40,89,5.4501543e-6,-5.392986e-6,7.667365e-6
40,90,3.607204e-6,-5.8120872e-6,6.8404884e-6
40,91,2.8395002e-6,-5.1101033e-6,5.8460173e-6
40,92,4.1966186e-6,-5.019013e-6,6.5423314e-6
40,93,5.0729545e-6,-5.170171e-6,7.2433095e-6
40,94,5.195445e-6,-5.675446e-6,7.694371e-6
40,95,6.147734e-6,-4.941343e-6,7.887427e-6
40,96,5.6044023e-6,-4.506973e-6,7.19181e-6
40,97,4.3419486e-6,-2.6376076e-6,5.080304e-6
40,98,1.4668508e-6,-4.88822e-7,1.546156e-6
40,99,1.2576638e-6,-1.4658434e-6,1.9314282e-6
40,100,7.3781945e-7,-1.1217405e-6,1.3426389e-6
40,101,1.9319352e-6,-2.4065391e-6,3.086066e-6
40,102,2.100786e-6,-2.507593e-6,3.271288e-6
40,103,3.8081473e-6,-1.68537e-6,4.1644275e-6
40,104,9.227603e-6,-5.4605825e-6,1.0722249e-5
40,105,3.0124963e-6,-2.4298809e-6,3.87033e-6
40,106,-2.7484407e-7,-1.5110079e-7,3.1364107e-7
40,107,2.1458516e-7,-6.3104767e-7,6.665343e-7
40,108,2.1337178e-7,-2.2327863e-7,3.088379e-7
40,109,3.8668614e-7,4.1502616e-8,3.8890698e-7
40,110,-4.877465e-7,6.9918457e-7,8.524997e-7
40,111,-2.1692934e-7,7.675528e-7,7.976187e-7
40,112,2.5564972e-7,-3.087579e-8,2.5750748e-7
40,113,1.5330551e-8,2.2655377e-7,2.2707187e-7
40,114,-2.018492e-7,-1.3877423e-7,2.449518e-7
40,115,1.0091026e-7,1.80667e-7,2.0693827e-7
40,116,4.738596e-7,-2.4339198e-7,5.327125e-7
40,117,4.532605e-7,-5.6417184e-7,7.2369534e-7
40,118,-4.896155e-8,-2.3470716e-7,2.3975963e-7
40,119,2.4597153e-7,2.0362219e-7,3.1931802e-7
40,120,2.914671e-7,3.021933e-7,4.198498e-7
40,121,3.247409e-7,-6.912498e-8,3.3201644e-7
40,122,1.1952733e-7,-2.9261043e-8,1.2305686e-7
40,123,-1.424843e-7,2.7904226e-8,1.4519098e-7
40,124,4.2861964e-7,3.0277877e-7,5.2477594e-7
40,125,1.0662038e-7,-2.3264946e-7,2.559173e-7
40,126,1.9098884e-7,-1.859299e-7,2.665458e-7
40,127,-4.7774204e-8,9.472672e-8,1.0609207e-7
40,128,-2.1874719e-7,1.0556619e-7,2.4288795e-7
41,1,4.9556068e-8,3.544748e-7,3.5792203e-7
41,2,-6.683993e-8,-5.449315e-7,5.490154e-7
41,3,-3.2410858e-7,-4.88981e-7,5.86642e-7
41,4,-5.0719495e-7,1.4914839e-7,5.2867e-7
41,5,-1.3882567e-7,1.2761667e-9,1.3883154e-7
41,6,4.992481e-8,-3.6138772e-9,5.0055437e-8
41,7,-4.1528358e-7,-3.7559985e-8,4.1697865e-7
41,8,-2.5619772e-7,3.6344562e-7,4.4466842e-7
41,9,-5.9185655e-8,-8.390295e-8,1.0267739e-7
41,10,-1.3822675e-7,-6.917804e-8,1.5457114e-7
41,11,-6.8650195e-8,-3.3077743e-8,7.6203584e-8
41,12,2.6707752e-7,1.8334441e-7,3.2395306e-7
41,13,2.593358e-7,-3.927156e-8,2.6229242e-7
41,14,3.4763826e-7,1.2152643e-7,3.6826762e-7
41,15,3.5222453e-7,-8.410795e-8,3.6212742e-7
41,16,3.9865336e-7,-7.618366e-8,4.0586752e-7
41,17,6.38806e-8,-1.5304657e-7,1.6584325e-7
41,18,-3.6110816e-8,-6.7111925e-9,3.672916e-8
41,19,1.1148962e-7,1.9075475e-7,2.2094639e-7
41,20,1.16903244e-7,-1.4064666e-7,1.8288753e-7
41,21,-1.5083926e-7,-2.7924307e-7,3.173786e-7
41,22,-4.3608443e-7,1.3705841e-7,4.5711556e-7
41,23,-2.327669e-7,-4.8090563e-8,2.3768283e-7
41,24,4.4116486e-8,-1.5292406e-7,1.591604e-7
41,25,3.0092744e-7,-2.956401e-7,4.218535e-7
41,26,2.988321e-7,-4.622084e-7,5.503973e-7
41,27,-8.406245e-7,-1.8764509e-7,8.613131e-7
41,28,4.807994e-7,1.7362487e-7,5.1118843e-7
41,29,3.4565483e-7,-8.199055e-8,3.55246e-7
41,30,-6.182615e-8,-2.7372485e-7,2.8062033e-7
41,31,-5.194462e-7,4.13887e-7,6.6417374e-7
41,32,-4.2790487e-7,3.0640976e-8,4.2900052e-7
41,33,-2.054896e-7,7.2594827e-7,7.544713e-7
41,34,5.9122124e-7,1.1400664e-6,1.2842484e-6
41,35,2.0786201e-6,2.8311533e-7,2.0978123e-6
41,36,3.0985818e-6,-1.8497951e-6,3.6087326e-6
41,37,4.36439e-6,-2.834343e-6,5.203979e-6
41,38,3.557291e-6,-1.4792347e-6,3.8525905e-6
41,39,4.8576976e-7,-3.7308098e-7,6.1250444e-7
41,40,4.164084e-7,-2.0613253e-7,4.6463595e-7
41,41,2.1090743e-6,-2.0091657e-6,2.9128923e-6
41,42,3.4606646e-6,-2.5854508e-6,4.3198097e-6
41,43,4.574882e-6,-3.629669e-6,5.839867e-6
41,44,5.464482e-6,-4.6271753e-6,7.160399e-6
41,45,5.1644197e-6,-4.9603027e-6,7.1607146e-6
41,46,3.3604656e-6,-3.2943633e-6,4.7059066e-6
41,47,3.4450609e-6,-3.1593818e-6,4.674413e-6
41,48,4.3813193e-6,-3.8300977e-6,5.8194164e-6
41,49,5.1508823e-6,-3.9359384e-6,6.4825304e-6
41,50,4.9755326e-6,-4.5783477e-6,6.761449e-6
41,51,3.7265731e-6,-4.5902284e-6,5.9124905e-6
41,52,2.9268315e-6,-3.4722596e-6,4.5412476e-6
41,53,3.8132707e-6,-3.6528143e-6,5.2805385e-6
41,54,3.795379e-6,-4.27523e-6,5.7168604e-6
41,55,3.3096783e-6,-4.591947e-6,5.660384e-6
41,56,2.4804283e-6,-4.9153828e-6,5.505771e-6
41,57,1.2914394e-6,-4.6924156e-6,4.8668862e-6
41,58,1.7672834e-6,-4.133758e-6,4.495692e-6
41,59,2.6594287e-6,-4.2087936e-6,4.9786045e-6
41,60,2.9678438e-6,-4.5634297e-6,5.443619e-6
41,61,3.4814243e-6,-6.062513e-6,6.991021e-6
41,62,2.6029375e-6,-5.9061804e-6,6.45432e-6
41,63,1.7605716e-6,-4.410407e-6,4.7488215e-6
41,64,1.7663027e-6,-3.5048831e-6,3.924797e-6
41,65,1.8914507e-6,-3.7852444e-6,4.2315082e-6
41,66,2.123341e-6,-4.7220215e-6,5.1774573e-6
41,67,9.779221e-7,-4.1845624e-6,4.2973124e-6
41,68,1.9886734e-6,-3.151554e-6,3.7265418e-6
41,69,3.2304933e-6,-3.5952582e-6,4.8334223e-6
41,70,2.9706923e-6,-5.441037e-6,6.199185e-6
41,71,3.1542695e-6,-6.241252e-6,6.9930425e-6
41,72,3.1020436e-6,-5.7408083e-6,6.525301e-6
41,73,2.2425766e-6,-5.4586294e-6,5.9013373e-6
41,74,2.253232e-6,-4.454311e-6,4.991787e-6
41,75,3.0164583e-6,-5.632321e-6,6.3892144e-6
41,76,1.5363928e-6,-4.7479666e-6,4.9903597e-6
41,77,2.8537088e-6,-4.3061295e-6,5.1658885e-6
41,78,3.1330028e-6,-6.651409e-6,7.352343e-6
41,79,1.8484459e-6,-5.595861e-6,5.8932515e-6
41,80,2.724623e-6,-4.6899577e-6,5.4239536e-6
41,81,2.4648814e-6,-4.581082e-6,5.2021105e-6
41,82,3.980986e-6,-5.288376e-6,6.619303e-6
41,83,3.9757692e-6,-6.031489e-6,7.2239604e-6
41,84,3.2264727e-6,-6.840119e-6,7.562893e-6
41,85,3.572081e-6,-6.34189e-6,7.27869e-6
41,86,3.562033e-6,-6.635498e-6,7.5311295e-6
41,87,3.230677e-6,-5.8344417e-6,6.669182e-6
41,88,4.1174803e-6,-6.079064e-6,7.342252e-6
41,89,4.1821663e-6,-6.501071e-6,7.730099e-6
41,90,4.4619087e-6,-5.6505405e-6,7.1998084e-6
41,91,4.3519494e-6,-4.947264e-6,6.5889976e-6
41,92,3.4580346e-6,-5.5189466e-6,6.512816e-6
41,93,4.7126805e-6,-6.169169e-6,7.763247e-6
41,94,5.669402e-6,-6.072491e-6,8.307663e-6
41,95,4.5405955e-6,-6.511176e-6,7.938036e-6
41,96,5.5575965e-6,-5.423818e-6,7.765609e-6
41,97,7.0256538e-6,-5.191904e-6,8.735885e-6
41,98,5.1914176e-6,-2.7953658e-6,5.8961755e-6
41,99,-2.7572727e-7,-9.739039e-7,1.0121829e-6
41,100,1.6249957e-6,-1.8880131e-6,2.4910248e-6
41,101,5.164965e-8,-7.4888834e-7,7.506673e-7
41,102,1.9705435e-6,-1.9635704e-6,2.781843e-6
41,103,2.4794715e-6,-2.4587603e-6,3.4918878e-6
41,104,4.3622313e-6,-2.2948473e-6,4.9290347e-6
41,105,7.649322e-6,-6.004178e-6,9.724314e-6
41,106,1.6449028e-6,-2.2955908e-6,2.8240825e-6
41,107,-5.229154e-7,-2.829711e-7,5.945697e-7
41,108,3.4874398e-7,-4.8020894e-7,5.934838e-7
41,109,7.2195934e-7,-2.5811952e-8,7.224206e-7
41,110,4.220751e-7,-2.5011266e-7,4.9061566e-7
41,111,-5.5497725e-7,5.0907926e-7,7.5310123e-7
41,112,-4.7918667e-7,5.8353896e-7,7.5507455e-7
41,113,2.436893e-7,3.4284935e-7,4.2063067e-7
41,114,1.5586019e-7,1.0479831e-7,1.8781662e-7
41,115,-1.1145259e-8,-1.2029084e-7,1.2080605e-7
41,116,-1.2446883e-7,2.5239833e-8,1.2700212e-7
41,117,1.0702404e-7,-2.8934255e-7,3.0850163e-7
41,118,2.3587549e-7,-1.0040115e-8,2.3608908e-7
41,119,-6.2701744e-8,-2.1396572e-7,2.2296376e-7
41,120,1.675812e-7,8.2442284e-8,1.8676239e-7
41,121,1.8633577e-7,1.2316968e-7,2.233647e-7
41,122,2.3177871e-7,-4.443645e-7,5.011798e-7
41,123,4.975224e-8,9.5933686e-8,1.08067375e-7
41,124,-7.798126e-8,1.3767921e-7,1.5822971e-7
41,125,3.9610367e-7,2.7599998e-7,4.8277747e-7
41,126,2.9316007e-7,-1.6956756e-7,3.3866795e-7
41,127,7.242269e-8,-2.8880373e-7,2.9774594e-7
41,128,-1.2277778e-7,-1.9942722e-7,2.3419138e-7
42,1,-3.5729119e-7,-1.8400027e-7,4.0188692e-7
42,2,2.3860184e-7,4.0815067e-7,4.727767e-7
42,3,-2.3866363e-7,-1.2211433e-7,2.6809e-7
42,4,-4.2217437e-7,-1.4932778e-7,4.4780575e-7
42,5,-8.923557e-8,1.95244e-7,2.1467e-7
42,6,-1.8037801e-7,-1.6965969e-7,2.4763003e-7
42,7,4.097228e-8,8.585239e-8,9.512813e-8
42,8,1.5584327e-7,2.0496229e-7,2.574814e-7
42,9,4.3290402e-8,-3.21741e-7,3.246403e-7
42,10,2.3022811e-7,6.019372e-8,2.3796694e-7
42,11,6.1604e-8,1.12651875e-7,1.2839587e-7
42,12,1.959436e-8,-2.5944129e-8,3.25121e-8
42,13,2.4731438e-7,2.499974e-8,2.485747e-7
42,14,1.11543216e-7,-9.912916e-8,1.4922627e-7
42,15,2.2270468e-7,3.0607103e-7,3.785193e-7
42,16,1.6858846e-7,1.0662473e-8,1.689253e-7
42,17,-5.476447e-8,1.0800574e-8,5.581935e-8
42,18,-6.5775886e-8,4.725732e-7,4.771288e-7
42,19,2.3481997e-8,3.5470816e-7,3.554846e-7
42,20,3.0363955e-7,-2.1096886e-7,3.6973617e-7
42,21,-8.983364e-8,-4.583353e-7,4.6705603e-7
42,22,-5.974215e-7,-2.7786024e-7,6.588769e-7
42,23,-2.1710793e-8,-3.243027e-8,3.902667e-8
42,24,6.5949683e-7,-4.1011205e-7,7.7661315e-7
42,25,4.376359e-7,-6.921038e-7,8.188607e-7
42,26,-3.3444928e-7,-4.4425832e-7,5.560771e-7
42,27,-8.933061e-7,1.4436205e-7,9.0489567e-7
42,28,7.767178e-7,5.234445e-7,9.3663476e-7
42,29,2.6733878e-7,6.377442e-7,6.9151116e-7
42,30,-8.7306614e-7,8.970679e-8,8.7766267e-7
42,31,-1.9024836e-7,3.300246e-8,1.9308962e-7
42,32,1.1572189e-6,-3.9325197e-8,1.1578869e-6
42,33,1.8575962e-6,1.4270012e-7,1.8630692e-6
42,34,3.1641027e-6,-1.19039846e-7,3.1663412e-6
42,35,4.7127837e-6,-1.3867733e-6,4.912583e-6
42,36,3.7886944e-6,-1.8305665e-6,4.207752e-6
42,37,1.2461438e-6,-9.047129e-7,1.5399286e-6
42,38,-1.718419e-6,-3.7198174e-7,1.758219e-6
42,39,1.809187e-6,-7.9467003e-7,1.9760207e-6
42,40,4.553224e-6,-2.3662228e-6,5.13136e-6
42,41,3.99975e-6,-2.5281604e-6,4.7317644e-6
42,42,4.0501054e-6,-2.8755271e-6,4.9670925e-6
42,43,4.400715e-6,-3.995549e-6,5.943964e-6
42,44,4.1073513e-6,-4.4448675e-6,6.0520397e-6
42,45,3.668875e-6,-4.012925e-6,5.437298e-6
42,46,3.620962e-6,-3.4625018e-6,5.0100184e-6
42,47,3.7354725e-6,-4.106677e-6,5.5514456e-6
42,48,4.2425672e-6,-4.0943128e-6,5.8959963e-6
42,49,3.9678757e-6,-4.0022683e-6,5.6357953e-6
42,50,3.978743e-6,-4.3309633e-6,5.8811256e-6
42,51,3.5048145e-6,-4.917623e-6,6.0387697e-6
42,52,2.473355e-6,-4.6339032e-6,5.2526702e-6
42,53,2.7562915e-6,-3.8743256e-6,4.7547387e-6
42,54,3.1483685e-6,-4.6737737e-6,5.6352806e-6
42,55,2.8137729e-6,-5.4076036e-6,6.0958587e-6
42,56,1.9957997e-6,-4.8287134e-6,5.2249106e-6
42,57,8.491234e-7,-4.5583465e-6,4.636759e-6
42,58,1.226984e-6,-4.33012e-6,4.500603e-6
42,59,1.9717043e-6,-4.558987e-6,4.9670894e-6
42,60,2.5607912e-6,-4.5100282e-6,5.186329e-6
42,61,3.1156344e-6,-5.0266735e-6,5.9139347e-6
42,62,2.1478493e-6,-5.7053126e-6,6.0962157e-6
42,63,1.965793e-6,-5.620807e-6,5.9546464e-6
42,64,1.8049515e-6,-3.871746e-6,4.271799e-6
42,65,2.7926726e-6,-2.8380164e-6,3.9816273e-6
42,66,3.0086685e-6,-4.445923e-6,5.3682693e-6
42,67,2.277545e-6,-5.0851563e-6,5.571896e-6
42,68,1.8730332e-6,-4.8037323e-6,5.155977e-6
42,69,1.0463099e-6,-4.520636e-6,4.640142e-6
42,70,8.232172e-7,-4.0437335e-6,4.1266776e-6
42,71,2.0240545e-6,-4.8515067e-6,5.256797e-6
42,72,1.2947454e-6,-5.342948e-6,5.4975867e-6
42,73,1.384855e-6,-5.1668394e-6,5.3492104e-6
42,74,2.1793028e-6,-4.43996e-6,4.9459686e-6
42,75,2.6580606e-6,-6.123255e-6,6.675293e-6
42,76,1.4406535e-6,-5.2409255e-6,5.4353272e-6
42,77,1.603408e-6,-4.721658e-6,4.986479e-6
42,78,3.2034484e-6,-6.172319e-6,6.954107e-6
42,79,2.3069904e-6,-6.062553e-6,6.4866595e-6
42,80,2.5346178e-6,-5.994466e-6,6.5082954e-6
42,81,3.7273362e-6,-5.827864e-6,6.9178777e-6
42,82,4.0028963e-6,-5.0990907e-6,6.482585e-6
42,83,3.377323e-6,-3.9730694e-6,5.2145556e-6
42,84,3.0068322e-6,-6.0456086e-6,6.752068e-6
42,85,2.8983595e-6,-6.8736076e-6,7.4596896e-6
42,86,3.6111257e-6,-6.881504e-6,7.771443e-6
42,87,4.5759334e-6,-8.001728e-6,9.217745e-6
42,88,3.140537e-6,-6.958414e-6,7.634298e-6
42,89,3.3493059e-6,-6.116511e-6,6.9734897e-6
42,90,2.8690997e-6,-6.1655905e-6,6.800459e-6
42,91,3.7883424e-6,-5.77979e-6,6.910681e-6
42,92,4.70461e-6,-6.3994207e-6,7.942666e-6
42,93,3.225779e-6,-6.3879834e-6,7.156255e-6
42,94,4.371605e-6,-6.485727e-6,7.8214825e-6
42,95,4.5686706e-6,-6.4962464e-6,7.941912e-6
42,96,5.4302327e-6,-7.1853115e-6,9.00645e-6
42,97,5.801617e-6,-6.2851295e-6,8.553457e-6
42,98,6.864202e-6,-7.306854e-6,1.0025337e-5
42,99,5.8479454e-6,-3.969249e-6,7.067772e-6
42,100,-2.0743785e-7,-8.6306363e-7,8.8764256e-7
42,101,2.453543e-6,-2.1373057e-6,3.2539128e-6
42,102,2.246354e-7,-1.3792701e-6,1.397443e-6
42,103,3.7269556e-6,-2.4951737e-6,4.4850963e-6
42,104,2.518691e-6,-2.223238e-6,3.3595522e-6
42,105,6.4406213e-6,-3.1911986e-6,7.1878612e-6
42,106,7.0566275e-6,-4.398677e-6,8.315308e-6
42,107,3.1577991e-7,-5.0503473e-7,5.956316e-7
42,108,1.4186239e-7,-2.0398211e-7,2.4846256e-7
42,109,1.541637e-7,-4.448816e-7,4.7083552e-7
42,110,1.0642783e-6,-2.1386987e-7,1.0855546e-6
42,111,2.7275027e-7,-5.2055945e-8,2.7767342e-7
42,112,-3.530465e-7,6.5549875e-7,7.44527e-7
42,113,2.6037395e-7,5.178398e-7,5.796142e-7
42,114,4.4689514e-7,3.7331485e-8,4.484517e-7
42,115,3.013281e-8,1.8127783e-7,1.8376517e-7
42,116,-2.2772969e-7,-4.1274265e-7,4.7139932e-7
42,117,-1.01823204e-7,9.42148e-8,1.3872416e-7
42,118,3.2853356e-7,-3.384824e-7,4.7170397e-7
42,119,2.7135164e-7,-3.3978938e-7,4.3484312e-7
42,120,6.701413e-8,-2.1765948e-7,2.2774226e-7
42,121,2.8081763e-7,-1.5991231e-8,2.8127258e-7
42,122,8.40897e-8,6.838834e-9,8.4367336e-8
42,123,1.2186018e-7,-1.627498e-7,2.0331602e-7
42,124,-1.299793e-7,-1.4796818e-7,1.9694974e-7
42,125,1.1701148e-7,2.4603423e-7,2.7244178e-7
42,126,9.7816546e-8,-2.719487e-7,2.8900547e-7
42,127,7.5364134e-8,-4.2545796e-7,4.3208126e-7
42,128,1.49962e-7,-7.68912e-8,1.6852555e-7
43,1,7.387599e-8,-2.5089948e-8,7.80203e-8
43,2,-2.2148825e-7,-2.0389197e-7,3.0104647e-7
43,3,-4.4117208e-8,1.5721714e-7,1.632898e-7
43,4,-5.0033485e-8,-7.876331e-8,9.331135e-8
43,5,-6.659353e-8,-3.0631e-8,7.330045e-8
43,6,-5.351127e-8,-1.205856e-7,1.3192552e-7
43,7,6.498368e-8,-1.6714617e-7,1.7933411e-7
43,8,-2.4893538e-7,-2.7066926e-7,3.6773724e-7
43,9,1.6784078e-7,-9.7246065e-8,1.9397764e-7
43,10,2.1318253e-7,-9.922079e-8,2.3514157e-7
43,11,6.510822e-9,-3.2083162e-7,3.2089767e-7
43,12,-1.29343345e-8,-1.572926e-7,1.5782351e-7
43,13,-5.7924254e-8,2.5534261e-8,6.3302586e-8
43,14,1.2090982e-7,8.174065e-8,1.4594765e-7
43,15,1.7849362e-7,6.2932095e-8,1.8926283e-7
43,16,-5.2508454e-8,2.128975e-8,5.6660316e-8
43,17,-2.445748e-7,3.5081584e-7,4.2765475e-7
43,18,6.746577e-8,3.919936e-7,3.97757e-7
43,19,1.1998513e-9,4.8029325e-8,4.804431e-8
43,20,-3.1040835e-7,1.5172486e-7,3.455051e-7
43,21,-3.2543798e-7,-7.742691e-8,3.3452176e-7
43,22,-2.1532531e-7,-3.191928e-7,3.850312e-7
43,23,4.2297185e-7,-8.061426e-8,4.3058546e-7
43,24,1.8622882e-7,-6.274344e-8,1.965144e-7
43,25,4.8370765e-7,-1.9184534e-7,5.203631e-7
43,26,7.0874574e-7,7.016128e-8,7.1221e-7
43,27,7.3986314e-7,-1.3173964e-7,7.5150035e-7
43,28,3.5640483e-7,5.1518145e-7,6.264474e-7
43,29,1.3720978e-7,8.573208e-7,8.682312e-7
43,30,1.1726912e-6,7.0197734e-7,1.3667395e-6
43,31,3.02661e-6,-5.3030243e-7,3.072717e-6
43,32,2.760819e-6,-9.689107e-7,2.9259031e-6
43,33,4.0401324e-6,-1.2146526e-6,4.2187735e-6
43,34,4.2989805e-6,-2.17152e-6,4.8162988e-6
43,35,3.0275032e-6,-4.956566e-7,3.0678088e-6
43,36,1.4720542e-6,-3.708294e-7,1.5180442e-6
43,37,4.1791085e-7,-6.9199257e-7,8.0839544e-7
43,38,1.8515468e-6,-1.6078018e-6,2.4521933e-6
43,39,3.4267955e-6,-2.177847e-6,4.0602886e-6
43,40,4.13576e-6,-2.6261803e-6,4.8991155e-6
43,41,3.951592e-6,-3.4117622e-6,5.2206515e-6
43,42,4.500207e-6,-4.0312575e-6,6.041763e-6
43,43,3.6791719e-6,-4.1734243e-6,5.563612e-6
43,44,4.0586015e-6,-3.741843e-6,5.520293e-6
43,45,4.1051535e-6,-4.498909e-6,6.0903585e-6
43,46,4.5604306e-6,-5.016854e-6,6.779849e-6
43,47,4.402095e-6,-4.486475e-6,6.2854515e-6
43,48,3.9519186e-6,-4.8580264e-6,6.262434e-6
43,49,3.6358974e-6,-4.67241e-6,5.9204026e-6
43,50,3.625079e-6,-4.422759e-6,5.7185657e-6
43,51,2.6270588e-6,-4.2849124e-6,5.026123e-6
43,52,1.8413391e-6,-4.532794e-6,4.89252e-6
43,53,2.131902e-6,-4.5913575e-6,5.0621707e-6
43,54,2.2365941e-6,-5.152747e-6,5.6172194e-6
43,55,2.6171629e-6,-4.978131e-6,5.624174e-6
43,56,2.8693119e-6,-5.1663656e-6,5.909677e-6
43,57,2.549903e-6,-5.082819e-6,5.686568e-6
43,58,1.4067592e-6,-4.0393297e-6,4.2772836e-6
43,59,2.0945618e-6,-4.8096085e-6,5.2459054e-6
43,60,2.336296e-6,-5.2286023e-6,5.726828e-6
43,61,1.9924496e-6,-4.8615752e-6,5.254024e-6
43,62,1.3858513e-6,-5.1729708e-6,5.355391e-6
43,63,1.7160467e-6,-4.5356906e-6,4.8494644e-6
43,64,1.834997e-6,-4.1666335e-6,4.552807e-6
43,65,1.0307166e-6,-3.663576e-6,3.805807e-6
43,66,1.063272e-6,-3.7196269e-6,3.8686135e-6
43,67,1.5200868e-6,-3.7983605e-6,4.0912355e-6
43,68,1.6778689e-6,-4.6716477e-6,4.963823e-6
43,69,7.830447e-7,-5.9348404e-6,5.986275e-6
43,70,1.3713114e-6,-4.5307024e-6,4.7336835e-6
43,71,2.305199e-6,-4.4451763e-6,5.007348e-6
43,72,2.4805252e-6,-4.346827e-6,5.004789e-6
43,73,2.5296426e-6,-3.849531e-6,4.606298e-6
43,74,2.6159212e-6,-4.2103748e-6,4.956844e-6
43,75,2.7555886e-6,-5.812014e-6,6.432167e-6
43,76,8.000985e-7,-5.1659804e-6,5.2275723e-6
43,77,1.0251979e-6,-5.094516e-6,5.1966454e-6
43,78,1.45601e-6,-5.6570066e-6,5.841377e-6
43,79,1.327773e-6,-6.20447e-6,6.344953e-6
43,80,1.9725658e-6,-6.004847e-6,6.320538e-6
43,81,2.2994848e-6,-5.6552153e-6,6.1048418e-6
43,82,2.081993e-6,-5.3064114e-6,5.7002367e-6
43,83,2.9092698e-6,-6.3752664e-6,7.007701e-6
43,84,2.9730256e-6,-6.2809613e-6,6.9490543e-6
43,85,4.0238297e-6,-5.146594e-6,6.5328886e-6
43,86,2.4067344e-6,-5.454274e-6,5.961667e-6
43,87,2.783249e-6,-5.637069e-6,6.286734e-6
43,88,3.3219235e-6,-6.497224e-6,7.297198e-6
43,89,3.3469857e-6,-6.4659025e-6,7.280811e-6
43,90,4.0491955e-6,-6.7915876e-6,7.907063e-6
43,91,3.4520397e-6,-5.788286e-6,6.739498e-6
43,92,3.4378818e-6,-5.4179936e-6,6.4166725e-6
43,93,3.9829038e-6,-6.2951367e-6,7.449313e-6
43,94,3.0352817e-6,-7.426434e-6,8.022771e-6
43,95,5.998475e-6,-7.3884644e-6,9.516885e-6
43,96,5.0218646e-6,-7.029989e-6,8.639437e-6
43,97,5.9818217e-6,-6.051017e-6,8.508642e-6
43,98,5.4142715e-6,-6.32116e-6,8.322944e-6
43,99,7.08551e-6,-6.872373e-6,9.870864e-6
43,100,4.804537e-6,-4.039779e-6,6.277212e-6
43,101,-4.4194167e-7,-9.1858675e-7,1.0193694e-6
43,102,1.2845503e-6,-1.841166e-6,2.2449858e-6
43,103,6.288283e-7,-1.3193126e-6,1.4615097e-6
43,104,4.4858343e-6,-3.5996297e-6,5.7515254e-6
43,105,2.1716749e-6,-2.8208335e-6,3.5599542e-6
43,106,6.8897402e-6,-3.6602721e-6,7.801674e-6
43,107,4.126712e-6,-2.6503524e-6,4.9045e-6
43,108,-5.3071415e-7,1.2737034e-7,5.457845e-7
43,109,2.32632e-7,-7.442024e-7,7.797146e-7
43,110,-3.1842646e-9,-8.741212e-8,8.74701e-8
43,111,3.0259528e-7,1.3720147e-7,3.322471e-7
43,112,2.8565483e-7,-2.2487987e-8,2.8653864e-7
43,113,-6.050872e-7,7.8997317e-7,9.95082e-7
43,114,-3.137125e-8,3.1747075e-7,3.1901698e-7
43,115,4.864739e-8,3.0286728e-8,5.7304923e-8
43,116,8.164218e-9,-3.130683e-8,3.2353856e-8
43,117,-6.567389e-8,-5.018566e-7,5.061355e-7
43,118,-2.0679126e-7,-7.4242465e-8,2.1971474e-7
43,119,4.355712e-7,-7.5711796e-8,4.4210242e-7
43,120,5.4872044e-7,-1.8608458e-7,5.7941486e-7
43,121,1.2917396e-7,-4.5702597e-9,1.2925477e-7
43,122,1.51774e-7,1.0745342e-7,1.8596124e-7
43,123,-2.9840317e-7,1.3628347e-9,2.9840626e-7
43,124,3.1750233e-7,2.1019531e-7,3.8077525e-7
43,125,-1.4260814e-7,-2.1594386e-7,2.5878336e-7
43,126,2.3382059e-8,-2.0935389e-7,2.1065557e-7
43,127,-5.726575e-8,-2.702799e-7,2.7627993e-7
43,128,-1.2320193e-7,-4.6606522e-7,4.8207414e-7
44,1,2.8742136e-7,7.827108e-9,2.875279e-7
44,2,-1.7490828e-7,-2.7406105e-7,3.25119e-7
44,3,1.14770444e-7,5.2451846e-8,1.2618816e-7
44,4,5.574464e-8,-9.4462564e-8,1.0968428e-7
44,5,-9.9832704e-8,-3.2072123e-7,3.3589978e-7
44,6,1.4867535e-7,-2.4153707e-7,2.8362743e-7
44,7,-2.4548453e-7,-3.9358935e-7,4.6386984e-7
44,8,1.6031858e-7,-3.640626e-8,1.644003e-7
44,9,-1.4770175e-7,1.551566e-7,2.1421806e-7
44,10,1.457111e-7,-1.3070863e-7,1.9574593e-7
44,11,2.8894132e-7,-5.6687668e-8,2.9444962e-7
44,12,1.00785954e-7,-1.9905664e-7,2.2311735e-7
44,13,1.264364e-7,1.5987321e-7,2.038274e-7
44,14,5.5431922e-8,7.6610995e-8,9.456185e-8
44,15,1.4891364e-7,1.0281153e-7,1.8095713e-7
44,16,-1.17870194e-7,-1.2068533e-7,1.6869598e-7
44,17,4.6028803e-9,-2.3609267e-8,2.4053774e-8
44,18,-5.680217e-7,-4.3575014e-8,5.696906e-7
44,19,-4.6371977e-7,3.7171645e-7,5.9431403e-7
44,20,-2.3385208e-7,-8.903596e-8,2.5022828e-7
44,21,4.3467406e-7,-2.1759202e-7,4.8609445e-7
44,22,2.9781813e-7,3.5739723e-7,4.6521868e-7
44,23,-2.4752362e-8,6.801218e-7,6.8057204e-7
44,24,-1.3023718e-7,2.936814e-7,3.212639e-7
44,25,1.4867477e-6,4.5145136e-8,1.487433e-6
44,26,9.857807e-7,-8.1756616e-7,1.2806944e-6
44,27,6.211962e-7,1.4270387e-7,6.3737673e-7
44,28,-6.3456037e-7,-5.522993e-7,8.412499e-7
44,29,9.215869e-7,-3.332523e-7,9.799895e-7
44,30,2.489073e-6,-1.2166267e-6,2.7704991e-6
44,31,3.751829e-6,-3.7524373e-7,3.7705474e-6
44,32,4.084544e-6,-1.7591623e-6,4.447263e-6
44,33,3.3868746e-6,-1.5812747e-6,3.7378268e-6
44,34,1.8503009e-6,-2.0124702e-7,1.861213e-6
44,35,1.856741e-7,2.0228967e-7,2.7458327e-7
44,36,1.5089762e-6,-1.7850432e-6,2.3373893e-6
44,37,2.2362417e-6,-1.0190298e-6,2.457478e-6
44,38,2.1218705e-6,-2.4145809e-6,3.214426e-6
44,39,1.9305626e-6,-2.8034085e-6,3.4038464e-6
44,40,4.2236743e-6,-3.5849926e-6,5.5399996e-6
44,41,3.8959697e-6,-3.7216657e-6,5.3878916e-6
44,42,3.917661e-6,-3.406752e-6,5.191727e-6
44,43,3.7129678e-6,-3.5475496e-6,5.135293e-6
44,44,3.7496e-6,-4.5112847e-6,5.8661053e-6
44,45,3.7488767e-6,-4.848777e-6,6.1290057e-6
44,46,3.7757932e-6,-4.4998847e-6,5.874145e-6
44,47,3.2852427e-6,-4.598091e-6,5.651129e-6
44,48,3.6481279e-6,-5.0111066e-6,6.198389e-6
44,49,3.0187302e-6,-4.9478913e-6,5.796064e-6
44,50,2.561166e-6,-4.5384713e-6,5.211266e-6
44,51,1.9529948e-6,-3.889366e-6,4.352167e-6
44,52,2.2897545e-6,-4.374206e-6,4.937272e-6
44,53,2.0551217e-6,-4.3664672e-6,4.8259258e-6
44,54,2.175184e-6,-4.525036e-6,5.0206945e-6
44,55,3.0442684e-6,-4.5478528e-6,5.4727084e-6
44,56,2.459226e-6,-4.808655e-6,5.4010143e-6
44,57,2.1179796e-6,-4.9609903e-6,5.3941876e-6
44,58,2.1018054e-6,-5.689323e-6,6.065145e-6
44,59,2.1517121e-6,-5.094704e-6,5.53045e-6
44,60,2.0399168e-6,-5.2138366e-6,5.598692e-6
44,61,1.8287196e-6,-5.197924e-6,5.5102296e-6
44,62,2.330884e-6,-4.8362526e-6,5.368646e-6
44,63,2.2372965e-6,-5.2868763e-6,5.74078e-6
44,64,1.2690034e-6,-5.071574e-6,5.227928e-6
44,65,2.7750366e-7,-3.8120788e-6,3.822166e-6
44,66,1.8115394e-7,-2.8619372e-6,2.8676648e-6
44,67,7.972175e-7,-3.8038668e-6,3.8865096e-6
44,68,1.3263317e-6,-4.7158087e-6,4.8987763e-6
44,69,1.2499081e-6,-4.6242726e-6,4.790216e-6
44,70,9.978547e-7,-4.0817367e-6,4.2019387e-6
44,71,1.404885e-6,-5.3622803e-6,5.543262e-6
44,72,1.7794376e-6,-5.234151e-6,5.5283576e-6
44,73,2.4663727e-6,-4.9353e-6,5.517262e-6
44,74,1.8168454e-6,-5.325914e-6,5.6272806e-6
44,75,6.9570655e-7,-5.5490505e-6,5.592492e-6
44,76,1.5352259e-7,-4.9843225e-6,4.9866862e-6
44,77,1.2102863e-6,-5.5508976e-6,5.681308e-6
44,78,1.6130326e-6,-6.4474493e-6,6.6461625e-6
44,79,8.208042e-7,-6.4375436e-6,6.48966e-6
44,80,9.52798e-7,-5.723352e-6,5.8021187e-6
44,81,2.4979347e-6,-6.1961227e-6,6.6806897e-6
44,82,2.315242e-6,-6.574291e-6,6.9700536e-6
44,83,1.1697188e-6,-5.998858e-6,6.111836e-6
44,84,1.0752349e-6,-6.003269e-6,6.0988004e-6
44,85,1.4468195e-6,-6.150016e-6,6.3179095e-6
44,86,3.7311972e-6,-6.2247477e-6,7.257363e-6
44,87,3.2485088e-6,-5.016216e-6,5.9762224e-6
44,88,3.1856682e-6,-4.8760044e-6,5.8244227e-6
44,89,3.451225e-6,-5.808941e-6,6.75683e-6
44,90,3.875121e-6,-7.3578135e-6,8.3158875e-6
44,91,3.3536382e-6,-7.4511604e-6,8.171088e-6
44,92,4.165982e-6,-6.471508e-6,7.696482e-6
44,93,4.300315e-6,-5.0914496e-6,6.6645007e-6
44,94,4.0884684e-6,-5.129183e-6,6.5592753e-6
44,95,4.5446554e-6,-6.2136055e-6,7.698232e-6
44,96,5.6843296e-6,-6.685498e-6,8.7753915e-6
44,97,4.8681977e-6,-7.066765e-6,8.581289e-6
44,98,7.374634e-6,-6.6862035e-6,9.954423e-6
44,99,6.420833e-6,-6.082042e-6,8.844113e-6
44,100,7.3775122e-6,-6.4814817e-6,9.820249e-6
44,101,3.1387253e-6,-3.1833097e-6,4.470465e-6
44,102,-5.7846546e-7,-1.3807482e-6,1.4970263e-6
44,103,5.587082e-7,-1.6512702e-6,1.7432292e-6
44,104,1.5619792e-6,-1.1755941e-6,1.9549425e-6
44,105,3.0295364e-6,-2.5769525e-6,3.977282e-6
44,106,3.724464e-6,-2.8650657e-6,4.6989608e-6
44,107,7.1215613e-6,-4.573836e-6,8.463841e-6
44,108,1.6119797e-6,-1.3766294e-6,2.1198082e-6
44,109,4.0689378e-7,-5.189896e-7,6.5947916e-7
44,110,2.8539793e-7,-7.2280005e-7,7.7710484e-7
44,111,4.3643962e-7,-2.2576832e-7,4.913765e-7
44,112,3.9829544e-7,4.701507e-7,6.1618255e-7
44,113,-1.9229327e-7,-2.2360844e-8,1.9358902e-7
44,114,-6.5542713e-7,3.463662e-7,7.413193e-7
44,115,1.5230373e-7,-4.110194e-7,4.3833023e-7
44,116,-1.6357744e-7,1.2368439e-7,2.0507414e-7
44,117,-6.9252714e-8,-2.4216584e-7,2.5187344e-7
44,118,-5.7254052e-8,-1.5769969e-7,1.6777133e-7
44,119,-1.7992627e-7,-8.339719e-8,1.9831428e-7
44,120,3.0348886e-7,1.9639515e-7,3.614921e-7
44,121,1.8925098e-7,2.5873371e-8,1.9101142e-7
44,122,-1.2062416e-7,-1.17439875e-7,1.6835176e-7
44,123,1.4035855e-7,4.3967788e-8,1.4708395e-7
44,124,-2.0314715e-7,-8.379542e-8,2.1975086e-7
44,125,3.3295896e-7,-1.5841592e-7,3.6872385e-7
44,126,1.5087872e-7,2.2489655e-7,2.7081884e-7
44,127,-1.3947268e-9,-1.4936217e-7,1.4936867e-7
44,128,7.75091e-8,-2.1940894e-11,7.75091e-8
45,1,-1.7843876e-8,-1.5815188e-7,1.5915533e-7
45,2,4.690768e-7,1.7220194e-7,4.9968645e-7
45,3,-2.6695758e-8,-1.8433857e-8,3.2441804e-8
45,4,1.471106e-7,-1.8805938e-8,1.4830776e-7
45,5,1.8480245e-7,-5.1095178e-8,1.9173592e-7
45,6,-3.6656806e-7,-4.3583975e-7,5.694984e-7
45,7,1.7638989e-8,-1.5660763e-7,1.5759785e-7
45,8,-4.9565497e-8,-4.4557896e-7,4.4832728e-7
45,9,-6.472775e-8,-2.9874446e-8,7.12893e-8
45,10,3.797681e-8,1.08169026e-7,1.1464195e-7
45,11,2.4328722e-7,-1.9050168e-7,3.0899767e-7
45,12,3.0862128e-7,1.1259133e-8,3.088266e-7
45,13,3.3584237e-7,7.29676e-8,3.4367773e-7
45,14,-5.057067e-10,3.0138662e-7,3.0138705e-7
45,15,-1.437537e-7,3.4440595e-7,3.7320314e-7
45,16,-8.981367e-8,1.7658175e-10,8.981384e-8
45,17,-2.48574e-7,1.17403744e-7,2.7490483e-7
45,18,-8.071028e-7,5.3006065e-8,8.0884155e-7
45,19,-5.2984825e-7,1.3927632e-7,5.4784766e-7
45,20,2.533787e-7,-2.3690997e-7,3.4688196e-7
45,21,1.3742437e-7,-2.2934134e-7,2.6736288e-7
45,22,5.3423014e-7,1.0909971e-7,5.4525646e-7
45,23,6.058216e-7,-1.0398061e-7,6.1468023e-7
45,24,1.7169415e-6,4.6949285e-7,1.7799752e-6
45,25,1.7000273e-6,-3.8318717e-7,1.7426776e-6
45,26,-1.2816065e-8,-8.8837686e-7,8.884693e-7
45,27,1.7553569e-7,-9.199957e-8,1.981835e-7
45,28,1.3705867e-6,-5.23085e-7,1.4670126e-6
45,29,2.089297e-6,-1.0167794e-6,2.3235752e-6
45,30,4.4435183e-6,-7.22358e-7,4.50185e-6
45,31,5.6516587e-6,-1.148042e-6,5.767083e-6
45,32,1.7327078e-6,-7.4361304e-7,1.8855335e-6
45,33,-9.307927e-9,-8.2724824e-7,8.273006e-7
45,34,3.8793962e-7,-2.2929521e-8,3.8861666e-7
45,35,3.0049225e-6,-2.0014031e-6,3.6104257e-6
45,36,4.605508e-6,-2.5942672e-6,5.2859177e-6
45,37,4.7925237e-6,-3.1334957e-6,5.7260004e-6
45,38,2.9617138e-6,-2.6199473e-6,3.954222e-6
45,39,2.8887919e-6,-2.52751e-6,3.8384146e-6
45,40,3.4206375e-6,-3.714167e-6,5.0493363e-6
45,41,4.2018933e-6,-3.6124618e-6,5.54128e-6
45,42,3.7839147e-6,-4.6537075e-6,5.9979166e-6
45,43,3.955058e-6,-4.536917e-6,6.018812e-6
45,44,4.0064174e-6,-5.311413e-6,6.653006e-6
45,45,3.6142974e-6,-4.6580235e-6,5.895789e-6
45,46,3.4339648e-6,-4.750003e-6,5.861283e-6
45,47,3.27287e-6,-5.3479353e-6,6.2699355e-6
45,48,3.0416845e-6,-5.0241238e-6,5.8731307e-6
45,49,3.1545183e-6,-5.7874922e-6,6.591362e-6
45,50,2.2974102e-6,-4.845773e-6,5.3627987e-6
45,51,2.3667446e-6,-3.818799e-6,4.492739e-6
45,52,2.4290193e-6,-4.5174775e-6,5.1291067e-6
45,53,2.4140306e-6,-5.3248996e-6,5.8465457e-6
45,54,2.3850666e-6,-5.2626624e-6,5.7779025e-6
45,55,2.030655e-6,-4.6451155e-6,5.0695817e-6
45,56,1.8359484e-6,-4.6168566e-6,4.968508e-6
45,57,2.2579086e-6,-5.6269796e-6,6.063089e-6
45,58,2.7147237e-6,-6.160022e-6,6.731686e-6
45,59,2.200379e-6,-5.2891537e-6,5.728596e-6
45,60,2.2838287e-6,-5.0824947e-6,5.5720398e-6
45,61,1.6768333e-6,-4.715861e-6,5.005109e-6
45,62,1.51456e-6,-4.7089657e-6,4.9465393e-6
45,63,1.1147022e-6,-4.261242e-6,4.4046274e-6
45,64,1.0469028e-6,-3.7820141e-6,3.924237e-6
45,65,5.9063365e-7,-3.828395e-6,3.873688e-6
45,66,1.0615786e-6,-3.8103728e-6,3.9554884e-6
45,67,1.1255898e-6,-4.608489e-6,4.743956e-6
45,68,1.4033402e-6,-4.455652e-6,4.6714235e-6
45,69,1.5022983e-6,-4.704068e-6,4.938133e-6
45,70,1.1121259e-6,-5.299251e-6,5.4146917e-6
45,71,8.9694896e-7,-4.53456e-6,4.6224186e-6
45,72,1.1716927e-6,-4.475366e-6,4.6262044e-6
45,73,1.6987988e-6,-3.045957e-6,3.48766e-6
45,74,1.0184119e-6,-4.6199393e-6,4.7308563e-6
45,75,1.7659117e-6,-6.0567922e-6,6.308976e-6
45,76,1.2885771e-6,-5.579529e-6,5.726393e-6
45,77,1.1987171e-6,-4.9967075e-6,5.138483e-6
45,78,1.3515539e-6,-4.602336e-6,4.796686e-6
45,79,2.2133968e-6,-5.020641e-6,5.4868897e-6
45,80,1.8611263e-6,-6.13487e-6,6.4109613e-6
45,81,9.2986886e-7,-6.942115e-6,7.004114e-6
45,82,2.5162458e-6,-6.6735815e-6,7.1321933e-6
45,83,3.328739e-6,-6.551043e-6,7.3482424e-6
45,84,3.3252854e-6,-5.6995336e-6,6.598652e-6
45,85,2.0035586e-6,-5.248329e-6,5.6177582e-6
45,86,2.8790726e-7,-5.635774e-6,5.643123e-6
45,87,1.3326771e-6,-6.451501e-6,6.587708e-6
45,88,2.3011592e-6,-7.5456237e-6,7.8887115e-6
45,89,4.170205e-6,-6.6750877e-6,7.870667e-6
45,90,5.0848557e-6,-6.773336e-6,8.469583e-6
45,91,3.8493954e-6,-7.2468206e-6,8.205745e-6
45,92,2.0074915e-6,-7.352906e-6,7.622024e-6
45,93,2.9537005e-6,-6.494337e-6,7.1344766e-6
45,94,3.6834406e-6,-5.8097403e-6,6.8790127e-6
45,95,4.819603e-6,-5.9967006e-6,7.693438e-6
45,96,4.777907e-6,-5.6505587e-6,7.3998117e-6
45,97,5.3400554e-6,-6.5095223e-6,8.4196245e-6
45,98,4.224287e-6,-7.741067e-6,8.818657e-6
45,99,7.832849e-6,-7.0144465e-6,1.0514561e-5
45,100,7.889121e-6,-7.180698e-6,1.0667739e-5
45,101,7.509408e-6,-5.637458e-6,9.390003e-6
45,102,2.580391e-6,-3.2453022e-6,4.1461312e-6
45,103,-1.1807205e-6,-1.1360556e-6,1.6385125e-6
45,104,8.9346196e-7,-5.821639e-7,1.0663907e-6
45,105,2.9467285e-6,-1.575253e-6,3.3413517e-6
45,106,3.036476e-6,-9.915276e-7,3.1942627e-6
45,107,6.065278e-6,-3.529576e-6,7.017514e-6
45,108,5.8596806e-6,-3.402171e-6,6.775738e-6
45,109,6.9875625e-7,-8.553803e-7,1.104507e-6
45,110,5.048777e-7,-9.914081e-7,1.1125608e-6
45,111,4.5734502e-8,-3.819022e-7,3.846309e-7
45,112,4.405958e-7,-2.3880688e-7,5.0115204e-7
45,113,3.954495e-7,3.8807346e-7,5.5405894e-7
45,114,-7.3269234e-8,6.549685e-8,9.827623e-8
45,115,-3.443318e-7,1.6011253e-7,3.797373e-7
45,116,3.2959568e-7,-1.4182865e-7,3.5881567e-7
45,117,-2.228601e-8,1.5311636e-7,1.5472972e-7
45,118,1.471119e-7,-2.5634498e-7,2.955582e-7
45,119,-4.3771358e-8,-3.4387085e-7,3.466455e-7
45,120,-1.1000134e-7,-2.0826994e-7,2.3553484e-7
45,121,8.811084e-8,7.017637e-8,1.126421e-7
45,122,1.055783e-7,-2.3623777e-7,2.5875676e-7
45,123,-2.6633657e-7,7.8937745e-9,2.6645353e-7
45,124,-9.189011e-8,-1.799566e-7,2.0205982e-7
45,125,-2.5825548e-7,7.050958e-8,2.6770786e-7
45,126,-2.9555434e-8,-1.666611e-8,3.393056e-8
45,127,-2.7937833e-8,-9.572258e-8,9.971627e-8
45,128,9.04174e-9,1.0568257e-7,1.0606865e-7
46,1,8.855544e-8,-2.24976e-7,2.4177731e-7
46,2,-1.4339788e-7,-1.268687e-7,1.9146441e-7
46,3,1.1119074e-7,-5.9154694e-8,1.2594704e-7
46,4,1.2770629e-7,6.353705e-9,1.2786424e-7
46,5,-1.7701761e-7,-8.4225675e-8,1.9603367e-7
46,6,-1.0195509e-7,-1.4246062e-7,1.7518524e-7
46,7,3.2450924e-7,1.13608515e-7,3.438214e-7
46,8,9.286932e-8,5.6867414e-8,1.0889726e-7
46,9,2.6389992e-7,2.7350117e-7,3.800606e-7
46,10,1.2399765e-7,-9.8819505e-8,1.5855822e-7
46,11,2.8548263e-7,3.125391e-7,4.232978e-7
46,12,2.0397032e-7,2.3722515e-7,3.1285725e-7
46,13,-4.4351907e-8,-1.6742855e-7,1.7320339e-7
46,14,1.3127186e-7,-8.192456e-8,1.5473827e-7
46,15,3.843248e-7,-3.606756e-7,5.270602e-7
46,16,-1.3891535e-8,6.417853e-8,6.566474e-8
46,17,-2.629153e-7,-2.3535316e-7,3.5286763e-7
46,18,-1.3377309e-7,-3.621744e-7,3.8609005e-7
46,19,7.5909355e-8,-1.4036586e-8,7.719622e-8
46,20,7.023635e-8,-1.5162802e-7,1.6710536e-7
46,21,-4.1580978e-7,-1.5843554e-7,4.4497145e-7
46,22,-7.958191e-7,-3.8790733e-7,8.853249e-7
46,23,2.2614876e-7,-6.26683e-7,6.662393e-7
46,24,7.879062e-7,-2.8957373e-7,8.3943377e-7
46,25,3.356606e-7,-6.919773e-7,7.690908e-7
46,26,-2.8585822e-7,1.6647316e-7,3.307994e-7
46,27,1.4825819e-6,-4.3963155e-8,1.4832335e-6
46,28,2.133831e-6,-8.2137194e-7,2.2864572e-6
46,29,3.6696642e-6,-1.1516008e-6,3.8461176e-6
46,30,4.4687627e-6,-2.093435e-6,4.934806e-6
46,31,6.6054577e-7,-1.6062581e-6,1.7367746e-6
46,32,5.0366197e-7,-3.5360992e-7,6.153985e-7
46,33,1.2047954e-6,-3.3190062e-7,1.249676e-6
46,34,3.3732454e-6,-1.5315071e-6,3.704632e-6
46,35,5.2149603e-6,-3.1376017e-6,6.086079e-6
46,36,4.257895e-6,-2.9639948e-6,5.1879606e-6
46,37,3.4124462e-6,-2.2453921e-6,4.0849204e-6
46,38,3.855874e-6,-3.5883963e-6,5.267291e-6
46,39,3.2015594e-6,-4.4381463e-6,5.472397e-6
46,40,2.8437255e-6,-3.5267813e-6,4.530448e-6
46,41,3.3550707e-6,-3.7643329e-6,5.0424896e-6
46,42,3.1940178e-6,-4.41512e-6,5.4493153e-6
46,43,2.9411826e-6,-4.8791003e-6,5.697032e-6
46,44,2.8008842e-6,-4.359122e-6,5.181399e-6
46,45,3.042423e-6,-4.7315343e-6,5.6252784e-6
46,46,2.836182e-6,-4.5997153e-6,5.4038237e-6
46,47,2.8180225e-6,-5.038567e-6,5.7730763e-6
46,48,2.9573312e-6,-5.12224e-6,5.9146555e-6
46,49,2.3833293e-6,-4.733464e-6,5.299617e-6
46,50,2.0288953e-6,-4.398553e-6,4.843933e-6
46,51,1.6810358e-6,-4.4659682e-6,4.771871e-6
46,52,1.3312682e-6,-4.8520133e-6,5.0313324e-6
46,53,8.348401e-7,-4.8012266e-6,4.8732672e-6
46,54,1.854011e-6,-4.9165083e-6,5.2544656e-6
46,55,2.2572508e-6,-4.456509e-6,4.9955634e-6
46,56,1.8868976e-6,-5.0489407e-6,5.390008e-6
46,57,2.2773183e-6,-5.2898035e-6,5.759184e-6
46,58,2.1555918e-6,-5.440752e-6,5.8522096e-6
46,59,2.1897467e-6,-4.776838e-6,5.254824e-6
46,60,1.6249263e-6,-4.668941e-6,4.9436217e-6
46,61,1.7879693e-6,-4.9724663e-6,5.2841515e-6
46,62,1.5096887e-6,-4.7164267e-6,4.952155e-6
46,63,1.4784193e-6,-4.993734e-6,5.2079845e-6
46,64,1.4770469e-6,-4.656091e-6,4.884757e-6
46,65,3.8418557e-7,-4.45174e-6,4.468287e-6
46,66,9.767908e-9,-2.8728316e-6,2.8728482e-6
46,67,1.077752e-6,-3.6749846e-6,3.82976e-6
46,68,1.4592722e-6,-4.163098e-6,4.4114463e-6
46,69,6.711736e-7,-4.36183e-6,4.413166e-6
46,70,5.669134e-7,-4.216679e-6,4.2546176e-6
46,71,1.4206917e-6,-4.788283e-6,4.9945993e-6
46,72,1.7483065e-6,-5.5747296e-6,5.842447e-6
46,73,1.6948629e-6,-4.4900185e-6,4.7992526e-6
46,74,1.0892168e-6,-5.3425197e-6,5.4524226e-6
46,75,1.4039723e-6,-6.215173e-6,6.371775e-6
46,76,1.867184e-6,-5.5726455e-6,5.8771384e-6
46,77,1.771248e-6,-5.32332e-6,5.610263e-6
46,78,8.1717667e-7,-5.2808336e-6,5.343686e-6
46,79,1.2969526e-6,-6.9209773e-6,7.0414494e-6
46,80,1.56527e-6,-6.6328257e-6,6.815016e-6
46,81,1.5132563e-6,-6.951994e-6,7.1147847e-6
46,82,1.3607731e-6,-6.3836897e-6,6.5271124e-6
46,83,1.860882e-6,-7.134355e-6,7.3730525e-6
46,84,2.9005505e-6,-7.4579048e-6,8.0020955e-6
46,85,2.0769526e-6,-6.6964876e-6,7.0111823e-6
46,86,2.5905726e-6,-4.9286527e-6,5.5680052e-6
46,87,1.6815585e-6,-4.116195e-6,4.446426e-6
46,88,1.0104097e-6,-5.536104e-6,5.627555e-6
46,89,2.201792e-6,-6.660357e-6,7.014859e-6
46,90,3.4061086e-6,-7.2526946e-6,8.012687e-6
46,91,3.659088e-6,-6.4937817e-6,7.4537325e-6
46,92,2.664372e-6,-5.821746e-6,6.402469e-6
46,93,1.8326136e-6,-5.800605e-6,6.083214e-6
46,94,2.3181801e-6,-6.5656427e-6,6.9628745e-6
46,95,3.8627854e-6,-6.1304136e-6,7.245901e-6
46,96,4.7225735e-6,-6.7708315e-6,8.255111e-6
46,97,5.094618e-6,-6.882188e-6,8.562689e-6
46,98,6.5961353e-6,-5.7871084e-6,8.774943e-6
46,99,6.0475986e-6,-6.704796e-6,9.0292715e-6
46,100,7.667849e-6,-5.4089987e-6,9.383665e-6
46,101,7.4161658e-6,-6.8717145e-6,1.011039e-5
46,102,6.9566463e-6,-6.219214e-6,9.331321e-6
46,103,1.451343e-6,-2.52343e-6,2.9110302e-6
46,104,-1.0500539e-6,-3.617248e-7,1.1106116e-6
46,105,2.0983969e-6,-1.5999194e-6,2.638752e-6
46,106,3.513786e-6,-1.0704248e-6,3.673214e-6
46,107,3.6542747e-6,-1.3827691e-6,3.9071438e-6
46,108,7.5035687e-6,-4.02999e-6,8.517298e-6
46,109,2.4607893e-6,-1.8958999e-6,3.1064321e-6
46,110,-4.418151e-7,5.7732613e-8,4.4557115e-7
46,111,4.4336903e-7,-7.282567e-7,8.5260416e-7
46,112,-1.03146085e-7,-2.0930176e-7,2.333374e-7
46,113,-1.7329935e-8,3.7013454e-8,4.0869576e-8
46,114,5.196943e-7,4.5245062e-7,6.890528e-7
46,115,-8.374791e-9,2.930238e-7,2.9314344e-7
46,116,-5.0302884e-7,1.1001117e-7,5.1491793e-7
46,117,-3.7258013e-7,-2.1999504e-7,4.3268207e-7
46,118,-2.8404534e-7,6.8236695e-8,2.9212669e-7
46,119,2.8616788e-7,-2.575284e-7,3.8498433e-7
46,120,-8.4840806e-8,-2.948797e-7,3.0684197e-7
46,121,-3.3383486e-8,-5.90507e-7,5.914499e-7
46,122,4.2289395e-7,2.6547988e-7,4.993184e-7
46,123,3.503471e-7,-7.74521e-8,3.5880626e-7
46,124,2.6450394e-7,2.7928957e-7,3.8466217e-7
46,125,-4.0291738e-7,-1.209612e-7,4.2068282e-7
46,126,-4.9677986e-8,9.285553e-9,5.053834e-8
46,127,1.4182264e-7,2.9298982e-7,3.2550992e-7
46,128,-2.1870859e-7,-2.7580853e-7,3.5199972e-7
47,1,-1.3297198e-7,-1.9842669e-7,2.3886125e-7
47,2,-1.8553474e-9,2.4363686e-8,2.4434229e-8
47,3,5.46471e-8,-3.8646093e-8,6.69315e-8
47,4,-1.6729958e-7,-1.3840697e-7,2.1713046e-7
47,5,-7.583406e-8,-3.131156e-7,3.2216795e-7
47,6,-1.4084083e-7,5.3592228e-8,1.5069261e-7
47,7,-3.0669887e-7,-1.2421174e-7,3.3089688e-7
47,8,8.26332e-8,-1.3297041e-7,1.565547e-7
47,9,-1.6333007e-7,-1.4174437e-7,2.1625951e-7
47,10,2.209764e-7,4.1951708e-7,4.741573e-7
47,11,3.4690228e-7,4.0882935e-7,5.3617407e-7
47,12,2.3118763e-7,9.270673e-8,2.4908283e-7
47,13,2.492911e-7,6.757096e-8,2.5828646e-7
47,14,2.1908593e-7,-5.0413723e-7,5.4968444e-7
47,15,1.8976003e-7,-2.2926109e-7,2.976063e-7
47,16,-1.4749085e-7,-8.934389e-8,1.7244095e-7
47,17,-3.53607e-8,-4.2721894e-7,4.2867984e-7
47,18,1.8006679e-7,5.425406e-8,1.8806263e-7
47,19,1.4650895e-7,1.1154175e-8,1.4693293e-7
47,20,-3.2138675e-7,1.6831331e-8,3.2182717e-7
47,21,-1.0071012e-6,7.442566e-7,1.2522663e-6
47,22,2.4721885e-7,-8.822568e-9,2.4737622e-7
47,23,1.2255165e-6,1.6546895e-7,1.2366369e-6
47,24,2.7197115e-7,-3.0784207e-7,4.107737e-7
47,25,-1.8482683e-7,-9.571352e-7,9.748172e-7
47,26,1.004585e-6,-8.3370537e-7,1.3054714e-6
47,27,2.8661827e-6,-5.533326e-7,2.919106e-6
47,28,3.5960036e-6,-1.0096358e-6,3.735051e-6
47,29,3.8228063e-6,-1.6714359e-6,4.172235e-6
47,30,3.381271e-7,-2.6320157e-7,4.2849155e-7
47,31,8.596179e-7,-1.9636909e-7,8.817617e-7
47,32,9.5366016e-7,-9.550889e-7,1.3496898e-6
47,33,2.5551692e-6,-1.505119e-6,2.9655139e-6
47,34,4.4685994e-6,-2.4773174e-6,5.1093525e-6
47,35,4.054546e-6,-2.9362636e-6,5.006095e-6
47,36,3.367986e-6,-2.5546053e-6,4.227214e-6
47,37,4.128458e-6,-3.889049e-6,5.6717604e-6
47,38,2.7144852e-6,-3.2698704e-6,4.2497627e-6
47,39,2.5673555e-6,-4.0406176e-6,4.787265e-6
47,40,3.0561669e-6,-3.7191746e-6,4.8137736e-6
47,41,3.0069637e-6,-4.9283717e-6,5.7732727e-6
47,42,3.5479386e-6,-5.219334e-6,6.3110474e-6
47,43,3.7177667e-6,-5.0571903e-6,6.2767e-6
47,44,2.6238702e-6,-5.146546e-6,5.7768184e-6
47,45,2.5130914e-6,-5.020549e-6,5.614405e-6
47,46,2.5501242e-6,-4.9406185e-6,5.559932e-6
47,47,2.5868944e-6,-5.0550325e-6,5.678501e-6
47,48,2.842971e-6,-4.908337e-6,5.6722356e-6
47,49,2.8809939e-6,-4.932625e-6,5.7123475e-6
47,50,2.3965927e-6,-4.664644e-6,5.2442883e-6
47,51,1.5729784e-6,-4.688143e-6,4.944992e-6
47,52,1.7181203e-6,-4.401625e-6,4.725065e-6
47,53,1.9509616e-6,-3.981581e-6,4.433874e-6
47,54,2.1190729e-6,-4.5473093e-6,5.016821e-6
47,55,2.2333993e-6,-5.0864296e-6,5.555163e-6
47,56,1.2663899e-6,-5.5324317e-6,5.6755216e-6
47,57,4.8296926e-7,-4.3055597e-6,4.332563e-6
47,58,1.5597494e-6,-4.4422336e-6,4.7081057e-6
47,59,1.8699792e-6,-4.331148e-6,4.717591e-6
47,60,1.7680894e-6,-4.206119e-6,4.562628e-6
47,61,1.1982135e-6,-4.0343034e-6,4.2084816e-6
47,62,1.0351764e-6,-4.4767394e-6,4.594865e-6
47,63,8.3970605e-7,-4.2405004e-6,4.3228406e-6
47,64,1.0682423e-6,-4.274874e-6,4.4063236e-6
47,65,8.3276785e-7,-4.397521e-6,4.475678e-6
47,66,9.004081e-7,-4.2371307e-6,4.3317445e-6
47,67,1.0970374e-6,-4.6058485e-6,4.7346944e-6
47,68,6.1056676e-7,-4.299061e-6,4.342202e-6
47,69,1.12254696e-7,-4.176164e-6,4.1776725e-6
47,70,2.1935952e-7,-4.240535e-6,4.2462048e-6
47,71,6.3442167e-7,-5.4359693e-6,5.4728653e-6
47,72,8.3109676e-8,-5.0117437e-6,5.0124327e-6
47,73,2.6746176e-7,-4.9503656e-6,4.9575856e-6
47,74,4.5441269e-7,-4.4835015e-6,4.5064703e-6
47,75,5.74718e-7,-5.2377686e-6,5.269205e-6
47,76,1.6169441e-6,-5.680978e-6,5.9066083e-6
47,77,1.9498545e-6,-5.501007e-6,5.8363526e-6
47,78,1.1014781e-6,-5.395005e-6,5.506299e-6
47,79,6.4161804e-7,-5.6260797e-6,5.6625477e-6
47,80,1.5033326e-6,-5.896903e-6,6.0855136e-6
47,81,1.971885e-6,-6.644234e-6,6.9306693e-6
47,82,2.2205131e-6,-6.238475e-6,6.6218768e-6
47,83,1.2953361e-6,-6.819047e-6,6.9409866e-6
47,84,1.885201e-6,-7.3304495e-6,7.568981e-6
47,85,1.3927735e-6,-7.1355653e-6,7.270221e-6
47,86,1.8837884e-6,-6.8549575e-6,7.109086e-6
47,87,2.8886043e-6,-6.7895294e-6,7.378465e-6
47,88,2.7694075e-6,-5.849355e-6,6.4718292e-6
47,89,2.2753225e-6,-4.9400937e-6,5.438899e-6
47,90,2.125499e-6,-5.9980475e-6,6.363515e-6
47,91,2.9898356e-6,-6.4475657e-6,7.1070544e-6
47,92,3.7596467e-6,-6.5530307e-6,7.5549424e-6
47,93,3.348745e-6,-5.6723143e-6,6.5870513e-6
47,94,2.7951774e-6,-5.907231e-6,6.535166e-6
47,95,2.9980963e-6,-5.3361823e-6,6.120737e-6
47,96,4.0208834e-6,-6.0762773e-6,7.286196e-6
47,97,4.9439054e-6,-7.266775e-6,8.789097e-6
47,98,6.204179e-6,-7.058187e-6,9.397331e-6
47,99,5.8489e-6,-6.8023805e-6,8.971177e-6
47,100,6.957169e-6,-5.9929075e-6,9.182437e-6
47,101,7.0630485e-6,-5.1785933e-6,8.758109e-6
47,102,8.639839e-6,-6.9819976e-6,1.1108335e-5
47,103,5.585285e-6,-5.089726e-6,7.556502e-6
47,104,-6.4026517e-7,-1.2351401e-6,1.3912263e-6
47,105,1.01015516e-7,-1.1736141e-6,1.1779534e-6
47,106,2.8234292e-6,-1.618303e-6,3.254329e-6
47,107,3.1843947e-6,-1.6466801e-6,3.5849582e-6
47,108,5.9896124e-6,-2.466599e-6,6.4776204e-6
47,109,6.630199e-6,-3.101684e-6,7.319835e-6
47,110,3.8063592e-7,-1.9479667e-7,4.275856e-7
47,111,1.9990495e-7,-5.544504e-7,5.893872e-7
47,112,3.4781053e-8,1.2417317e-8,3.693117e-8
47,113,1.8918628e-7,-6.548952e-7,6.816738e-7
47,114,-5.0094235e-7,8.495296e-8,5.0809473e-7
47,115,1.6404175e-7,4.0489502e-7,4.3686344e-7
47,116,-5.823205e-7,1.227818e-7,5.95124e-7
47,117,6.646319e-8,-1.5334666e-7,1.6713035e-7
47,118,-8.2515086e-8,2.2292481e-7,2.3770615e-7
47,119,-1.5674576e-7,-3.3229176e-7,3.6740585e-7
47,120,2.9133304e-7,3.207356e-7,4.3329698e-7
47,121,7.5196304e-8,-5.370048e-7,5.4224404e-7
47,122,-1.2522695e-7,-2.762223e-7,3.0328295e-7
47,123,3.294673e-7,1.165765e-7,3.494836e-7
47,124,-7.113522e-8,-2.1637845e-7,2.277715e-7
47,125,2.7065465e-7,-3.8142552e-8,2.733291e-7
47,126,-2.5599076e-7,1.9306276e-7,3.2063141e-7
47,127,-1.3015847e-7,-1.9909989e-7,2.378697e-7
47,128,1.3593139e-7,4.8306816e-7,5.018288e-7
48,1,-9.759208e-8,-1.8172562e-7,2.0627267e-7
48,2,3.5743594e-7,1.3581445e-7,3.8236894e-7
48,3,-2.8607795e-7,-2.0994072e-7,3.54846e-7
48,4,2.0285528e-7,-2.1677083e-7,2.9688357e-7
48,5,-1.3725546e-8,-2.865048e-8,3.1768547e-8
48,6,-1.8540788e-7,-2.3418625e-7,2.9869597e-7
48,7,4.5962334e-8,-1.2102204e-7,1.2945605e-7
48,8,-8.129575e-8,-2.345003e-7,2.4819224e-7
48,9,2.3593005e-7,1.08665986e-7,2.5975234e-7
48,10,6.023948e-8,3.9771152e-7,4.0224774e-7
48,11,-3.5137482e-8,-1.0719483e-7,1.128068e-7
48,12,1.877462e-7,-2.252932e-7,2.9326722e-7
48,13,-1.5491832e-8,-3.5496663e-7,3.5530454e-7
48,14,4.7485944e-8,5.103158e-8,6.970751e-8
48,15,-2.402551e-7,5.5488083e-8,2.4657948e-7
48,16,-8.911062e-8,-5.2340226e-7,5.3093373e-7
48,17,-8.132131e-8,-2.1475654e-7,2.2963782e-7
48,18,3.54721e-7,3.3538177e-7,4.881679e-7
48,19,-1.087268e-7,1.9077142e-7,2.1957972e-7
48,20,1.0471105e-7,4.1009227e-7,4.2324942e-7
48,21,2.3371639e-7,-5.1053355e-8,2.392275e-7
48,22,9.1248586e-7,-2.2708798e-7,9.403188e-7
48,23,6.329571e-8,4.3280585e-7,4.374097e-7
48,24,3.9473196e-7,-1.4523531e-6,1.5050391e-6
48,25,-4.9795415e-7,-8.7261833e-7,1.0046995e-6
48,26,3.147687e-6,-7.2957357e-7,3.2311316e-6
48,27,3.938682e-6,-6.3109024e-7,3.988921e-6
48,28,4.2858333e-6,-6.4721695e-7,4.334427e-6
48,29,1.7480923e-7,-1.0512427e-6,1.065678e-6
48,30,8.6898837e-7,-1.418809e-6,1.6637788e-6
48,31,3.4509835e-6,-1.3866231e-6,3.7191412e-6
48,32,3.961828e-6,-2.2030665e-6,4.533165e-6
48,33,3.400386e-6,-1.1270891e-6,3.5823114e-6
48,34,3.2435894e-6,-1.2259658e-6,3.4675445e-6
48,35,4.8107004e-6,-3.109186e-6,5.727991e-6
48,36,3.4920997e-6,-3.6343993e-6,5.0402004e-6
48,37,4.19379e-6,-3.897366e-6,5.7251495e-6
48,38,3.7179173e-6,-3.8176336e-6,5.3289054e-6
48,39,3.7152417e-6,-4.0030054e-6,5.461417e-6
48,40,2.6414034e-6,-3.1632928e-6,4.121096e-6
48,41,4.025912e-6,-4.5600445e-6,6.0829248e-6
48,42,3.998093e-6,-4.3279183e-6,5.8919964e-6
48,43,2.970763e-6,-5.0587405e-6,5.8665396e-6
48,44,2.4980827e-6,-5.145797e-6,5.7201087e-6
48,45,2.0194127e-6,-4.4687204e-6,4.903824e-6
48,46,2.9016428e-6,-4.640371e-6,5.4728944e-6
48,47,2.611442e-6,-4.9637247e-6,5.60876e-6
48,48,2.163163e-6,-4.1344133e-6,4.666117e-6
48,49,2.1877936e-6,-4.743182e-6,5.2234295e-6
48,50,2.3231346e-6,-4.503668e-6,5.067542e-6
48,51,1.8584388e-6,-4.8049114e-6,5.1517927e-6
48,52,2.246714e-6,-4.6636214e-6,5.1765905e-6
48,53,2.3187056e-6,-5.7842612e-6,6.231699e-6
48,54,1.4098174e-6,-5.8464693e-6,6.014049e-6
48,55,1.1739583e-6,-4.929605e-6,5.067463e-6
48,56,1.0168253e-6,-3.6052343e-6,3.7458842e-6
48,57,1.4536541e-6,-3.5584899e-6,3.843951e-6
48,58,2.0761524e-6,-4.606977e-6,5.053182e-6
48,59,5.9937213e-7,-5.354344e-6,5.3877866e-6
48,60,5.9126637e-7,-3.552057e-6,3.6009312e-6
48,61,1.570246e-6,-2.9278067e-6,3.322307e-6
48,62,1.5251633e-6,-4.0350988e-6,4.313716e-6
48,63,1.035731e-6,-4.75378e-6,4.865302e-6
48,64,1.1783637e-6,-4.686913e-6,4.832773e-6
48,65,7.6244123e-7,-4.3374994e-6,4.4040003e-6
48,66,9.053554e-7,-4.817325e-6,4.901662e-6
48,67,1.9888014e-7,-4.323581e-6,4.3281525e-6
48,68,-1.9168091e-8,-4.1627227e-6,4.162767e-6
48,69,5.551232e-7,-3.6865533e-6,3.7281145e-6
48,70,-3.1270852e-7,-4.492987e-6,4.503856e-6
48,71,-2.1368375e-7,-3.7954715e-6,3.8014819e-6
48,72,7.01297e-7,-4.521645e-6,4.575707e-6
48,73,9.0304724e-7,-4.3268687e-6,4.4201006e-6
48,74,-9.926431e-8,-4.4189223e-6,4.420037e-6
48,75,3.40596e-7,-4.387804e-6,4.401003e-6
48,76,2.976223e-7,-3.982909e-6,3.9940137e-6
48,77,9.565605e-7,-4.911757e-6,5.004035e-6
48,78,9.1560236e-7,-4.982784e-6,5.066208e-6
48,79,1.9127474e-6,-4.8344923e-6,5.199127e-6
48,80,1.8390316e-6,-5.962078e-6,6.2392637e-6
48,81,6.6667855e-7,-6.394244e-6,6.4289047e-6
48,82,1.8895433e-6,-6.4194573e-6,6.6917714e-6
48,83,1.9976908e-6,-5.663763e-6,6.005746e-6
48,84,9.33353e-7,-6.1640344e-6,6.234298e-6
48,85,1.3455146e-6,-6.8911986e-6,7.021327e-6
48,86,1.5340163e-6,-7.0261226e-6,7.1916343e-6
48,87,1.8970145e-6,-6.282504e-6,6.562661e-6
48,88,2.3069695e-6,-6.5591034e-6,6.952981e-6
48,89,3.473009e-6,-5.642722e-6,6.6258663e-6
48,90,2.8288262e-6,-6.0058974e-6,6.6387543e-6
48,91,2.995169e-6,-6.0424913e-6,6.744089e-6
48,92,3.0308036e-6,-7.714988e-6,8.288957e-6
48,93,3.213027e-6,-7.210188e-6,7.893691e-6
48,94,3.6554384e-6,-6.0645075e-6,7.0809942e-6
48,95,3.3700676e-6,-6.148285e-6,7.011331e-6
48,96,3.8653575e-6,-6.163385e-6,7.275184e-6
48,97,4.857226e-6,-6.446431e-6,8.071501e-6
48,98,4.5296642e-6,-6.6473654e-6,8.043962e-6
48,99,5.134251e-6,-6.604489e-6,8.365393e-6
48,100,5.0658673e-6,-6.807595e-6,8.4856565e-6
48,101,6.245878e-6,-4.555321e-6,7.730585e-6
48,102,7.996255e-6,-4.0440805e-6,8.960729e-6
48,103,8.567377e-6,-5.9223817e-6,1.0415112e-5
48,104,7.7437187e-7,-2.619326e-6,2.7313954e-6
48,105,1.2968359e-6,-1.2247389e-6,1.7837513e-6
48,106,1.1636774e-6,-1.251144e-6,1.7086563e-6
48,107,3.23832e-6,-1.6159341e-6,3.6191104e-6
48,108,3.197192e-6,-1.6488265e-6,3.5973137e-6
48,109,7.471642e-6,-2.6021332e-6,7.911797e-6
48,110,3.286738e-6,-2.3445996e-6,4.0373e-6
48,111,3.637602e-7,-3.1954235e-7,4.841785e-7
48,112,-2.3336719e-7,-4.830251e-7,5.364452e-7
48,113,3.011397e-7,-1.16382914e-7,3.2284686e-7
48,114,-6.444613e-7,-2.0583954e-7,6.765355e-7
48,115,-4.130742e-7,4.319235e-7,5.976522e-7
48,116,-1.3018793e-7,4.3752073e-7,4.5647923e-7
48,117,1.5751235e-7,1.1054486e-7,1.924326e-7
48,118,2.8237565e-7,7.950157e-8,2.933539e-7
48,119,-1.2601255e-7,-9.1473915e-8,1.5571332e-7
48,120,1.8221982e-7,2.3637276e-7,2.9845626e-7
48,121,5.2168303e-7,-6.355895e-9,5.2172174e-7
48,122,4.1229546e-7,-3.27467e-7,5.2651893e-7
48,123,-1.9793802e-7,-1.9422258e-7,2.7731187e-7
48,124,-8.657467e-8,-4.1315897e-7,4.221321e-7
48,125,-1.2463541e-8,7.5321644e-8,7.6345856e-8
48,126,-1.2759045e-7,-1.3581383e-7,1.863457e-7
48,127,-9.223601e-8,-2.219901e-7,2.4038945e-7
48,128,1.9682411e-10,2.3045902e-7,2.3045911e-7
49,1,4.0313853e-7,3.3050614e-7,5.213012e-7
49,2,-1.6572388e-7,-3.718098e-7,4.0707116e-7
49,3,3.0673849e-7,-7.851337e-9,3.0683896e-7
49,4,-8.2239005e-8,-4.855803e-7,4.9249513e-7
49,5,1.3227006e-7,1.7473129e-8,1.3341919e-7
49,6,8.0656605e-8,-3.4032234e-7,3.497496e-7
49,7,-1.726689e-7,-2.4278629e-7,2.979257e-7
49,8,2.490479e-7,-1.3763221e-7,2.8454787e-7
49,9,7.013245e-7,7.8853574e-8,7.0574356e-7
49,10,-1.1594166e-7,1.8202293e-7,2.15812e-7
49,11,-9.750109e-8,-3.6196477e-7,3.7486657e-7
49,12,-1.3325035e-7,-4.5080134e-7,4.7008245e-7
49,13,3.7541545e-7,3.128831e-8,3.7671703e-7
49,14,-1.8742047e-7,1.5391113e-7,2.4251818e-7
49,15,-6.800283e-7,-3.5463822e-7,7.6694636e-7
49,16,-5.1485554e-8,-5.3147573e-8,7.399613e-8
49,17,1.9896656e-7,1.8648583e-7,2.7269886e-7
49,18,-8.7890875e-8,4.7707834e-7,4.8510674e-7
49,19,-4.986378e-7,3.570894e-7,6.133127e-7
49,20,-1.1928128e-7,-1.9503351e-7,2.286178e-7
49,21,6.981562e-7,-4.952366e-7,8.559681e-7
49,22,-5.346725e-8,1.8815341e-7,1.956028e-7
49,23,1.1597399e-7,-2.768289e-7,3.001403e-7
49,24,-6.136399e-7,-1.2323782e-6,1.3767026e-6
49,25,2.3006417e-6,-1.0490569e-7,2.3030323e-6
49,26,3.9611878e-6,-8.159548e-7,4.044353e-6
49,27,3.99734e-6,-1.0034266e-6,4.1213584e-6
49,28,1.2867077e-6,2.1475604e-7,1.3045064e-6
49,29,1.1123247e-7,-1.1121138e-6,1.1176626e-6
49,30,3.0558472e-6,-1.8188366e-6,3.5561734e-6
49,31,4.186087e-6,-1.6461192e-6,4.4981143e-6
49,32,4.4825515e-6,-1.7287335e-6,4.8043507e-6
49,33,4.2004826e-6,-1.6802196e-6,4.524068e-6
49,34,4.4042317e-6,-3.3370386e-6,5.525675e-6
49,35,3.815118e-6,-5.3345266e-6,6.5583763e-6
49,36,4.2408556e-6,-5.683259e-6,7.0911415e-6
49,37,3.813683e-6,-4.371814e-6,5.80146e-6
49,38,4.034892e-6,-4.615016e-6,6.130149e-6
49,39,2.8549073e-6,-3.3831361e-6,4.426749e-6
49,40,4.01733e-6,-4.5255993e-6,6.0514453e-6
49,41,4.1000094e-6,-5.8139453e-6,7.1142135e-6
49,42,3.4378452e-6,-6.609395e-6,7.4500254e-6
49,43,2.1119229e-6,-5.9810445e-6,6.3429575e-6
49,44,1.7808993e-6,-5.3691874e-6,5.656834e-6
49,45,1.9950066e-6,-5.433525e-6,5.788199e-6
49,46,2.3259786e-6,-4.505057e-6,5.0700805e-6
49,47,1.7786613e-6,-4.1998696e-6,4.5609804e-6
49,48,1.6705003e-6,-4.573056e-6,4.8686147e-6
49,49,1.4402824e-6,-4.498077e-6,4.7230405e-6
49,50,1.6136916e-6,-4.7304948e-6,4.9981577e-6
49,51,1.9868942e-6,-4.9006503e-6,5.2881114e-6
49,52,1.266153e-6,-4.8589286e-6,5.0211884e-6
49,53,1.1097134e-6,-5.32059e-6,5.4350844e-6
49,54,1.0924928e-6,-5.3858075e-6,5.495495e-6
49,55,1.0909969e-6,-4.5129264e-6,4.6429277e-6
49,56,1.9802321e-6,-4.7573544e-6,5.1530324e-6
49,57,1.6681655e-6,-4.405728e-6,4.7109675e-6
49,58,1.2074803e-6,-5.031287e-6,5.1741526e-6
49,59,-3.236668e-7,-4.3054797e-6,4.3176283e-6
49,60,7.4241603e-7,-2.4739159e-6,2.5829133e-6
49,61,4.867704e-7,-3.4615175e-6,3.4955756e-6
49,62,1.1704393e-6,-4.159904e-6,4.321427e-6
49,63,1.4285644e-6,-4.713305e-6,4.925042e-6
49,64,6.28634e-7,-4.9985324e-6,5.037907e-6
49,65,1.0365619e-6,-4.7237354e-6,4.8361285e-6
49,66,5.3096784e-7,-5.098146e-6,5.1257216e-6
49,67,1.1022714e-6,-4.8095626e-6,4.934257e-6
49,68,2.937826e-7,-4.58777e-6,4.597167e-6
49,69,5.8152904e-7,-3.928337e-6,3.9711467e-6
49,70,8.564555e-7,-4.898357e-6,4.972667e-6
49,71,2.4806528e-7,-3.269135e-6,3.2785333e-6
49,72,-3.4532525e-7,-4.206075e-6,4.2202273e-6
49,73,9.354573e-7,-4.6322543e-6,4.7257654e-6
49,74,1.0713491e-6,-4.545193e-6,4.66975e-6
49,75,8.362725e-7,-5.0820327e-6,5.1503794e-6
49,76,5.611987e-7,-5.0915505e-6,5.122385e-6
49,77,7.445013e-7,-4.6960854e-6,4.7547346e-6
49,78,3.698271e-7,-4.919814e-6,4.9336945e-6
49,79,5.0211787e-7,-5.318131e-6,5.3417825e-6
49,80,1.2770683e-6,-6.820788e-6,6.939312e-6
49,81,1.99774e-6,-6.2084932e-6,6.52199e-6
49,82,5.5092494e-7,-6.287368e-6,6.311459e-6
49,83,1.8356355e-6,-6.1810533e-6,6.4478663e-6
49,84,2.9271132e-6,-6.3557036e-6,6.997354e-6
49,85,1.4138154e-6,-6.5587387e-6,6.709391e-6
49,86,1.122255e-6,-7.344647e-6,7.4298923e-6
49,87,2.0038335e-6,-6.6598004e-6,6.9547314e-6
49,88,1.085363e-6,-5.680808e-6,5.7835623e-6
49,89,2.3267648e-6,-5.9469753e-6,6.3859493e-6
49,90,2.5875108e-6,-6.450248e-6,6.9498856e-6
49,91,3.2356545e-6,-5.720576e-6,6.572249e-6
49,92,2.9750147e-6,-6.028685e-6,6.722779e-6
49,93,2.1962453e-6,-7.770026e-6,8.074453e-6
49,94,2.5417626e-6,-7.312963e-6,7.742092e-6
49,95,3.994452e-6,-6.706905e-6,7.806294e-6
49,96,2.5674358e-6,-6.043783e-6,6.5665085e-6
49,97,4.0193627e-6,-5.9057065e-6,7.143714e-6
49,98,4.184653e-6,-5.846913e-6,7.1901122e-6
49,99,4.116315e-6,-5.409239e-6,6.797346e-6
49,100,4.1791304e-6,-6.0214356e-6,7.329585e-6
49,101,4.732777e-6,-5.985513e-6,7.630566e-6
49,102,4.871527e-6,-4.059184e-6,6.341037e-6
49,103,7.802907e-6,-3.344596e-6,8.489505e-6
49,104,1.4376798e-6,-2.813719e-6,3.159737e-6
49,105,1.257514e-6,-1.4919531e-6,1.9512215e-6
49,106,9.2055035e-7,-1.3921743e-6,1.6690004e-6
49,107,1.7969096e-6,-7.185678e-7,1.935258e-6
49,108,3.3285144e-6,-2.1668322e-6,3.971671e-6
49,109,4.720252e-6,-1.4290544e-6,4.931833e-6
49,110,6.3839057e-6,-2.708649e-6,6.9347698e-6
49,111,4.3185238e-7,-8.252259e-7,9.3139374e-7
49,112,6.2869304e-8,-4.0065314e-7,4.0555577e-7
49,113,-4.859997e-7,-3.5583906e-7,6.0234305e-7
49,114,5.164413e-7,-7.324641e-7,8.962228e-7
49,115,-1.3276024e-6,4.8893213e-8,1.3285024e-6
49,116,-1.5131336e-7,3.6234235e-7,3.9266743e-7
49,117,-4.9800394e-7,4.2592234e-7,6.5529974e-7
49,118,5.437889e-7,-8.4070875e-9,5.4385384e-7
49,119,3.5602085e-8,1.7539795e-8,3.9688196e-8
49,120,1.5950225e-7,-8.42545e-8,1.8038789e-7
49,121,3.7764468e-7,6.4124225e-7,7.441822e-7
49,122,8.906919e-7,6.1030626e-8,8.927804e-7
49,123,5.1493945e-8,-3.2273735e-7,3.2681956e-7
49,124,6.941985e-8,-2.474465e-7,2.5699978e-7
49,125,-3.708956e-7,8.058913e-8,3.7954993e-7
49,126,-4.2992344e-8,-4.44826e-8,6.1863105e-8
49,127,-5.4518893e-8,2.444567e-7,2.5046234e-7
49,128,-1.8917721e-7,-5.632518e-7,5.941722e-7
50,1,-2.1134757e-7,-3.571266e-7,4.1497856e-7
50,2,1.6078454e-7,-9.325841e-8,1.8587306e-7
50,3,-8.800133e-8,-1.625263e-7,1.8482163e-7
50,4,-5.2730263e-7,-5.087487e-8,5.2975116e-7
50,5,1.889913e-7,-6.8243544e-8,2.0093503e-7
50,6,7.82647e-8,-5.1539956e-7,5.2130804e-7
50,7,2.0568099e-7,-1.6264826e-7,2.6221963e-7
50,8,4.25613e-7,4.215632e-8,4.2769565e-7
50,9,-2.2447503e-7,-2.1183398e-7,3.0864652e-7
50,10,5.0401695e-8,3.2898555e-7,3.3282402e-7
50,11,-1.9190496e-7,-3.465018e-7,3.960947e-7
50,12,2.9649127e-7,1.4449746e-7,3.298281e-7
50,13,-1.9088564e-7,-4.121798e-7,4.5423508e-7
50,14,-4.433799e-7,-2.6630644e-7,5.172087e-7
50,15,-6.487159e-8,1.4005417e-7,1.5434861e-7
50,16,7.734166e-7,-1.560305e-7,7.889986e-7
50,17,4.9317384e-7,-5.4035414e-8,4.9612527e-7
50,18,-4.0858689e-7,-7.909915e-8,4.1617295e-7
50,19,-3.2480733e-7,3.4322906e-7,4.7255264e-7
50,20,1.0155459e-6,6.8155845e-7,1.2230516e-6
50,21,3.8853727e-7,-3.0792588e-8,3.8975557e-7
50,22,-5.293163e-7,4.9565874e-10,5.2931654e-7
50,23,-1.4602891e-6,-9.978747e-7,1.7686714e-6
50,24,2.0160555e-6,1.3591948e-7,2.020632e-6
50,25,3.7194388e-6,-1.0091902e-6,3.8539188e-6
50,26,3.4912507e-6,-1.6923315e-6,3.879796e-6
50,27,3.159096e-6,-6.4700885e-7,3.2246717e-6
50,28,6.478573e-7,-1.2237888e-7,6.5931454e-7
50,29,3.090478e-6,-9.0610035e-7,3.22057e-6
50,30,5.496492e-6,-3.8158964e-6,6.691225e-6
50,31,3.768192e-6,-2.0554048e-6,4.2923143e-6
50,32,3.5669718e-6,-4.6790756e-6,5.8836245e-6
50,33,3.7315203e-6,-4.5737825e-6,5.902858e-6
50,34,3.3849178e-6,-3.3869687e-6,4.7884473e-6
50,35,3.883456e-6,-4.1766584e-6,5.703131e-6
50,36,4.1872554e-6,-5.6331e-6,7.0188976e-6
50,37,3.505296e-6,-5.83563e-6,6.8074723e-6
50,38,2.0811478e-6,-4.483354e-6,4.942837e-6
50,39,3.3738183e-6,-5.4938982e-6,6.4471365e-6
50,40,3.0886936e-6,-3.7739178e-6,4.876729e-6
50,41,2.8695722e-6,-5.0651734e-6,5.8215483e-6
50,42,2.3478547e-6,-4.856111e-6,5.393907e-6
50,43,2.6645198e-6,-4.4889916e-6,5.2202213e-6
50,44,2.4507685e-6,-4.8813895e-6,5.462072e-6
50,45,2.4225726e-6,-4.3396003e-6,4.970009e-6
50,46,2.103761e-6,-3.880555e-6,4.414127e-6
50,47,1.6709199e-6,-4.8810275e-6,5.1591087e-6
50,48,1.9453282e-6,-5.136756e-6,5.4927737e-6
50,49,1.4288556e-6,-4.9894893e-6,5.190051e-6
50,50,1.7631158e-6,-4.3232126e-6,4.6689124e-6
50,51,1.1029417e-6,-4.290067e-6,4.429577e-6
50,52,1.5188099e-6,-5.071491e-6,5.294035e-6
50,53,9.0425266e-7,-4.5393263e-6,4.6285154e-6
50,54,1.5201833e-6,-4.536732e-6,4.784652e-6
50,55,6.4505804e-7,-5.0826684e-6,5.1234383e-6
50,56,4.0355576e-7,-4.8537927e-6,4.87054e-6
50,57,7.108201e-7,-4.7877525e-6,4.840231e-6
50,58,5.936986e-7,-3.8552403e-6,3.9006864e-6
50,59,1.7701774e-7,-3.928368e-6,3.9323545e-6
50,60,9.567547e-7,-3.5979665e-6,3.7230018e-6
50,61,5.1853556e-7,-4.315653e-6,4.346693e-6
50,62,-4.020319e-7,-3.7461512e-6,3.767662e-6
50,63,3.6621756e-7,-4.7204794e-6,4.734664e-6
50,64,2.5332238e-7,-4.92792e-6,4.934427e-6
50,65,5.832594e-7,-5.4686207e-6,5.4996367e-6
50,66,-3.4083345e-7,-5.1438274e-6,5.155107e-6
50,67,-3.5116537e-7,-5.199739e-6,5.2115834e-6
50,68,1.6552067e-7,-4.829891e-6,4.8327265e-6
50,69,8.7378845e-7,-3.8655517e-6,3.963079e-6
50,70,2.2747864e-7,-4.382172e-6,4.3880723e-6
50,71,6.207303e-7,-4.8203083e-6,4.860111e-6
50,72,4.6963586e-7,-4.586689e-6,4.6106697e-6
50,73,5.550757e-7,-4.9336354e-6,4.9647624e-6
50,74,1.0874666e-6,-5.329963e-6,5.439769e-6
50,75,5.0749065e-7,-5.5785786e-6,5.6016147e-6
50,76,6.7378477e-7,-5.9863905e-6,6.0241896e-6
50,77,8.640104e-7,-5.6430204e-6,5.7087823e-6
50,78,2.0102868e-7,-5.6206777e-6,5.6242716e-6
50,79,7.075901e-7,-5.686401e-6,5.7302564e-6
50,80,9.1952796e-7,-6.1032515e-6,6.1721316e-6
50,81,4.084115e-7,-6.433961e-6,6.4469104e-6
50,82,6.576917e-7,-6.8831437e-6,6.914494e-6
50,83,9.678532e-7,-6.374832e-6,6.4478854e-6
50,84,2.0002108e-6,-7.02853e-6,7.307604e-6
50,85,2.5440522e-6,-6.3035404e-6,6.79756e-6
50,86,2.7707665e-6,-6.494099e-6,7.0604865e-6
50,87,2.1456383e-6,-7.822266e-6,8.111202e-6
50,88,1.8226937e-6,-6.6417756e-6,6.887336e-6
50,89,2.0413042e-6,-5.524397e-6,5.889472e-6
50,90,1.4303301e-6,-5.6934773e-6,5.870394e-6
50,91,2.3357038e-6,-5.7728084e-6,6.2274257e-6
50,92,4.278758e-6,-5.389397e-6,6.8813783e-6
50,93,3.3949345e-6,-6.278531e-6,7.137614e-6
50,94,2.641059e-6,-7.0569095e-6,7.5349294e-6
50,95,1.7989254e-6,-6.5977833e-6,6.838631e-6
50,96,2.5540633e-6,-6.1731494e-6,6.6806447e-6
50,97,2.3442562e-6,-5.50142e-6,5.9800636e-6
50,98,3.7546165e-6,-5.122699e-6,6.351314e-6
50,99,4.1318476e-6,-5.609455e-6,6.9669327e-6
50,100,4.4848784e-6,-6.1834585e-6,7.6386705e-6
50,101,4.804222e-6,-5.045312e-6,6.966758e-6
50,102,4.3931864e-6,-4.5599577e-6,6.331927e-6
50,103,4.14776e-6,-2.0628643e-6,4.6324208e-6
50,104,2.03683e-6,-1.0529074e-6,2.2928782e-6
50,105,8.76781e-7,-2.6174398e-6,2.760387e-6
50,106,8.147222e-7,-2.215845e-6,2.3608773e-6
50,107,5.934077e-7,-8.146409e-7,1.0078554e-6
50,108,4.18151e-6,-1.1477889e-6,4.336179e-6
50,109,2.9845896e-6,-1.6709155e-6,3.4204875e-6
50,110,6.5716677e-6,-2.0172586e-6,6.8743107e-6
50,111,2.4521923e-6,-1.5816962e-6,2.918049e-6
50,112,2.6215505e-7,-5.4237233e-7,6.0240603e-7
50,113,4.4764894e-9,-6.164395e-7,6.1645574e-7
50,114,1.2114675e-7,-5.3902005e-7,5.524664e-7
50,115,-3.6780858e-7,-4.700582e-7,5.9685664e-7
50,116,-8.2539924e-7,-5.969724e-8,8.2755525e-7
50,117,-2.3465687e-7,2.6076282e-7,3.5080063e-7
50,118,-1.2857171e-7,-4.4346763e-8,1.3600486e-7
50,119,-2.7775583e-8,-1.2826975e-7,1.3124257e-7
50,120,2.2972512e-7,-2.0339908e-7,3.0683026e-7
50,121,1.4068091e-7,2.45755e-7,2.8317245e-7
50,122,4.0652634e-7,3.6155777e-7,5.440475e-7
50,123,6.7235896e-7,3.032658e-8,6.7304256e-7
50,124,-8.2591285e-8,-2.4208424e-7,2.5578527e-7
50,125,4.635721e-7,9.879153e-8,4.739819e-7
50,126,-2.634146e-7,5.84109e-8,2.6981306e-7
50,127,-3.1777566e-7,-3.3011747e-7,4.5821275e-7
50,128,3.3537086e-7,-1.2824457e-7,3.590547e-7
51,1,2.9546823e-7,-7.2517264e-7,7.8305607e-7
51,2,8.752368e-8,-1.0659608e-7,1.3792433e-7
51,3,-4.1677652e-7,-1.5532086e-8,4.1706582e-7
51,4,-8.061444e-8,9.743575e-8,1.2646112e-7
51,5,-1.2266439e-7,2.548204e-7,2.8280735e-7
51,6,-2.885526e-7,6.2064607e-9,2.8861933e-7
51,7,-3.1486493e-8,-7.6258246e-8,8.2502844e-8
51,8,-6.244476e-9,-4.3718669e-7,4.3723128e-7
51,9,2.064642e-7,3.7511168e-8,2.0984412e-7
51,10,-1.5519277e-7,-4.776099e-7,5.021912e-7
51,11,3.3591697e-8,-3.1899265e-7,3.2075647e-7
51,12,-2.4762673e-7,-4.952207e-7,5.5368093e-7
51,13,-5.0205665e-7,-3.0752125e-7,5.887531e-7
51,14,-3.5154426e-7,2.0270644e-8,3.5212818e-7
51,15,2.8808515e-7,3.2361663e-7,4.3326756e-7
51,16,1.106249e-7,-2.1010582e-7,2.3744963e-7
51,17,-1.4224778e-8,2.9449328e-7,2.948366e-7
51,18,-3.4907004e-7,9.0526356e-8,3.606174e-7
51,19,1.0833178e-6,2.9496812e-7,1.1227571e-6
51,20,1.1942441e-6,4.0132315e-7,1.2598726e-6
51,21,3.3094628e-7,-3.3740088e-7,4.7261486e-7
51,22,-7.998795e-7,1.6165234e-7,8.1605066e-7
51,23,6.121814e-7,-6.40733e-7,8.861743e-7
51,24,2.9973462e-6,-4.894893e-7,3.0370518e-6
51,25,3.7471243e-6,-1.2077018e-6,3.9369384e-6
51,26,3.5551147e-6,-2.1603335e-6,4.1600338e-6
51,27,6.089993e-7,-7.9751277e-7,1.0034474e-6
51,28,2.2132026e-6,1.68104e-7,2.2195777e-6
51,29,4.9560927e-6,-2.646318e-6,5.61835e-6
51,30,4.6731157e-6,-2.4822007e-6,5.2914393e-6
51,31,5.763278e-6,-2.6468135e-6,6.3420025e-6
51,32,4.196571e-6,-3.7709337e-6,5.64191e-6
51,33,2.846011e-6,-3.4147056e-6,4.4452213e-6
51,34,3.3571891e-6,-4.2052725e-6,5.3809886e-6
51,35,3.3791323e-6,-4.162232e-6,5.361223e-6
51,36,3.6426422e-6,-4.8146203e-6,6.037335e-6
51,37,2.5865716e-6,-3.429525e-6,4.2955785e-6
51,38,3.2333483e-6,-4.9469977e-6,5.9099348e-6
51,39,3.880927e-6,-5.7274965e-6,6.918512e-6
51,40,2.4732476e-6,-5.7484644e-6,6.257939e-6
51,41,2.7857236e-6,-4.50618e-6,5.2977275e-6
51,42,2.3504538e-6,-4.165839e-6,4.783184e-6
51,43,2.4103688e-6,-5.03051e-6,5.5781634e-6
51,44,2.7694266e-6,-4.9655496e-6,5.6856315e-6
51,45,1.1058121e-6,-4.3870514e-6,4.5242723e-6
51,46,1.1293602e-6,-4.62437e-6,4.7602784e-6
51,47,2.4164708e-6,-4.7195035e-6,5.3021736e-6
51,48,1.8613815e-6,-4.7685485e-6,5.1189645e-6
51,49,1.3533886e-6,-4.8114316e-6,4.998153e-6
51,50,1.7599191e-6,-4.925356e-6,5.230339e-6
51,51,1.83584e-6,-4.682276e-6,5.0293156e-6
51,52,8.034348e-7,-4.491985e-6,4.56327e-6
51,53,1.7002441e-6,-4.9460386e-6,5.2301175e-6
51,54,1.8914941e-6,-5.071225e-6,5.4124926e-6
51,55,1.0508611e-6,-4.6158825e-6,4.7339922e-6
51,56,-2.3634222e-8,-4.69024e-6,4.6902996e-6
51,57,2.2353393e-7,-4.4738717e-6,4.4794524e-6
51,58,1.5660438e-6,-3.2818555e-6,3.6363538e-6
51,59,1.0295798e-6,-4.762558e-6,4.8725756e-6
51,60,9.4151466e-7,-4.4307076e-6,4.529638e-6
51,61,1.0919122e-6,-4.1316853e-6,4.273534e-6
51,62,5.941874e-7,-3.8071714e-6,3.85326e-6
51,63,5.0594855e-7,-4.7018866e-6,4.7290296e-6
51,64,-1.0601719e-6,-5.1314605e-6,5.239833e-6
51,65,4.2045826e-7,-5.6394815e-6,5.6551335e-6
51,66,-9.599131e-9,-5.322797e-6,5.3228055e-6
51,67,1.13354076e-7,-5.2247065e-6,5.225936e-6
51,68,-1.18329936e-7,-4.8802426e-6,4.881677e-6
51,69,-5.720308e-7,-4.7528893e-6,4.7871886e-6
51,70,6.02215e-8,-5.116422e-6,5.1167763e-6
51,71,1.2360393e-7,-5.162026e-6,5.1635056e-6
51,72,4.129005e-7,-5.33871e-6,5.3546532e-6
51,73,7.031025e-7,-4.9189907e-6,4.968986e-6
51,74,6.5644196e-7,-5.8252613e-6,5.8621313e-6
51,75,-1.3897862e-7,-6.222244e-6,6.223796e-6
51,76,-5.2405063e-9,-6.416094e-6,6.4160963e-6
51,77,1.09110644e-7,-6.6368275e-6,6.6377243e-6
51,78,-2.6941858e-9,-6.9729504e-6,6.972951e-6
51,79,1.880812e-7,-5.5933046e-6,5.596466e-6
51,80,3.741907e-7,-5.8465553e-6,5.8585174e-6
51,81,5.2909517e-8,-5.8770647e-6,5.877303e-6
51,82,8.546601e-7,-6.296638e-6,6.3543757e-6
51,83,8.536967e-7,-6.4314663e-6,6.4878777e-6
51,84,7.936688e-7,-6.0288194e-6,6.0808366e-6
51,85,7.698582e-7,-6.7855267e-6,6.8290597e-6
51,86,2.048512e-6,-6.4909723e-6,6.80655e-6
51,87,2.4948017e-6,-7.42821e-6,7.835964e-6
51,88,1.6871375e-6,-8.1161e-6,8.289602e-6
51,89,1.4862258e-6,-7.740104e-6,7.881502e-6
51,90,2.0000539e-6,-6.8867816e-6,7.1713303e-6
51,91,1.7448189e-6,-6.127555e-6,6.3711323e-6
51,92,2.08399e-6,-5.4682464e-6,5.8519e-6
51,93,4.131012e-6,-5.4709567e-6,6.8554086e-6
51,94,3.6348138e-6,-6.330155e-6,7.299502e-6
51,95,2.6170947e-6,-6.6971866e-6,7.190375e-6
51,96,2.730265e-6,-6.355654e-6,6.9172743e-6
51,97,3.2607595e-6,-6.7932606e-6,7.535313e-6
51,98,3.1625566e-6,-5.7482007e-6,6.56076e-6
51,99,3.979152e-6,-6.0667485e-6,7.2552803e-6
51,100,5.167277e-6,-5.955491e-6,7.884708e-6
51,101,6.0657317e-6,-5.6903737e-6,8.317058e-6
51,102,6.1810033e-6,-5.8599453e-6,8.517262e-6
51,103,5.323435e-6,-4.41119e-6,6.9135776e-6
51,104,3.905915e-6,-1.6031101e-6,4.222101e-6
51,105,8.0544993e-7,-1.936429e-6,2.0972618e-6
51,106,7.860458e-7,-2.462576e-6,2.5849852e-6
51,107,-3.5461667e-7,-1.3129891e-6,1.3600343e-6
51,108,2.3309722e-6,-9.961524e-7,2.5349066e-6
51,109,2.5231627e-6,-1.8164984e-6,3.109022e-6
51,110,5.0756676e-6,-2.709595e-6,5.753634e-6
51,111,4.8199568e-6,-1.6836656e-6,5.105557e-6
51,112,2.9006753e-7,-7.918022e-7,8.432615e-7
51,113,1.6888943e-7,-6.815604e-7,7.021739e-7
51,114,-1.5855144e-7,-8.6022126e-8,1.8038394e-7
51,115,3.4881077e-7,-4.1432727e-7,5.4160506e-7
51,116,-6.094848e-7,-5.295151e-7,8.073772e-7
51,117,-1.639202e-7,-1.2983686e-7,2.0911108e-7
51,118,-2.565065e-7,1.95473e-7,3.224985e-7
51,119,-1.5588839e-7,-2.357068e-7,2.8259316e-7
51,120,6.697063e-8,1.7512167e-7,1.8749044e-7
51,121,-1.324292e-7,-2.2487961e-7,2.6097572e-7
51,122,-2.0492474e-9,9.194842e-7,9.1948647e-7
51,123,2.9809726e-8,3.6340484e-7,3.646254e-7
51,124,2.2846488e-7,-3.136884e-7,3.8806778e-7
51,125,1.0465937e-7,8.149666e-8,1.3264723e-7
51,126,2.7511767e-8,-1.306903e-7,1.3355468e-7
51,127,-1.3845805e-7,-9.55883e-8,1.6824909e-7
51,128,8.11884e-8,-5.055603e-7,5.1203784e-7
52,1,4.304807e-7,-5.860169e-7,7.2713783e-7
52,2,-1.455247e-7,-3.5910733e-7,3.8747325e-7
52,3,3.9762742e-7,-1.6424917e-7,4.3021547e-7
52,4,6.73933e-8,1.6447718e-8,6.937135e-8
52,5,5.539114e-8,2.6548156e-7,2.7119853e-7
52,6,-6.7374344e-8,8.917743e-8,1.1176724e-7
52,7,-1.8160569e-7,-2.2029427e-7,2.854999e-7
52,8,4.7407326e-8,-4.198365e-7,4.2250463e-7
52,9,-1.7943432e-7,-1.2436207e-7,2.1831767e-7
52,10,-2.8142185e-7,-5.933867e-7,6.567389e-7
52,11,-1.2776546e-7,-2.3379702e-7,2.6643022e-7
52,12,-5.421596e-7,-1.3551198e-7,5.5883856e-7
52,13,-3.6288287e-7,-1.4791361e-7,3.918704e-7
52,14,2.144889e-7,-3.4620126e-7,4.0726013e-7
52,15,3.6329152e-7,2.0702191e-7,4.181373e-7
52,16,-2.6718772e-7,3.2709093e-7,4.223479e-7
52,17,1.6746547e-7,1.6729246e-7,2.3670964e-7
52,18,5.339985e-7,-1.7295108e-7,5.6130784e-7
52,19,1.5283699e-6,-2.2117844e-7,1.544291e-6
52,20,-8.613032e-7,-1.3501446e-7,8.7182116e-7
52,21,-2.6441796e-7,-6.185625e-8,2.7155673e-7
52,22,6.297567e-7,2.318557e-7,6.7108164e-7
52,23,2.6199366e-6,-3.517299e-7,2.6434413e-6
52,24,2.5127167e-6,-5.153021e-7,2.565011e-6
52,25,4.4608537e-6,-1.9559668e-6,4.870834e-6
52,26,1.2747506e-6,-1.6970464e-6,2.122488e-6
52,27,1.5038738e-6,4.8457605e-7,1.5800159e-6
52,28,3.5630576e-6,-1.7367225e-6,3.963784e-6
52,29,4.4152534e-6,-2.572617e-6,5.1100706e-6
52,30,4.8866036e-6,-2.913966e-6,5.689472e-6
52,31,3.2386715e-6,-3.8659837e-6,5.043295e-6
52,32,2.8379409e-6,-2.4299638e-6,3.7361253e-6
52,33,2.6383893e-6,-3.6129322e-6,4.473743e-6
52,34,4.1769636e-6,-4.932905e-6,6.4637898e-6
52,35,3.6228992e-6,-5.370853e-6,6.4785386e-6
52,36,3.2022886e-6,-4.7406447e-6,5.720871e-6
52,37,3.038997e-6,-4.196605e-6,5.1814086e-6
52,38,3.150155e-6,-5.182185e-6,6.0645293e-6
52,39,2.8604309e-6,-4.586404e-6,5.4052907e-6
52,40,2.5993395e-6,-5.5802707e-6,6.1559717e-6
52,41,2.903844e-6,-5.9463937e-6,6.6175453e-6
52,42,2.499566e-6,-5.199945e-6,5.769511e-6
52,43,1.7396774e-6,-4.749371e-6,5.0579642e-6
52,44,1.5791119e-6,-5.500107e-6,5.7223046e-6
52,45,1.8804064e-6,-4.7318285e-6,5.0917706e-6
52,46,1.9791148e-6,-4.696832e-6,5.096776e-6
52,47,1.6828318e-6,-4.985228e-6,5.2615987e-6
52,48,1.7943503e-6,-3.770834e-6,4.1759886e-6
52,49,1.1194014e-6,-4.2445854e-6,4.389711e-6
52,50,1.1017557e-6,-4.707046e-6,4.834268e-6
52,51,1.4329142e-6,-4.487922e-6,4.711124e-6
52,52,5.8351407e-7,-4.73335e-6,4.7691815e-6
52,53,9.101094e-7,-5.0992694e-6,5.17985e-6
52,54,1.1645211e-6,-5.251346e-6,5.3789167e-6
52,55,1.9806963e-7,-4.5151664e-6,4.519509e-6
52,56,7.7993036e-7,-4.656668e-6,4.7215303e-6
52,57,4.6153838e-7,-4.5166285e-6,4.540149e-6
52,58,6.650965e-7,-5.0684816e-6,5.111933e-6
52,59,2.1395832e-7,-4.8628485e-6,4.8675533e-6
52,60,1.8721062e-7,-4.708212e-6,4.711933e-6
52,61,7.65779e-7,-4.5519314e-6,4.615896e-6
52,62,7.6996264e-7,-4.1251355e-6,4.1963776e-6
52,63,4.989304e-7,-4.4787243e-6,4.506429e-6
52,64,3.9069544e-8,-4.834291e-6,4.8344486e-6
52,65,-1.324041e-7,-4.70756e-6,4.709422e-6
52,66,7.072748e-7,-6.603947e-6,6.6417133e-6
52,67,3.1251793e-7,-5.2264227e-6,5.235758e-6
52,68,-4.05e-7,-4.624704e-6,4.642404e-6
52,69,2.5253436e-7,-4.659728e-6,4.666566e-6
52,70,-8.0950156e-7,-4.687499e-6,4.7568833e-6
52,71,-9.3329095e-7,-4.8302327e-6,4.919571e-6
52,72,-6.3921516e-7,-4.6497244e-6,4.6934565e-6
52,73,-1.534909e-8,-5.505136e-6,5.5051573e-6
52,74,-7.1973835e-7,-5.625279e-6,5.671136e-6
52,75,8.0924885e-8,-5.0857993e-6,5.0864433e-6
52,76,9.2646296e-8,-5.3568574e-6,5.3576587e-6
52,77,-1.3575757e-7,-6.1634e-6,6.164895e-6
52,78,4.3840405e-8,-6.706405e-6,6.7065484e-6
52,79,8.267106e-8,-6.3390753e-6,6.339614e-6
52,80,-1.5103267e-7,-5.6611425e-6,5.663157e-6
52,81,7.4528094e-7,-5.4366087e-6,5.4874545e-6
52,82,8.329398e-7,-4.926329e-6,4.996249e-6
52,83,1.3103368e-6,-5.3200647e-6,5.4790576e-6
52,84,1.3857004e-6,-4.830212e-6,5.0250487e-6
52,85,4.95175e-7,-5.782617e-6,5.8037795e-6
52,86,6.384085e-7,-6.168308e-6,6.2012573e-6
52,87,2.0328227e-6,-7.0933265e-6,7.378865e-6
52,88,1.2025596e-6,-7.3435635e-6,7.441376e-6
52,89,7.9905413e-7,-7.0926267e-6,7.1374952e-6
52,90,1.419191e-6,-7.1686623e-6,7.3077917e-6
52,91,1.818969e-6,-6.846421e-6,7.0839346e-6
52,92,1.7194176e-6,-5.5148907e-6,5.7767134e-6
52,93,2.716472e-6,-5.4569937e-6,6.0957364e-6
52,94,3.3564818e-6,-5.8507144e-6,6.7451338e-6
52,95,2.834106e-6,-7.1994386e-6,7.737188e-6
52,96,3.2523253e-6,-6.8419054e-6,7.575572e-6
52,97,2.9792152e-6,-6.7895594e-6,7.4144345e-6
52,98,3.466354e-6,-6.674295e-6,7.5207595e-6
52,99,2.5820918e-6,-6.7064825e-6,7.1863833e-6
52,100,4.695795e-6,-5.754719e-6,7.427468e-6
52,101,5.798881e-6,-5.6575373e-6,8.101528e-6
52,102,6.386926e-6,-6.7520086e-6,9.2942155e-6
52,103,4.844272e-6,-6.2238564e-6,7.886911e-6
52,104,5.165324e-6,-4.021691e-6,6.5463405e-6
52,105,3.1147115e-6,-2.1783435e-6,3.8008693e-6
52,106,1.0384939e-6,-1.5031054e-6,1.8269634e-6
52,107,1.5981432e-6,-1.2063389e-6,2.0023274e-6
52,108,1.3121208e-6,-7.647029e-7,1.518694e-6
52,109,3.174535e-6,-1.390135e-6,3.4655661e-6
52,110,3.431188e-6,-2.6226926e-6,4.318746e-6
52,111,6.576451e-6,-2.8889392e-6,7.183013e-6
52,112,1.6462928e-6,-5.287492e-7,1.72912e-6
52,113,5.7847024e-7,-9.839024e-8,5.86778e-7
52,114,8.6933454e-8,-3.0166106e-7,3.1393762e-7
52,115,2.0326685e-7,-2.2949614e-7,3.065712e-7
52,116,1.3760541e-7,-4.8406855e-7,5.0324707e-7
52,117,-3.614889e-7,-5.219662e-7,6.349196e-7
52,118,-2.6415225e-7,3.8378153e-7,4.65902e-7
52,119,-1.9194229e-7,-2.0912803e-7,2.8385978e-7
52,120,3.59151e-8,-2.00054e-7,2.032523e-7
52,121,1.7480068e-7,-2.9214291e-8,1.7722515e-7
52,122,-3.1738085e-7,4.5175832e-7,5.521016e-7
52,123,-3.1218438e-8,8.2640224e-7,8.269917e-7
52,124,-4.559138e-8,-3.7982392e-8,5.9340003e-8
52,125,5.609024e-8,-2.4642435e-7,2.5272726e-7
52,126,7.587675e-8,7.834729e-8,1.0906685e-7
52,127,-1.6249256e-8,1.6363426e-8,2.306079e-8
52,128,-3.254437e-7,-5.7277975e-7,6.5877936e-7
53,1,-1.8881656e-7,-3.8218036e-7,4.262787e-7
53,2,7.677144e-7,-4.510132e-7,8.9039224e-7
53,3,1.5492316e-7,-2.245787e-7,2.7283104e-7
53,4,-8.077799e-9,-2.7985718e-7,2.7997373e-7
53,5,2.528787e-7,2.2547191e-7,3.3879968e-7
53,6,1.9474258e-7,1.6915979e-7,2.579529e-7
53,7,1.1351813e-7,-1.19108755e-7,1.6453954e-7
53,8,4.4478874e-8,4.7325705e-7,4.753426e-7
53,9,-2.576356e-7,-2.3726567e-7,3.5024433e-7
53,10,5.579407e-8,-3.8453557e-8,6.7761746e-8
53,11,-3.6129336e-7,-8.255664e-8,3.7060556e-7
53,12,-4.663488e-7,-4.8955286e-7,6.7612365e-7
53,13,-1.2902997e-7,3.2505817e-8,1.3306149e-7
53,14,-2.7517584e-7,-3.905611e-7,4.7776535e-7
53,15,2.1138834e-7,-3.6867007e-7,4.249737e-7
53,16,-2.6034738e-7,1.3329135e-7,2.9248477e-7
53,17,3.3815843e-7,-4.326269e-7,5.491058e-7
53,18,9.3115693e-7,1.2803004e-7,9.399175e-7
53,19,4.1937759e-7,-5.0387524e-7,6.555668e-7
53,20,-4.54661e-7,-1.3646824e-7,4.7470013e-7
53,21,-1.6008376e-7,6.808821e-8,1.739621e-7
53,22,2.5188635e-6,2.4901115e-7,2.531142e-6
53,23,2.6120238e-6,-6.2426113e-7,2.6855855e-6
53,24,3.4641907e-6,-3.904371e-7,3.4861237e-6
53,25,3.2874475e-6,-1.4208883e-6,3.5813732e-6
53,26,-2.457674e-7,5.686322e-7,6.194709e-7
53,27,2.090268e-6,-3.442365e-7,2.1184237e-6
53,28,3.838472e-6,-1.7235591e-6,4.2076745e-6
53,29,4.446979e-6,-2.1208523e-6,4.9268283e-6
53,30,3.6391916e-6,-3.4865723e-6,5.0398316e-6
53,31,4.0958507e-6,-2.2157399e-6,4.656769e-6
53,32,3.928582e-6,-3.821872e-6,5.480918e-6
53,33,4.3023906e-6,-4.7243e-6,6.389803e-6
53,34,4.7759154e-6,-4.903241e-6,6.8447894e-6
53,35,4.6322557e-6,-3.1030174e-6,5.5755277e-6
53,36,4.1398307e-6,-4.141698e-6,5.8559253e-6
53,37,3.966181e-6,-5.352196e-6,6.6615758e-6
53,38,3.0834358e-6,-4.3339505e-6,5.3189005e-6
53,39,2.8438221e-6,-4.2467454e-6,5.1109855e-6
53,40,3.3233732e-6,-4.7863005e-6,5.8269616e-6
53,41,3.0300187e-6,-5.4800585e-6,6.261953e-6
53,42,3.2386665e-6,-5.0911135e-6,6.033937e-6
53,43,2.79345e-6,-4.0789855e-6,4.943833e-6
53,44,1.1013249e-6,-4.5723395e-6,4.703106e-6
53,45,1.6746792e-6,-5.0825524e-6,5.3513445e-6
53,46,1.7185517e-6,-5.334455e-6,5.6044473e-6
53,47,6.9463294e-7,-4.640679e-6,4.6923788e-6
53,48,8.501829e-7,-4.8505485e-6,4.924493e-6
53,49,1.7153515e-6,-4.775876e-6,5.0745857e-6
53,50,1.5562613e-6,-4.9054042e-6,5.146352e-6
53,51,1.509767e-6,-5.0909025e-6,5.3100553e-6
53,52,-4.5310344e-7,-4.9321648e-6,4.9529335e-6
53,53,1.0585383e-6,-5.2168953e-6,5.323204e-6
53,54,1.2784518e-6,-4.9584132e-6,5.120576e-6
53,55,1.4553685e-6,-4.7923536e-6,5.0084677e-6
53,56,9.57832e-7,-5.2986125e-6,5.38449e-6
53,57,2.4966647e-7,-5.1496286e-6,5.155677e-6
53,58,2.2366072e-7,-4.437965e-6,4.4435974e-6
53,59,-3.5647382e-8,-3.98099e-6,3.98115e-6
53,60,-2.272078e-7,-4.3911e-6,4.3969744e-6
53,61,3.7781558e-7,-4.5844045e-6,4.599947e-6
53,62,-1.0353732e-7,-4.4391486e-6,4.440356e-6
53,63,-5.8189393e-8,-5.0051403e-6,5.0054787e-6
53,64,3.678451e-7,-4.155904e-6,4.172152e-6
53,65,4.1649398e-7,-4.977171e-6,4.994567e-6
53,66,2.413698e-7,-5.6721833e-6,5.6773165e-6
53,67,1.4156079e-7,-4.905424e-6,4.907466e-6
53,68,-2.5570745e-7,-4.997938e-6,5.004475e-6
53,69,7.7546765e-8,-4.933914e-6,4.9345235e-6
53,70,-6.027733e-7,-4.806733e-6,4.8443803e-6
53,71,3.4654755e-7,-4.417669e-6,4.431241e-6
53,72,4.4576043e-7,-4.0437553e-6,4.0682503e-6
53,73,2.2636245e-7,-5.346974e-6,5.3517633e-6
53,74,-2.6968678e-8,-5.752974e-6,5.7530374e-6
53,75,-4.2339002e-7,-4.8892157e-6,4.9075134e-6
53,76,-9.5588554e-8,-5.554645e-6,5.555468e-6
53,77,-4.783007e-7,-5.2326886e-6,5.254503e-6
53,78,-3.4557817e-7,-6.327106e-6,6.3365364e-6
53,79,1.971498e-7,-6.0488665e-6,6.0520783e-6
53,80,1.2452266e-7,-4.5418656e-6,4.5435722e-6
53,81,4.859717e-7,-4.8063703e-6,4.830876e-6
53,82,6.562773e-7,-4.146229e-6,4.1978465e-6
53,83,1.2091452e-6,-4.210573e-6,4.3807486e-6
53,84,5.44791e-7,-4.6907994e-6,4.72233e-6
53,85,5.3127184e-7,-5.7710204e-6,5.795423e-6
53,86,1.3973877e-6,-5.7972543e-6,5.9632916e-6
53,87,1.9579493e-6,-5.658555e-6,5.9877216e-6
53,88,2.106935e-6,-6.549262e-6,6.879826e-6
53,89,1.145354e-6,-6.1639626e-6,6.269471e-6
53,90,9.436095e-7,-5.920963e-6,5.995682e-6
53,91,1.537184e-6,-6.795493e-6,6.9671846e-6
53,92,2.249063e-6,-6.0417765e-6,6.446809e-6
53,93,2.8781187e-6,-5.0545973e-6,5.816573e-6
53,94,3.117934e-6,-5.8962078e-6,6.669841e-6
53,95,3.2352752e-6,-6.3877264e-6,7.1603113e-6
53,96,3.256407e-6,-6.624556e-6,7.381662e-6
53,97,3.7007862e-6,-6.4359974e-6,7.4241416e-6
53,98,2.80767e-6,-6.011679e-6,6.6350053e-6
53,99,3.3063666e-6,-7.1143904e-6,7.845165e-6
53,100,4.2384613e-6,-7.2028483e-6,8.357367e-6
53,101,4.9400487e-6,-6.3038183e-6,8.008883e-6
53,102,6.086306e-6,-6.555397e-6,8.945186e-6
53,103,4.892765e-6,-7.024775e-6,8.56076e-6
53,104,5.5624955e-6,-7.161978e-6,9.068367e-6
53,105,6.3039333e-6,-3.5909084e-6,7.254943e-6
53,106,1.8522758e-6,-1.589705e-6,2.4409194e-6
53,107,1.2221453e-6,-8.3293855e-7,1.4789948e-6
53,108,1.3254382e-6,-1.1531688e-6,1.7568678e-6
53,109,3.1071297e-6,-1.7108858e-6,3.5470248e-6
53,110,3.5793055e-6,-2.8508884e-6,4.5759143e-6
53,111,6.683317e-6,-3.1341217e-6,7.381697e-6
53,112,2.8857808e-6,-2.7104184e-7,2.8984814e-6
53,113,1.6931571e-7,-1.455151e-7,2.2325423e-7
53,114,3.8306706e-7,-1.7632131e-7,4.2169845e-7
53,115,9.208323e-8,-1.18194684e-7,1.4983092e-7
53,116,4.238505e-7,-6.483958e-7,7.7463955e-7
53,117,-6.803455e-9,-1.6782413e-7,1.6796197e-7
53,118,-7.6894725e-7,3.3137394e-7,8.373103e-7
53,119,-3.9403952e-7,2.4893072e-7,4.660833e-7
53,120,-1.2531964e-7,-1.1998796e-7,1.7349963e-7
53,121,1.2196286e-7,-1.727592e-7,2.1147264e-7
53,122,-2.1181596e-7,2.0327793e-7,2.9357778e-7
53,123,-2.516578e-7,6.3947084e-7,6.8720783e-7
53,124,9.457962e-8,3.944913e-8,1.0247701e-7
53,125,6.274226e-7,-2.8621736e-7,6.896227e-7
53,126,1.4227047e-7,1.8713276e-8,1.434959e-7
53,127,-5.6497868e-8,-2.806868e-7,2.863164e-7
53,128,1.767895e-7,1.3739047e-7,2.238988e-7
54,1,3.4140047e-7,-3.0723845e-7,4.5929266e-7
54,2,6.0446234e-7,-1.06171115e-7,6.1371577e-7
54,3,-1.8832968e-7,1.711588e-8,1.8910585e-7
54,4,-2.3849935e-8,-1.8128593e-7,1.8284804e-7
54,5,3.1972667e-7,2.985726e-7,4.374594e-7
54,6,-1.09844e-7,8.320139e-8,1.377976e-7
54,7,2.1124222e-7,-2.6516202e-7,3.3901944e-7
54,8,-3.800361e-7,-2.7359266e-7,4.6827384e-7
54,9,1.03993905e-7,-3.1870655e-7,3.352441e-7
54,10,-8.775229e-8,2.1176544e-7,2.2922711e-7
54,11,-7.728535e-7,-2.4639357e-7,8.1117963e-7
54,12,-2.4471976e-7,-3.7564405e-7,4.48326e-7
54,13,-1.3889635e-7,1.1599173e-7,1.8095933e-7
54,14,-8.9424994e-8,1.3805176e-7,1.644844e-7
54,15,-2.523677e-8,3.5130887e-7,3.5221416e-7
54,16,-5.599001e-9,3.478375e-7,3.4788255e-7
54,17,6.748404e-7,2.4242798e-8,6.752757e-7
54,18,1.1747355e-6,3.302179e-7,1.2202653e-6
54,19,1.4464248e-7,-5.822199e-7,5.999179e-7
54,20,-1.7456267e-7,1.9557328e-7,2.6214698e-7
54,21,1.3905471e-6,8.485144e-8,1.3931335e-6
54,22,3.2701155e-6,-1.1287793e-6,3.4594505e-6
54,23,3.1345799e-6,-1.3639468e-6,3.4184707e-6
54,24,4.6040113e-6,-1.1011442e-6,4.733861e-6
54,25,1.6596639e-6,-1.226553e-6,2.0637142e-6
54,26,1.0657958e-6,5.451995e-7,1.197148e-6
54,27,3.3279837e-6,-2.0482457e-6,3.9077854e-6
54,28,5.938054e-6,-1.6339421e-6,6.1587543e-6
54,29,3.7164064e-6,-2.9523417e-6,4.746367e-6
54,30,3.2921819e-6,-2.8271606e-6,4.3395044e-6
54,31,3.876268e-6,-2.7767549e-6,4.7682092e-6
54,32,3.8098228e-6,-4.6838745e-6,6.037668e-6
54,33,3.2497699e-6,-4.1604667e-6,5.2792507e-6
54,34,3.3933668e-6,-3.8612243e-6,5.140427e-6
54,35,4.8441e-6,-4.3131813e-6,6.4860496e-6
54,36,4.16299e-6,-5.290223e-6,6.731786e-6
54,37,3.4783875e-6,-5.6527106e-6,6.6371917e-6
54,38,2.7166607e-6,-4.3890946e-6,5.161821e-6
54,39,3.3513488e-6,-4.8973716e-6,5.934289e-6
54,40,3.1790307e-6,-5.218035e-6,6.1101655e-6
54,41,1.9669346e-6,-5.948197e-6,6.2649724e-6
54,42,1.6390511e-6,-4.998956e-6,5.260803e-6
54,43,2.7266256e-6,-4.627738e-6,5.371261e-6
54,44,2.1147448e-6,-5.0761296e-6,5.4990214e-6
54,45,1.7353162e-6,-5.5575897e-6,5.82221e-6
54,46,1.3127795e-6,-6.05389e-6,6.1945925e-6
54,47,1.7005553e-6,-4.774562e-6,5.0683657e-6
54,48,1.0561913e-6,-4.3185696e-6,4.44585e-6
54,49,2.8583293e-7,-4.1256094e-6,4.1354992e-6
54,50,7.8458015e-7,-4.513783e-6,4.581463e-6
54,51,9.508806e-7,-5.078326e-6,5.166582e-6
54,52,3.2461475e-7,-4.3514206e-6,4.363512e-6
54,53,9.364993e-7,-4.348777e-6,4.448471e-6
54,54,6.808735e-7,-5.425035e-6,5.4675947e-6
54,55,5.9894137e-7,-5.694104e-6,5.7255174e-6
54,56,-2.3535124e-8,-4.1037465e-6,4.103814e-6
54,57,4.247231e-7,-5.131416e-6,5.148963e-6
54,58,3.833991e-7,-4.1193225e-6,4.1371263e-6
54,59,3.0679415e-9,-4.412519e-6,4.41252e-6
54,60,1.5643647e-6,-4.9530177e-6,5.194191e-6
54,61,3.0624813e-7,-5.3035046e-6,5.3123395e-6
54,62,5.3481974e-9,-5.0874946e-6,5.0874974e-6
54,63,-3.1150904e-7,-4.7298945e-6,4.7401413e-6
54,64,4.189194e-7,-4.3952127e-6,4.4151316e-6
54,65,-2.0258469e-8,-3.9258853e-6,3.9259376e-6
54,66,3.9582392e-7,-4.50253e-6,4.5198954e-6
54,67,2.2684587e-7,-4.3785553e-6,4.3844275e-6
54,68,-4.5765145e-7,-4.523151e-6,4.5462443e-6
54,69,-1.2924988e-7,-4.6599375e-6,4.6617297e-6
54,70,-2.3654566e-7,-4.428606e-6,4.434919e-6
54,71,-1.13261386e-7,-4.961857e-6,4.9631494e-6
54,72,-2.3020363e-7,-5.28463e-6,5.2896416e-6
54,73,1.1556367e-6,-4.5666616e-6,4.710615e-6
54,74,7.237094e-8,-5.6909585e-6,5.6914187e-6
54,75,-7.400853e-7,-5.523779e-6,5.573137e-6
54,76,-1.1064899e-7,-5.5217974e-6,5.522906e-6
54,77,5.044766e-7,-4.4599997e-6,4.48844e-6
54,78,2.7417335e-7,-4.0763794e-6,4.0855894e-6
54,79,8.5907635e-7,-4.621297e-6,4.7004683e-6
54,80,-1.4771148e-7,-3.2382695e-6,3.2416367e-6
54,81,4.421212e-7,-3.5311486e-6,3.558719e-6
54,82,1.1121651e-6,-3.49975e-6,3.6722147e-6
54,83,8.2760573e-7,-3.324335e-6,3.4258042e-6
54,84,1.4802101e-6,-5.3219833e-6,5.5239957e-6
54,85,3.7549242e-7,-5.5489427e-6,5.561633e-6
54,86,3.92868e-7,-5.793662e-6,5.806967e-6
54,87,2.075804e-6,-6.370064e-6,6.6997522e-6
54,88,2.6361747e-6,-6.8774702e-6,7.365393e-6
54,89,2.564393e-6,-6.129528e-6,6.644338e-6
54,90,9.88392e-7,-6.483881e-6,6.558783e-6
54,91,1.2636938e-6,-6.7910987e-6,6.9076727e-6
54,92,1.6589177e-6,-7.0073233e-6,7.201013e-6
54,93,2.7414947e-6,-6.3097727e-6,6.8796094e-6
54,94,3.0056206e-6,-6.2244694e-6,6.912147e-6
54,95,3.853567e-6,-6.8640493e-6,7.871795e-6
54,96,3.5827773e-6,-7.285728e-6,8.118997e-6
54,97,3.6702133e-6,-7.00911e-6,7.911895e-6
54,98,3.45707e-6,-6.6661364e-6,7.5092416e-6
54,99,3.600255e-6,-7.180419e-6,8.03245e-6
54,100,4.264219e-6,-7.2009716e-6,8.368845e-6
54,101,4.777809e-6,-6.4366845e-6,8.016132e-6
54,102,5.099533e-6,-6.597008e-6,8.33821e-6
54,103,5.245578e-6,-7.132501e-6,8.853737e-6
54,104,5.3603485e-6,-7.3642136e-6,9.108511e-6
54,105,8.761592e-6,-5.54191e-6,1.0367172e-5
54,106,4.318879e-6,-3.6566823e-6,5.658979e-6
54,107,7.857032e-7,-1.0403826e-6,1.3037352e-6
54,108,9.043013e-7,-1.5043163e-6,1.7552004e-6
54,109,2.1579224e-6,-1.7647235e-6,2.7876295e-6
54,110,3.75031e-6,-2.5872375e-6,4.5561633e-6
54,111,5.3962654e-6,-2.348533e-6,5.885175e-6
54,112,4.102576e-6,-1.2753919e-6,4.296249e-6
54,113,-1.5858367e-7,-2.0497286e-7,2.591576e-7
54,114,3.065894e-7,-3.358544e-7,4.5474744e-7
54,115,1.6966757e-8,-2.5658997e-7,2.571503e-7
54,116,5.152796e-7,-6.647501e-7,8.4107415e-7
54,117,3.458728e-7,-4.819221e-7,5.931921e-7
54,118,-3.5896e-7,1.3232737e-7,3.8257392e-7
54,119,-5.475473e-7,2.881894e-7,6.187578e-7
54,120,8.240097e-8,-9.236929e-8,1.2378209e-7
54,121,-2.503709e-7,-2.8358707e-7,3.7829514e-7
54,122,2.8462122e-8,4.8199337e-7,4.82833e-7
54,123,-1.0508808e-6,3.5105475e-7,1.1079666e-6
54,124,2.5910262e-7,1.6111196e-7,3.0510856e-7
54,125,4.012317e-7,2.6618473e-8,4.0211367e-7
54,126,2.9341646e-7,-4.326482e-7,5.2275965e-7
54,127,2.0158244e-7,-3.3345433e-8,2.043218e-7
54,128,-5.778556e-9,-3.0019163e-7,3.0024725e-7
55,1,5.541149e-7,-1.342779e-7,5.7015245e-7
55,2,-4.067852e-9,4.2256655e-8,4.2452e-8
55,3,2.2761186e-7,-2.1616738e-7,3.1390366e-7
55,4,1.8992684e-7,2.8134193e-7,3.394488e-7
55,5,2.818733e-7,7.601338e-8,2.919428e-7
55,6,2.3591635e-7,-2.8269649e-9,2.3593329e-7
55,7,-1.7260176e-7,-3.4237823e-7,3.8342432e-7
55,8,-1.491744e-10,-4.7174098e-8,4.7174332e-8
55,9,-1.3754618e-7,-2.157316e-7,2.5584973e-7
55,10,-6.32568e-8,-4.793918e-7,4.8354724e-7
55,11,-4.7550233e-7,-5.2802307e-7,7.1057076e-7
55,12,-5.019926e-7,1.7342845e-9,5.019956e-7
55,13,-1.1936112e-7,-8.022116e-8,1.4381416e-7
55,14,1.01363845e-7,5.139496e-7,5.2385e-7
55,15,-2.2441952e-7,5.827439e-7,6.2446344e-7
55,16,2.9065416e-7,2.162093e-7,3.622517e-7
55,17,1.1498386e-6,3.4492956e-7,1.2004604e-6
55,18,1.1723197e-6,1.2760688e-7,1.1792442e-6
55,19,-2.784186e-7,2.1338314e-8,2.792351e-7
55,20,-5.3925206e-8,-5.4343e-7,5.46099e-7
55,21,2.3286761e-6,-6.969768e-7,2.4307426e-6
55,22,2.5222068e-6,-1.5667272e-6,2.9692021e-6
55,23,4.1842504e-6,-1.5489517e-6,4.461749e-6
55,24,3.753067e-6,-1.4754015e-6,4.0326568e-6
55,25,4.0547044e-7,6.090682e-7,7.316901e-7
55,26,2.3239775e-6,-4.272017e-7,2.3629161e-6
55,27,5.227826e-6,-2.0020675e-6,5.5980745e-6
55,28,4.9975747e-6,-2.9537512e-6,5.8052046e-6
55,29,4.1264875e-6,-3.19309e-6,5.2176356e-6
55,30,4.925143e-6,-3.0381766e-6,5.786843e-6
55,31,3.5372584e-6,-4.2075194e-6,5.496855e-6
55,32,3.8657304e-6,-4.632938e-6,6.033903e-6
55,33,3.2080106e-6,-4.1391913e-6,5.2368155e-6
55,34,4.5746265e-6,-3.5286312e-6,5.777408e-6
55,35,3.3653882e-6,-4.9229666e-6,5.963341e-6
55,36,3.269277e-6,-4.5595025e-6,5.6104577e-6
55,37,4.003568e-6,-4.1067697e-6,5.735339e-6
55,38,3.5606001e-6,-4.509454e-6,5.745698e-6
55,39,2.9281255e-6,-4.732749e-6,5.565324e-6
55,40,2.9331509e-6,-4.671668e-6,5.5161454e-6
55,41,2.3453676e-6,-5.1118122e-6,5.6241774e-6
55,42,2.4449562e-6,-5.1842358e-6,5.7318507e-6
55,43,2.3000025e-6,-5.2070295e-6,5.692378e-6
55,44,1.9969584e-6,-4.5768375e-6,4.9935243e-6
55,45,1.3007718e-6,-4.9587247e-6,5.1264956e-6
55,46,2.1908772e-6,-5.0898575e-6,5.541353e-6
55,47,1.5204873e-6,-4.1678236e-6,4.4365115e-6
55,48,1.168437e-6,-3.8501144e-6,4.023509e-6
55,49,1.6811344e-6,-5.3173176e-6,5.5767446e-6
55,50,4.8032973e-7,-5.493409e-6,5.5143682e-6
55,51,2.6933108e-7,-4.8441316e-6,4.851613e-6
55,52,4.815023e-7,-4.7286126e-6,4.7530643e-6
55,53,-4.968601e-8,-5.6606896e-6,5.660908e-6
55,54,-2.3487186e-7,-5.3318763e-6,5.337047e-6
55,55,-2.1674718e-7,-5.122166e-6,5.12675e-6
55,56,1.0011873e-6,-4.4487742e-6,4.5600405e-6
55,57,9.4730643e-7,-4.422212e-6,4.522538e-6
55,58,4.5327218e-7,-4.176617e-6,4.201141e-6
55,59,1.0670624e-6,-4.6608407e-6,4.7814283e-6
55,60,2.3448787e-7,-5.7236493e-6,5.7284506e-6
55,61,-2.6203126e-9,-5.2863097e-6,5.28631e-6
55,62,-6.279141e-7,-5.045116e-6,5.084041e-6
55,63,-6.0707043e-7,-4.0131918e-6,4.0588475e-6
55,64,-7.948427e-8,-3.8063984e-6,3.807228e-6
55,65,-2.6819563e-7,-3.5395553e-6,3.5497014e-6
55,66,3.5055643e-7,-4.9750247e-6,4.98736e-6
55,67,7.192828e-7,-4.2326524e-6,4.293334e-6
55,68,1.3665681e-7,-4.734492e-6,4.736464e-6
55,69,2.934621e-7,-5.121308e-6,5.129709e-6
55,70,-4.195407e-7,-4.558407e-6,4.577673e-6
55,71,-1.1145828e-6,-5.333428e-6,5.4486463e-6
55,72,-1.9085051e-7,-4.3539785e-6,4.3581595e-6
55,73,-3.1787712e-7,-5.0472704e-6,5.0572703e-6
55,74,-7.9572334e-7,-5.6156964e-6,5.6717918e-6
55,75,-8.731915e-7,-5.3793924e-6,5.4498005e-6
55,76,-2.1818839e-7,-3.5887156e-6,3.5953422e-6
55,77,-4.876636e-7,-4.051752e-6,4.0809937e-6
55,78,-3.0498612e-7,-3.731503e-6,3.743946e-6
55,79,9.3326236e-8,-3.4188681e-6,3.4201416e-6
55,80,2.0069594e-7,-2.7127096e-6,2.7201236e-6
55,81,6.2059104e-7,-2.5141649e-6,2.5896252e-6
55,82,6.6619606e-7,-3.3216907e-6,3.387838e-6
55,83,5.424951e-7,-5.4442107e-6,5.4711727e-6
55,84,1.0966837e-6,-6.1671462e-6,6.2638974e-6
55,85,-5.8325907e-7,-5.78559e-6,5.8149158e-6
55,86,1.5625968e-6,-5.411203e-6,5.632302e-6
55,87,1.2221961e-6,-5.642706e-6,5.7735515e-6
55,88,1.5284463e-6,-6.741334e-6,6.912433e-6
55,89,1.9777476e-6,-6.869724e-6,7.148748e-6
55,90,1.8223999e-6,-6.1715205e-6,6.4349674e-6
55,91,1.781655e-6,-5.3524113e-6,5.6411527e-6
55,92,8.221277e-7,-6.7328306e-6,6.7828387e-6
55,93,1.9054177e-6,-6.490379e-6,6.764291e-6
55,94,3.234789e-6,-7.3237534e-6,8.006324e-6
55,95,3.0566991e-6,-7.6265396e-6,8.216296e-6
55,96,3.331542e-6,-7.5226467e-6,8.227356e-6
55,97,3.6481524e-6,-7.4838476e-6,8.325683e-6
55,98,3.2981814e-6,-6.4532837e-6,7.2472662e-6
55,99,3.5605756e-6,-7.367522e-6,8.182791e-6
55,100,4.270041e-6,-8.033291e-6,9.097638e-6
55,101,4.9052624e-6,-7.16954e-6,8.686996e-6
55,102,5.682057e-6,-7.3479905e-6,9.288635e-6
55,103,5.773373e-6,-7.826063e-6,9.725179e-6
55,104,6.116512e-6,-8.86611e-6,1.077124e-5
55,105,7.4602062e-6,-5.676621e-6,9.374364e-6
55,106,7.320447e-6,-5.1539305e-6,8.952762e-6
55,107,1.942537e-6,-1.913069e-6,2.7264048e-6
55,108,1.3863424e-6,-9.077994e-7,1.6571195e-6
55,109,7.7198166e-7,-2.0362484e-6,2.1776739e-6
55,110,3.5476503e-6,-2.4767592e-6,4.32668e-6
55,111,5.7068687e-6,-3.364604e-6,6.624871e-6
55,112,5.3858907e-6,-1.3745625e-6,5.5585288e-6
55,113,2.1463983e-7,-4.5521216e-7,5.0327765e-7
55,114,4.1425804e-7,-2.3820402e-7,4.7786074e-7
55,115,2.5635362e-8,-4.3428483e-7,4.350408e-7
55,116,5.189736e-7,-5.59987e-7,7.634913e-7
55,117,3.6561502e-7,-5.102753e-7,6.277382e-7
55,118,-5.620953e-8,-1.7296757e-7,1.8187164e-7
55,119,-6.532798e-7,1.0679179e-7,6.619509e-7
55,120,-1.6813001e-7,-9.960132e-8,1.9541783e-7
55,121,-5.5956797e-8,1.3742187e-9,5.597367e-8
55,122,-4.792751e-7,4.1270727e-7,6.3248075e-7
55,123,-5.122713e-7,3.847622e-7,6.406745e-7
55,124,-2.5495495e-7,4.139785e-7,4.861895e-7
55,125,2.8621213e-7,9.050004e-9,2.8635517e-7
55,126,4.7487654e-7,-3.0761973e-7,5.6580706e-7
55,127,3.3830827e-9,-1.1825636e-9,3.5838115e-9
55,128,-1.4294329e-7,-4.841588e-7,5.048193e-7
56,1,-4.703056e-7,4.8402157e-8,4.727897e-7
56,2,4.6781096e-7,-2.4045224e-7,5.259889e-7
56,3,-1.3072188e-8,1.5645793e-7,1.5700307e-7
56,4,1.4019507e-7,3.1257926e-7,3.425791e-7
56,5,4.1069663e-7,5.5356844e-9,4.1073395e-7
56,6,4.3572825e-8,1.8262719e-7,1.8775324e-7
56,7,4.661358e-8,3.1793301e-9,4.6721876e-8
56,8,3.1945774e-7,-1.6113755e-7,3.577968e-7
56,9,-1.3143682e-7,-3.948835e-7,4.1618338e-7
56,10,-3.5627266e-7,-3.9121574e-7,5.2913134e-7
56,11,-3.2871046e-7,-4.859091e-7,5.8665e-7
56,12,-7.634634e-8,-8.25048e-8,1.124091e-7
56,13,-2.2826664e-7,4.0495678e-8,2.3183088e-7
56,14,-3.4546358e-7,3.058668e-7,4.6141042e-7
56,15,-6.101359e-7,8.4329014e-7,1.040867e-6
56,16,4.4785327e-7,3.0918793e-7,5.442148e-7
56,17,1.1378773e-6,-1.0584883e-7,1.14279e-6
56,18,3.5632993e-7,-4.2210314e-7,5.5239667e-7
56,19,-3.811711e-7,-2.2208415e-7,4.4114938e-7
56,20,1.1175637e-6,-4.708546e-7,1.2127047e-6
56,21,3.8535595e-6,-1.48165e-6,4.1285844e-6
56,22,3.1299644e-6,-1.5742091e-6,3.5035428e-6
56,23,4.7856515e-6,-1.8572117e-6,5.1333905e-6
56,24,1.2843635e-6,-6.55112e-7,1.441791e-6
56,25,6.734521e-7,-2.8244872e-7,7.302842e-7
56,26,4.372732e-6,-2.1351566e-6,4.866177e-6
56,27,5.66995e-6,-2.65639e-6,6.261369e-6
56,28,4.5747997e-6,-3.1812751e-6,5.5721903e-6
56,29,4.0050168e-6,-2.8045558e-6,4.889345e-6
56,30,4.0490804e-6,-3.1280479e-6,5.1166135e-6
56,31,3.162809e-6,-4.4040844e-6,5.422114e-6
56,32,3.7466705e-6,-4.980581e-6,6.2324734e-6
56,33,3.403902e-6,-4.1328635e-6,5.3541676e-6
56,34,3.4953368e-6,-4.7239796e-6,5.8765095e-6
56,35,3.6482531e-6,-5.781134e-6,6.836027e-6
56,36,3.2902944e-6,-4.002088e-6,5.180999e-6
56,37,3.9227225e-6,-4.5267097e-6,5.9898957e-6
56,38,3.2922587e-6,-5.129439e-6,6.0950892e-6
56,39,2.0338618e-6,-4.1734784e-6,4.642684e-6
56,40,2.05062e-6,-4.2730844e-6,4.739651e-6
56,41,2.3909852e-6,-4.973846e-6,5.5186915e-6
56,42,9.831626e-7,-4.3504124e-6,4.460123e-6
56,43,1.5994661e-6,-5.011005e-6,5.260082e-6
56,44,2.3855278e-6,-4.8534466e-6,5.4080206e-6
56,45,1.7238923e-6,-5.0397825e-6,5.3264635e-6
56,46,2.1148276e-6,-4.9723117e-6,5.4033676e-6
56,47,1.7013001e-6,-4.0205405e-6,4.3656805e-6
56,48,1.4401106e-6,-5.294809e-6,5.48716e-6
56,49,5.885958e-7,-5.260875e-6,5.293699e-6
56,50,7.8891884e-7,-5.0106632e-6,5.0723897e-6
56,51,1.7807796e-6,-5.0976964e-6,5.3997856e-6
56,52,1.915726e-7,-6.0450234e-6,6.0480584e-6
56,53,-1.1962672e-7,-4.9506575e-6,4.9521027e-6
56,54,-3.3628578e-7,-4.4498174e-6,4.4625062e-6
56,55,1.031065e-7,-4.139186e-6,4.14047e-6
56,56,2.2403162e-7,-4.028485e-6,4.0347095e-6
56,57,8.372701e-7,-5.3089407e-6,5.374558e-6
56,58,-4.681868e-7,-5.261135e-6,5.2819255e-6
56,59,2.5427155e-7,-4.2430697e-6,4.2506817e-6
56,60,6.8649524e-7,-4.2132315e-6,4.268793e-6
56,61,-6.364611e-8,-4.4882904e-6,4.4887415e-6
56,62,-7.74134e-8,-4.6407754e-6,4.641421e-6
56,63,-6.3547213e-7,-3.7387679e-6,3.7923885e-6
56,64,-7.7487664e-7,-3.754557e-6,3.833684e-6
56,65,-2.407366e-7,-3.7395978e-6,3.7473385e-6
56,66,-5.379305e-7,-4.104358e-6,4.1394596e-6
56,67,-4.0331747e-7,-4.1206144e-6,4.1403055e-6
56,68,1.3598422e-7,-4.401861e-6,4.403961e-6
56,69,-2.494896e-7,-4.712003e-6,4.718603e-6
56,70,-1.1008736e-6,-4.3382174e-6,4.475718e-6
56,71,-1.3749797e-6,-3.6007264e-6,3.854322e-6
56,72,-4.7431809e-7,-4.5346055e-6,4.5593447e-6
56,73,-1.0527444e-6,-5.2034684e-6,5.308894e-6
56,74,-6.846722e-7,-4.331006e-6,4.384791e-6
56,75,-4.699612e-7,-3.4534094e-6,3.4852403e-6
56,76,-2.2742799e-7,-3.154801e-6,3.1629882e-6
56,77,-1.0361225e-6,-3.4183104e-6,3.5718897e-6
56,78,-1.0754937e-6,-3.7375435e-6,3.8892053e-6
56,79,-5.7619576e-7,-2.8574223e-6,2.914938e-6
56,80,-9.554119e-7,-2.8355282e-6,2.9921619e-6
56,81,2.7367398e-7,-2.8307068e-6,2.8439053e-6
56,82,5.239515e-7,-4.3735918e-6,4.4048643e-6
56,83,-2.3831437e-7,-5.492848e-6,5.498015e-6
56,84,-2.816871e-7,-5.3599747e-6,5.3673716e-6
56,85,6.5639625e-8,-5.964634e-6,5.964995e-6
56,86,1.0405483e-6,-6.1350197e-6,6.222637e-6
56,87,1.5170162e-6,-5.5550177e-6,5.758434e-6
56,88,1.0940535e-6,-5.888433e-6,5.989207e-6
56,89,1.5897507e-6,-6.082637e-6,6.286953e-6
56,90,1.7463168e-6,-7.421915e-6,7.6245947e-6
56,91,2.1548217e-6,-6.727396e-6,7.0640717e-6
56,92,1.4500245e-6,-5.6071194e-6,5.7915768e-6
56,93,1.5076866e-6,-5.8288733e-6,6.0207044e-6
56,94,2.8141721e-6,-6.331601e-6,6.928834e-6
56,95,2.5456475e-6,-6.6639436e-6,7.1336153e-6
56,96,3.1705986e-6,-7.6505185e-6,8.281493e-6
56,97,2.7055394e-6,-7.313339e-6,7.797748e-6
56,98,3.3612537e-6,-6.6226617e-6,7.4268214e-6
56,99,4.170343e-6,-7.3553424e-6,8.455343e-6
56,100,3.6163487e-6,-7.820327e-6,8.616002e-6
56,101,3.4034952e-6,-6.6545995e-6,7.474455e-6
56,102,4.8767506e-6,-6.797847e-6,8.366207e-6
56,103,5.6619115e-6,-8.1940425e-6,9.959898e-6
56,104,7.0964143e-6,-9.117345e-6,1.1553574e-5
56,105,6.303964e-6,-6.7655274e-6,9.247287e-6
56,106,8.725177e-6,-5.553227e-6,1.0342487e-5
56,107,3.4651812e-6,-3.2843398e-6,4.7743447e-6
56,108,1.4326947e-6,-6.751576e-7,1.5838093e-6
56,109,8.378916e-7,-1.2152186e-6,1.4760822e-6
56,110,3.3513047e-6,-2.2949516e-6,4.061779e-6
56,111,5.871664e-6,-2.9061728e-6,6.5515096e-6
56,112,6.3990183e-6,-2.1892415e-6,6.7631513e-6
56,113,2.3484422e-6,-5.931766e-7,2.4221972e-6
56,114,2.0357701e-8,4.3072436e-8,4.7641063e-8
56,115,6.945289e-7,-4.5271742e-7,8.290497e-7
56,116,4.5811777e-7,-6.412959e-8,4.6258458e-7
56,117,1.0214559e-6,-4.831121e-7,1.1299422e-6
56,118,-3.8144958e-7,-1.9374824e-7,4.2783427e-7
56,119,-4.0980984e-7,-1.1610964e-7,4.2594078e-7
56,120,-9.887837e-8,8.862173e-8,1.3278081e-7
56,121,2.1082263e-8,-1.4107608e-9,2.1129413e-8
56,122,-4.109272e-7,-4.1953363e-8,4.1306328e-7
56,123,-7.305988e-7,-1.697308e-7,7.5005545e-7
56,124,-6.316161e-7,4.4878985e-7,7.748234e-7
56,125,4.7148112e-7,-1.07502466e-7,4.835817e-7
56,126,2.2977336e-7,-2.306334e-7,3.2555732e-7
56,127,-2.1648152e-7,-4.760172e-7,5.229308e-7
56,128,2.5543807e-7,-6.364511e-8,2.632476e-7
57,1,3.98251e-7,-7.99966e-8,4.06206e-7
57,2,3.8052335e-7,4.9580056e-9,3.8055563e-7
57,3,-1.6811438e-8,6.725936e-8,6.9328536e-8
57,4,2.238059e-7,2.5683795e-7,3.4066818e-7
57,5,4.9530886e-8,-6.263684e-8,7.985413e-8
57,6,1.2774744e-7,2.5077537e-7,2.8143862e-7
57,7,6.723328e-7,1.7296303e-7,6.9422447e-7
57,8,2.0658277e-7,9.215821e-8,2.2620694e-7
57,9,-6.03499e-7,-1.6528188e-7,6.257229e-7
57,10,-6.7722283e-7,-5.573246e-7,8.770641e-7
57,11,1.3771638e-7,2.0512131e-7,2.4706387e-7
57,12,4.9648574e-9,-3.9666382e-8,3.9975887e-8
57,13,-6.138803e-7,-2.7063825e-8,6.1447656e-7
57,14,-3.8777273e-7,3.3601854e-8,3.8922587e-7
57,15,1.9543836e-7,3.0074506e-7,3.586694e-7
57,16,1.3025294e-6,1.7467363e-7,1.3141894e-6
57,17,6.5815584e-7,-6.999833e-7,9.608048e-7
57,18,-1.4477648e-7,-5.326308e-7,5.519563e-7
57,19,9.2255e-7,-3.06762e-7,9.722147e-7
57,20,2.5998258e-6,-6.5074994e-7,2.6800317e-6
57,21,3.2978562e-6,-1.0920589e-6,3.4739671e-6
57,22,3.5739533e-6,-1.241451e-6,3.78343e-6
57,23,3.4960512e-6,-1.191321e-6,3.6934564e-6
57,24,4.3866353e-7,-6.0580317e-7,7.47946e-7
57,25,2.273219e-6,-4.2055237e-7,2.3117934e-6
57,26,5.9942286e-6,-3.192955e-6,6.791593e-6
57,27,4.025603e-6,-2.8054365e-6,4.9067253e-6
57,28,3.762694e-6,-3.6858735e-6,5.2672126e-6
57,29,5.1647226e-6,-3.52696e-6,6.254103e-6
57,30,3.3171682e-6,-3.0105657e-6,4.479633e-6
57,31,3.70758e-6,-4.5571664e-6,5.8748547e-6
57,32,4.9219097e-6,-4.2983743e-6,6.5346167e-6
57,33,4.6229484e-6,-3.9584625e-6,6.086138e-6
57,34,3.1916811e-6,-4.9422383e-6,5.883243e-6
57,35,3.634982e-6,-3.8633916e-6,5.30461e-6
57,36,3.5814446e-6,-4.4722883e-6,5.729582e-6
57,37,3.1540042e-6,-5.970849e-6,6.752687e-6
57,38,3.1129284e-6,-3.9028123e-6,4.9922205e-6
57,39,3.4606635e-6,-3.6790404e-6,5.050894e-6
57,40,2.8966017e-6,-4.608237e-6,5.4429906e-6
57,41,2.8367856e-6,-4.4629323e-6,5.2882056e-6
57,42,2.136678e-6,-3.4278612e-6,4.0392606e-6
57,43,2.1783499e-6,-4.2994498e-6,4.8198003e-6
57,44,1.6998653e-6,-4.3753016e-6,4.6939117e-6
57,45,1.6372655e-6,-4.351255e-6,4.6490923e-6
57,46,1.502452e-6,-4.379475e-6,4.6300283e-6
57,47,1.1997864e-6,-4.880968e-6,5.0262647e-6
57,48,1.1415037e-6,-6.128347e-6,6.2337526e-6
57,49,1.0278194e-6,-4.495602e-6,4.6115993e-6
57,50,5.6676885e-7,-4.2644824e-6,4.3019804e-6
57,51,-2.7033212e-7,-4.9926616e-6,4.999975e-6
57,52,1.6131617e-7,-4.29145e-6,4.2944807e-6
57,53,5.341108e-7,-4.439417e-6,4.471431e-6
57,54,7.8286064e-7,-4.055288e-6,4.1301614e-6
57,55,1.0530143e-6,-4.0668215e-6,4.2009374e-6
57,56,-4.871546e-7,-5.251198e-6,5.2737464e-6
57,57,6.0035006e-7,-4.5189636e-6,4.5586676e-6
57,58,3.010116e-7,-4.589978e-6,4.5998377e-6
57,59,-1.14513625e-8,-4.1474063e-6,4.1474223e-6
57,60,6.273292e-8,-4.921069e-6,4.9214686e-6
57,61,-6.0414555e-7,-4.6248533e-6,4.664146e-6
57,62,3.2683593e-7,-4.562285e-6,4.573977e-6
57,63,-3.3368582e-7,-3.7973414e-6,3.8119742e-6
57,64,-1.1131566e-6,-4.3564655e-6,4.496433e-6
57,65,-3.5912595e-7,-4.6167866e-6,4.630733e-6
57,66,-1.4549967e-6,-4.4544026e-6,4.686013e-6
57,67,-6.130154e-7,-3.5071737e-6,3.5603448e-6
57,68,-3.980346e-7,-4.4635954e-6,4.4813073e-6
57,69,-8.692955e-7,-5.1645984e-6,5.2372466e-6
57,70,-7.8729397e-7,-5.138644e-6,5.1986053e-6
57,71,-1.5550461e-7,-3.9592837e-6,3.9623365e-6
57,72,-7.551872e-7,-5.0574795e-6,5.113551e-6
57,73,-2.0973144e-7,-3.7688662e-6,3.7746972e-6
57,74,-4.5795537e-7,-3.2957005e-6,3.3273661e-6
57,75,-4.5155193e-8,-3.3474755e-6,3.34778e-6
57,76,-3.4075168e-7,-3.1386085e-6,3.1570517e-6
57,77,-6.751235e-7,-3.1495192e-6,3.2210655e-6
57,78,2.087937e-7,-2.906445e-6,2.9139348e-6
57,79,-1.9168898e-7,-3.8684034e-6,3.8731496e-6
57,80,-7.06365e-7,-3.4578738e-6,3.5292837e-6
57,81,-3.8013079e-7,-4.331609e-6,4.348257e-6
57,82,-1.5381355e-8,-5.1611705e-6,5.1611933e-6
57,83,-2.3946086e-7,-5.5980477e-6,5.6031668e-6
57,84,5.846033e-7,-5.4765333e-6,5.507647e-6
57,85,6.8249824e-7,-6.057109e-6,6.095439e-6
57,86,-4.940873e-7,-5.45636e-6,5.478685e-6
57,87,9.0069204e-7,-5.5075643e-6,5.580727e-6
57,88,1.3371287e-6,-6.1785568e-6,6.321588e-6
57,89,2.0192226e-6,-6.3927223e-6,6.7040405e-6
57,90,1.1301333e-6,-6.335196e-6,6.4352084e-6
57,91,1.0655809e-6,-6.246078e-6,6.3363204e-6
57,92,1.934368e-6,-6.5172194e-6,6.7982296e-6
57,93,1.3806509e-6,-6.564936e-6,6.7085452e-6
57,94,2.0589976e-6,-5.762522e-6,6.1193246e-6
57,95,2.8811403e-6,-6.5329796e-6,7.1400837e-6
57,96,3.7242226e-6,-6.4295104e-6,7.430238e-6
57,97,1.9185488e-6,-7.122386e-6,7.37626e-6
57,98,3.1180984e-6,-7.2870507e-6,7.926137e-6
57,99,3.846313e-6,-7.1010104e-6,8.075795e-6
57,100,3.649602e-6,-7.29134e-6,8.153725e-6
57,101,2.76528e-6,-6.5805025e-6,7.137912e-6
57,102,3.840884e-6,-7.024462e-6,8.0059635e-6
57,103,6.790007e-6,-7.850901e-6,1.0379828e-5
57,104,8.247999e-6,-9.487523e-6,1.2571499e-5
57,105,5.982905e-6,-7.87058e-6,9.886414e-6
57,106,8.440323e-6,-5.8005035e-6,1.0241332e-5
57,107,5.3537183e-6,-4.5924635e-6,7.053582e-6
57,108,9.0409014e-7,-1.2403694e-6,1.5348926e-6
57,109,1.5519918e-6,-1.5565588e-6,2.1980795e-6
57,110,3.3042454e-6,-1.9168058e-6,3.8199714e-6
57,111,5.4997395e-6,-3.3236977e-6,6.4260485e-6
57,112,7.252944e-6,-2.501808e-6,7.672304e-6
57,113,3.201057e-6,-1.3328574e-6,3.4674595e-6
57,114,-1.07518204e-7,-6.0922204e-8,1.2357863e-7
57,115,7.560986e-7,-6.9588384e-7,1.0275891e-6
57,116,5.703452e-7,1.765772e-7,5.970537e-7
57,117,4.5698272e-7,-2.0645018e-7,5.0145275e-7
57,118,7.9953836e-8,-5.073891e-7,5.1365e-7
57,119,-2.8450225e-7,-1.744769e-7,3.3374198e-7
57,120,6.459605e-8,2.6676142e-7,2.7447095e-7
57,121,-2.1946765e-7,-2.4486087e-7,3.2882045e-7
57,122,-3.7343392e-7,-1.2817813e-7,3.948196e-7
57,123,-7.8616597e-7,-3.7424925e-7,8.7070055e-7
57,124,-3.378212e-7,2.560408e-7,4.2388686e-7
57,125,1.8993399e-8,4.4322212e-7,4.436289e-7
57,126,9.397562e-8,-3.164569e-7,3.301157e-7
57,127,1.6970927e-7,-2.1978265e-7,2.7767905e-7
57,128,-4.295817e-8,1.4723999e-7,1.5337868e-7
58,1,1.7604272e-7,2.5037778e-8,1.7781431e-7
58,2,-1.3954752e-7,2.5902585e-7,2.9422424e-7
58,3,3.2628688e-7,-7.548467e-8,3.3490457e-7
58,4,1.0710003e-7,3.491034e-7,3.6516244e-7
58,5,-7.4863365e-8,-1.3037705e-7,1.5034193e-7
58,6,6.5804494e-7,4.9446163e-7,8.231133e-7
58,7,1.8268517e-7,-9.114644e-8,2.0416059e-7
58,8,8.724389e-8,-3.6396597e-7,3.7427625e-7
58,9,-6.206096e-7,-3.7299648e-7,7.240737e-7
58,10,-5.536037e-7,-6.101965e-7,8.239034e-7
58,11,1.0605391e-7,1.794846e-7,2.0847578e-7
58,12,-2.1710578e-7,-4.6963123e-8,2.2212711e-7
58,13,-3.8227577e-7,2.0660949e-7,4.3453682e-7
58,14,-1.3520585e-7,1.4071372e-7,1.9514347e-7
58,15,6.4592143e-7,1.366392e-7,6.602157e-7
58,16,1.3604702e-6,3.1969174e-7,1.3975271e-6
58,17,4.395264e-7,-4.4413466e-7,6.248512e-7
58,18,1.0353514e-7,-2.547373e-7,2.7497384e-7
58,19,2.0736352e-6,-1.6987839e-7,2.0805821e-6
58,20,3.107962e-6,-1.3259177e-6,3.378977e-6
58,21,2.9883251e-6,-1.210514e-6,3.2241946e-6
58,22,4.96107e-6,-1.1439982e-6,5.0912618e-6
58,23,2.9585558e-6,-4.814304e-7,2.9974701e-6
58,24,1.0004835e-7,8.035358e-8,1.2832135e-7
58,25,4.077524e-6,-1.1866356e-6,4.246682e-6
58,26,6.9021994e-6,-3.5130324e-6,7.7447885e-6
58,27,3.828176e-6,-3.1867564e-6,4.9809987e-6
58,28,4.262462e-6,-2.702576e-6,5.047029e-6
58,29,4.24832e-6,-3.4094367e-6,5.4472453e-6
58,30,4.1744593e-6,-3.611539e-6,5.5199025e-6
58,31,3.6533806e-6,-3.641139e-6,5.158012e-6
58,32,4.7261738e-6,-4.190252e-6,6.3162433e-6
58,33,3.4529373e-6,-3.7943425e-6,5.1302836e-6
58,34,2.3869354e-6,-4.34643e-6,4.958721e-6
58,35,3.7018826e-6,-5.417106e-6,6.5611716e-6
58,36,3.0249612e-6,-5.5287073e-6,6.302142e-6
58,37,2.025848e-6,-5.7296497e-6,6.077248e-6
58,38,3.9648103e-6,-3.7001064e-6,5.4231455e-6
58,39,3.1117434e-6,-4.6189884e-6,5.569381e-6
58,40,1.5484418e-6,-5.340345e-6,5.560302e-6
58,41,1.367396e-6,-3.824835e-6,4.0619125e-6
58,42,1.8720248e-6,-4.1238154e-6,4.5288334e-6
58,43,1.496081e-6,-5.21426e-6,5.4246443e-6
58,44,2.0130135e-6,-5.027054e-6,5.4151174e-6
58,45,1.8923423e-6,-4.3189384e-6,4.7153144e-6
58,46,4.1136897e-7,-4.226746e-6,4.2467173e-6
58,47,1.3073793e-6,-4.2989286e-6,4.4933313e-6
58,48,1.2311215e-6,-4.503881e-6,4.6691116e-6
58,49,8.592158e-7,-3.832231e-6,3.9273714e-6
58,50,7.6456064e-7,-4.771429e-6,4.8322963e-6
58,51,2.1251783e-7,-4.8962147e-6,4.9008245e-6
58,52,1.3395489e-6,-4.353701e-6,4.5551187e-6
58,53,8.685493e-7,-4.250021e-6,4.337863e-6
58,54,2.3144737e-7,-4.087267e-6,4.093815e-6
58,55,9.86042e-8,-4.1350813e-6,4.136257e-6
58,56,-5.363932e-7,-4.4569615e-6,4.4891226e-6
58,57,-1.7371336e-7,-4.004646e-6,4.008412e-6
58,58,2.678024e-7,-4.1331714e-6,4.1418384e-6
58,59,-1.3950289e-7,-4.2113697e-6,4.21368e-6
58,60,-2.706495e-7,-4.7995754e-6,4.8072e-6
58,61,-2.3651614e-7,-4.2429956e-6,4.2495826e-6
58,62,-7.7868634e-8,-4.041966e-6,4.042716e-6
58,63,-2.9539007e-7,-4.078387e-6,4.0890704e-6
58,64,-1.1015093e-6,-4.266546e-6,4.4064427e-6
58,65,-6.7396e-7,-4.059499e-6,4.1150643e-6
58,66,-7.952815e-7,-4.5044553e-6,4.5741217e-6
58,67,-2.8721257e-7,-3.7888508e-6,3.7997213e-6
58,68,-7.223355e-7,-4.2916904e-6,4.352054e-6
58,69,-9.106648e-7,-5.188199e-6,5.2675155e-6
58,70,-5.144862e-7,-4.313333e-6,4.343908e-6
58,71,-4.505401e-7,-4.580371e-6,4.6024757e-6
58,72,-9.301739e-7,-3.920077e-6,4.0289237e-6
58,73,-4.0397845e-7,-3.7265452e-6,3.748378e-6
58,74,-4.975463e-7,-2.951762e-6,2.9934013e-6
58,75,-5.930611e-7,-3.011031e-6,3.0688807e-6
58,76,3.393769e-7,-2.3264427e-6,2.351066e-6
58,77,5.571364e-7,-3.119362e-6,3.1687252e-6
58,78,2.5343365e-7,-3.3615975e-6,3.3711372e-6
58,79,2.6065086e-7,-4.684206e-6,4.6914524e-6
58,80,-4.2850976e-7,-5.1705465e-6,5.1882726e-6
58,81,-7.8743454e-7,-5.378815e-6,5.4361476e-6
58,82,-8.213468e-8,-4.1391377e-6,4.1399526e-6
58,83,2.9741994e-7,-5.5327023e-6,5.540691e-6
58,84,3.230647e-7,-6.1869205e-6,6.1953497e-6
58,85,-1.5721166e-7,-6.1419737e-6,6.1439855e-6
58,86,2.0512462e-7,-5.9076465e-6,5.9112067e-6
58,87,7.363711e-7,-5.703947e-6,5.751283e-6
58,88,8.470182e-7,-7.0186516e-6,7.0695764e-6
58,89,1.1148519e-6,-7.057302e-6,7.1448167e-6
58,90,1.2114332e-6,-6.245824e-6,6.3622233e-6
58,91,1.2600918e-6,-6.8671666e-6,6.9818198e-6
58,92,2.2272677e-6,-6.2715026e-6,6.6552584e-6
58,93,6.8117737e-7,-6.5021104e-6,6.537694e-6
58,94,1.9636173e-6,-6.291702e-6,6.591002e-6
58,95,2.9403861e-6,-6.190827e-6,6.853628e-6
58,96,3.1773563e-6,-6.2826234e-6,7.04038e-6
58,97,1.7538201e-6,-6.75338e-6,6.977394e-6
58,98,2.8826958e-6,-6.6500393e-6,7.2479625e-6
58,99,3.3666893e-6,-6.3988e-6,7.2304383e-6
58,100,3.7706918e-6,-7.937538e-6,8.787641e-6
58,101,3.8771477e-6,-6.8604154e-6,7.880201e-6
58,102,4.4403796e-6,-7.891462e-6,9.054951e-6
58,103,6.535756e-6,-7.775835e-6,1.0157742e-5
58,104,8.854906e-6,-9.350415e-6,1.2877873e-5
58,105,7.01562e-6,-8.134226e-6,1.0741721e-5
58,106,8.390909e-6,-5.7954157e-6,1.0197755e-5
58,107,4.937985e-6,-4.2218007e-6,6.4967144e-6
58,108,9.063228e-7,-1.483643e-6,1.7385677e-6
58,109,1.2424401e-6,-9.972449e-7,1.5931588e-6
58,110,2.8124146e-6,-7.8912495e-7,2.9210262e-6
58,111,5.4750553e-6,-2.841749e-6,6.1686114e-6
58,112,7.281202e-6,-2.7327103e-6,7.777121e-6
58,113,3.3971944e-6,-1.9781007e-6,3.9311335e-6
58,114,-9.936721e-8,-3.8365494e-7,3.9631422e-7
58,115,1.1636807e-6,-3.8301025e-7,1.2250918e-6
58,116,5.510197e-8,1.9414847e-7,2.0181639e-7
58,117,7.9409824e-7,2.0593697e-7,8.20367e-7
58,118,2.1776887e-7,-4.1566702e-7,4.6925723e-7
58,119,-1.8957955e-7,-3.045228e-7,3.5871236e-7
58,120,-4.2818183e-7,-1.4530679e-7,4.521656e-7
58,121,-1.41749865e-8,-2.2140688e-7,2.2186018e-7
58,122,-6.76351e-7,-9.851001e-8,6.834873e-7
58,123,1.1835342e-7,-5.4868605e-7,5.613055e-7
58,124,-9.0192685e-7,1.7974007e-7,9.1966217e-7
58,125,-9.38783e-9,7.616588e-8,7.674225e-8
58,126,1.433195e-7,1.0512837e-7,1.7774266e-7
58,127,4.096255e-8,-1.8867404e-7,1.9306948e-7
58,128,1.6964104e-7,-9.53579e-8,1.9460528e-7
59,1,-2.1277465e-7,-3.59122e-7,4.1742265e-7
59,2,5.079992e-7,4.990507e-9,5.080237e-7
59,3,-7.749457e-8,3.9403315e-7,4.015813e-7
59,4,-2.4399017e-7,6.6762915e-8,2.5295947e-7
59,5,4.1579003e-7,6.831628e-8,4.21365e-7
59,6,1.7060081e-7,-1.15326515e-7,2.0592437e-7
59,7,1.6878991e-7,-6.928371e-8,1.824562e-7
59,8,-7.919209e-8,-1.2713943e-7,1.4978592e-7
59,9,-4.3628225e-7,-6.5307376e-7,7.853964e-7
59,10,-1.6998462e-7,-2.2952437e-7,2.856155e-7
59,11,1.3508871e-7,8.9308806e-8,1.6194141e-7
59,12,-4.0936283e-7,-1.6963563e-7,4.431187e-7
59,13,1.3483172e-7,9.0300624e-8,1.622769e-7
59,14,1.4624683e-7,-1.3259626e-7,1.9740796e-7
59,15,8.47838e-7,1.3569648e-7,8.586285e-7
59,16,8.8172436e-7,2.0337284e-7,9.0487475e-7
59,17,1.4881196e-7,-4.3359182e-7,4.584178e-7
59,18,6.072368e-7,-1.0196868e-7,6.157387e-7
59,19,1.8406696e-6,5.8955174e-9,1.840679e-6
59,20,2.8319027e-6,-1.7365852e-7,2.8372224e-6
59,21,3.9657484e-6,-1.3012125e-6,4.173765e-6
59,22,4.629089e-6,-1.5771102e-6,4.890372e-6
59,23,1.4315453e-6,-3.6015496e-7,1.476155e-6
59,24,1.3203468e-6,1.0308644e-8,1.320387e-6
59,25,5.1699203e-6,-1.9345596e-6,5.520018e-6
59,26,5.157072e-6,-3.0993442e-6,6.0167536e-6
59,27,4.4868666e-6,-2.022061e-6,4.921453e-6
59,28,4.5823003e-6,-2.9618125e-6,5.4561715e-6
59,29,3.8295557e-6,-2.2061486e-6,4.419569e-6
59,30,3.3469216e-6,-3.4508985e-6,4.807347e-6
59,31,3.3931804e-6,-3.9294164e-6,5.1917227e-6
59,32,3.6564102e-6,-4.7662356e-6,6.0071907e-6
59,33,2.4730941e-6,-3.6271513e-6,4.3900363e-6
59,34,3.3294477e-6,-5.779045e-6,6.6695266e-6
59,35,3.1337981e-6,-5.8663672e-6,6.6509365e-6
59,36,2.320302e-6,-4.3929604e-6,4.9680884e-6
59,37,3.4026375e-6,-4.9459213e-6,6.003339e-6
59,38,3.2445548e-6,-5.1924576e-6,6.122806e-6
59,39,2.2758275e-6,-4.777057e-6,5.2914706e-6
59,40,8.6504934e-7,-4.5738175e-6,4.6549026e-6
59,41,2.101969e-6,-4.8302904e-6,5.2678247e-6
59,42,1.5616066e-6,-5.3618287e-6,5.584606e-6
59,43,1.5726462e-6,-5.0343187e-6,5.2742375e-6
59,44,1.659345e-6,-4.664577e-6,4.9509295e-6
59,45,1.4129919e-6,-4.7535477e-6,4.959109e-6
59,46,7.286988e-7,-2.6855712e-6,2.7826775e-6
59,47,1.0719956e-6,-3.3923664e-6,3.5577134e-6
59,48,1.4432618e-6,-3.4929835e-6,3.7794098e-6
59,49,1.5498798e-6,-3.8661983e-6,4.165287e-6
59,50,6.574737e-7,-4.5618035e-6,4.6089394e-6
59,51,4.327946e-8,-4.952476e-6,4.952665e-6
59,52,-9.23765e-8,-4.7581957e-6,4.7590925e-6
59,53,-1.8886217e-8,-4.108907e-6,4.10895e-6
59,54,-4.0099815e-7,-3.7450839e-6,3.7664909e-6
59,55,-6.668894e-8,-4.172802e-6,4.173335e-6
59,56,-1.5608774e-7,-4.7329463e-6,4.7355193e-6
59,57,7.917687e-8,-3.97663e-6,3.977418e-6
59,58,-2.1348801e-7,-4.246252e-6,4.2516153e-6
59,59,4.5735504e-9,-3.833961e-6,3.8339635e-6
59,60,2.2717803e-7,-4.2500114e-6,4.2560787e-6
59,61,3.9191768e-8,-4.500808e-6,4.5009783e-6
59,62,-2.5399703e-7,-3.977413e-6,3.985515e-6
59,63,-9.550698e-7,-3.850902e-6,3.9675692e-6
59,64,-4.3456484e-7,-3.8158873e-6,3.8405524e-6
59,65,-7.5367915e-8,-4.459975e-6,4.4606118e-6
59,66,-6.6716063e-7,-3.913378e-6,3.9698402e-6
59,67,-7.95595e-7,-4.9084156e-6,4.972476e-6
59,68,-9.857462e-7,-4.9024193e-6,5.000541e-6
59,69,-1.2064802e-6,-4.7340477e-6,4.8853663e-6
59,70,-1.0386564e-6,-4.620619e-6,4.735919e-6
59,71,-4.053403e-7,-3.5742312e-6,3.5971418e-6
59,72,-6.430291e-7,-3.6107695e-6,3.66758e-6
59,73,-5.7673543e-7,-3.7744867e-6,3.8182948e-6
59,74,-1.5816386e-7,-3.4660936e-6,3.4697005e-6
59,75,3.9944425e-7,-3.3063563e-6,3.3303975e-6
59,76,1.9832075e-7,-2.7532692e-6,2.7604026e-6
59,77,5.652017e-7,-3.0902768e-6,3.1415384e-6
59,78,5.958549e-7,-4.3666837e-6,4.40715e-6
59,79,1.5989761e-7,-5.376857e-6,5.379234e-6
59,80,-5.3883053e-7,-5.8051437e-6,5.830097e-6
59,81,-7.352806e-7,-4.604367e-6,4.6627065e-6
59,82,-9.35453e-8,-5.237933e-6,5.238768e-6
59,83,-3.377013e-7,-5.544695e-6,5.5549694e-6
59,84,3.5568186e-7,-5.3752765e-6,5.3870313e-6
59,85,-8.0437144e-7,-5.8943006e-6,5.948932e-6
59,86,-2.4662518e-7,-5.9329195e-6,5.938043e-6
59,87,2.0758246e-7,-5.232439e-6,5.236555e-6
59,88,8.686825e-7,-6.475625e-6,6.5336308e-6
59,89,8.232312e-7,-5.85616e-6,5.91374e-6
59,90,7.2700146e-7,-6.1915603e-6,6.2340955e-6
59,91,5.635581e-7,-6.275687e-6,6.30094e-6
59,92,5.245539e-7,-5.485485e-6,5.5105083e-6
59,93,1.2586106e-6,-6.998859e-6,7.111127e-6
59,94,1.7473027e-6,-6.680821e-6,6.905537e-6
59,95,2.3326452e-6,-6.766622e-6,7.1574023e-6
59,96,3.6919894e-6,-6.5417585e-6,7.5116836e-6
59,97,2.5411684e-6,-6.261844e-6,6.757827e-6
59,98,2.2565248e-6,-5.75034e-6,6.1772416e-6
59,99,3.3187494e-6,-6.915257e-6,7.67039e-6
59,100,3.7428986e-6,-7.772991e-6,8.627206e-6
59,101,3.4491413e-6,-6.9507073e-6,7.7594395e-6
59,102,5.411229e-6,-8.701623e-6,1.0246933e-5
59,103,5.496318e-6,-8.105094e-6,9.79296e-6
59,104,8.809272e-6,-9.615352e-6,1.3040639e-5
59,105,8.70724e-6,-9.00363e-6,1.252523e-5
59,106,8.964814e-6,-6.1842175e-6,1.08909335e-5
59,107,5.957546e-6,-4.6811683e-6,7.5766543e-6
59,108,8.46485e-7,-1.4554357e-6,1.6836954e-6
59,109,1.6105821e-6,-9.731823e-7,1.88177e-6
59,110,2.260598e-6,-1.1208168e-6,2.523199e-6
59,111,5.666447e-6,-2.3530913e-6,6.135606e-6
59,112,6.8439e-6,-2.7370431e-6,7.370914e-6
59,113,4.2222327e-6,-1.228739e-6,4.397391e-6
59,114,1.0854298e-7,-2.9967495e-7,3.1872662e-7
59,115,8.631182e-7,-7.400093e-7,1.1369199e-6
59,116,2.980799e-8,-3.531561e-7,3.5441184e-7
59,117,8.5436795e-7,2.3492771e-7,8.860788e-7
59,118,2.4295062e-7,-8.069505e-9,2.430846e-7
59,119,-3.747591e-7,-3.0780362e-7,4.849613e-7
59,120,-5.0328e-7,2.9666924e-7,5.8421176e-7
59,121,-1.6174091e-7,-3.3486745e-7,3.7188215e-7
59,122,-3.74393e-7,1.3833466e-7,3.9913232e-7
59,123,-4.646932e-7,-2.9935464e-7,5.527684e-7
59,124,-7.2697753e-7,-3.290791e-7,7.979908e-7
59,125,1.7208937e-7,-3.3791068e-9,1.7212254e-7
59,126,3.9027725e-7,5.503037e-8,3.9413788e-7
59,127,-1.4047215e-7,-4.0630133e-7,4.2989905e-7
59,128,3.0991194e-7,3.047833e-7,4.346703e-7
60,1,3.5782887e-7,-1.8097387e-7,4.0099007e-7
60,2,4.1587325e-7,6.659648e-7,7.851495e-7
60,3,6.046103e-7,-1.5029376e-7,6.230103e-7
60,4,2.3737194e-8,1.03366766e-7,1.06057264e-7
60,5,1.9458838e-7,2.7263014e-9,1.9460748e-7
60,6,4.842904e-8,-1.8169997e-8,5.1725436e-8
60,7,1.7218419e-7,8.2770335e-8,1.9104534e-7
60,8,-3.0732738e-7,1.9173835e-7,3.6223435e-7
60,9,-6.3747984e-7,-1.1827303e-7,6.4835876e-7
60,10,5.5001696e-8,-7.484289e-8,9.287973e-8
60,11,-6.368921e-8,2.980533e-7,3.0478202e-7
60,12,-2.6362926e-7,-2.1993819e-7,3.4332666e-7
60,13,2.1671933e-7,1.0705104e-7,2.4171717e-7
60,14,5.7809126e-7,-1.9276754e-7,6.0938396e-7
60,15,1.7195066e-6,2.5289243e-8,1.7196926e-6
60,16,9.050433e-7,-3.2485474e-8,9.056261e-7
60,17,3.9401345e-7,-5.2160215e-7,6.5369363e-7
60,18,6.130272e-7,3.7973524e-7,7.211111e-7
60,19,2.4674337e-6,-4.2679585e-7,2.5040733e-6
60,20,2.2389606e-6,-9.448284e-7,2.4301535e-6
60,21,4.4672797e-6,-1.2664118e-6,4.6433165e-6
60,22,4.6139903e-6,-1.3059084e-6,4.7952376e-6
60,23,5.1622214e-7,-1.1334513e-7,5.285191e-7
60,24,1.8675075e-6,-2.0911067e-7,1.8791784e-6
60,25,4.9171795e-6,-2.5924915e-6,5.5587466e-6
60,26,3.5425985e-6,-2.331991e-6,4.241248e-6
60,27,4.2927295e-6,-1.9285555e-6,4.7060444e-6
60,28,3.8252247e-6,-3.401485e-6,5.118832e-6
60,29,4.3158043e-6,-3.302158e-6,5.4341895e-6
60,30,3.8748217e-6,-4.1730377e-6,5.6946014e-6
60,31,4.031862e-6,-3.9688766e-6,5.657552e-6
60,32,3.6195495e-6,-3.842174e-6,5.278583e-6
60,33,3.5157007e-6,-4.4214403e-6,5.64883e-6
60,34,3.3573774e-6,-4.930953e-6,5.9654235e-6
60,35,3.1350116e-6,-4.6306845e-6,5.592096e-6
60,36,2.6739265e-6,-3.8428025e-6,4.681561e-6
60,37,3.0212461e-6,-4.5095844e-6,5.428101e-6
60,38,1.9686065e-6,-4.325744e-6,4.7526282e-6
60,39,1.4607036e-6,-4.189799e-6,4.437124e-6
60,40,2.0007908e-6,-4.02698e-6,4.496636e-6
60,41,2.007234e-6,-4.4139997e-6,4.848957e-6
60,42,1.6521586e-6,-4.489769e-6,4.784104e-6
60,43,1.4134421e-6,-4.219766e-6,4.4501962e-6
60,44,9.962271e-7,-4.323359e-6,4.4366543e-6
60,45,1.1078802e-6,-4.4199373e-6,4.5566703e-6
60,46,1.2529428e-6,-3.5416563e-6,3.7567531e-6
60,47,7.9549943e-7,-2.9813052e-6,3.0856118e-6
60,48,4.78708e-7,-3.3007398e-6,3.3352728e-6
60,49,1.1919453e-6,-3.5048422e-6,3.7019795e-6
60,50,6.2582353e-7,-4.6773275e-6,4.719009e-6
60,51,7.375824e-7,-4.4131634e-6,4.474376e-6
60,52,1.5191394e-7,-4.30562e-6,4.308299e-6
60,53,2.037777e-7,-4.783931e-6,4.7882695e-6
60,54,1.9809013e-7,-3.2967685e-6,3.3027143e-6
60,55,-1.8234248e-7,-4.32436e-6,4.3282025e-6
60,56,-2.9479892e-7,-4.0534383e-6,4.0641444e-6
60,57,8.357076e-8,-3.7660918e-6,3.767019e-6
60,58,-1.8289053e-7,-3.7788088e-6,3.7832322e-6
60,59,-7.896433e-7,-4.008303e-6,4.0853433e-6
60,60,-2.0745159e-7,-3.6909987e-6,3.696824e-6
60,61,-2.7994494e-7,-3.4597963e-6,3.4711036e-6
60,62,-1.5859612e-7,-3.973948e-6,3.977111e-6
60,63,-4.03686e-7,-4.0327955e-6,4.05295e-6
60,64,-1.6712019e-7,-4.242883e-6,4.246173e-6
60,65,2.4139368e-7,-3.3479496e-6,3.3566407e-6
60,66,-4.8285443e-7,-4.4186804e-6,4.4449844e-6
60,67,-4.4732792e-7,-5.1718785e-6,5.1911875e-6
60,68,-1.545671e-6,-3.9398938e-6,4.232241e-6
60,69,-1.2069494e-6,-4.2772795e-6,4.444305e-6
60,70,-7.725824e-7,-3.8679755e-6,3.944378e-6
60,71,-3.6083202e-7,-4.1914655e-6,4.2069682e-6
60,72,-3.7672157e-7,-4.2147244e-6,4.231527e-6
60,73,-1.9202555e-7,-3.6654117e-6,3.6704382e-6
60,74,3.2979276e-8,-3.4678828e-6,3.4680397e-6
60,75,3.420917e-7,-3.0860938e-6,3.1049963e-6
60,76,4.900502e-7,-2.7773035e-6,2.8202064e-6
60,77,1.7012853e-7,-4.1135077e-6,4.117024e-6
60,78,-1.787062e-7,-4.921748e-6,4.924991e-6
60,79,1.0508992e-6,-5.7176753e-6,5.81345e-6
60,80,-7.575418e-8,-5.575884e-6,5.576399e-6
60,81,-3.3570652e-7,-4.702663e-6,4.71463e-6
60,82,-2.2391472e-7,-4.406347e-6,4.412033e-6
60,83,-2.6767003e-7,-5.372159e-6,5.3788235e-6
60,84,-3.7273625e-7,-4.9503064e-6,4.9643195e-6
60,85,-7.947016e-7,-5.8586306e-6,5.912284e-6
60,86,-3.283161e-7,-5.663795e-6,5.673303e-6
60,87,1.4427049e-7,-5.7658635e-6,5.767668e-6
60,88,1.2425702e-6,-5.9429417e-6,6.0714524e-6
60,89,2.33464e-7,-5.817449e-6,5.822132e-6
60,90,2.8230141e-7,-6.0899465e-6,6.0964862e-6
60,91,3.8557798e-7,-5.2840724e-6,5.2981213e-6
60,92,4.6318053e-8,-6.0460766e-6,6.046254e-6
60,93,1.3220116e-6,-7.2144603e-6,7.334586e-6
60,94,2.322634e-6,-5.96129e-6,6.3977814e-6
60,95,1.925263e-6,-6.7295355e-6,6.9995203e-6
60,96,3.510442e-6,-5.9378594e-6,6.8979257e-6
60,97,2.9622674e-6,-6.212844e-6,6.8829104e-6
60,98,2.0665295e-6,-5.9535546e-6,6.302012e-6
60,99,2.8153897e-6,-5.8608475e-6,6.5019963e-6
60,100,4.21475e-6,-8.385265e-6,9.384923e-6
60,101,2.978928e-6,-7.4846016e-6,8.0556365e-6
60,102,5.968212e-6,-7.781954e-6,9.807057e-6
60,103,5.635536e-6,-8.257285e-6,9.997101e-6
60,104,7.1683558e-6,-9.090551e-6,1.157685e-5
60,105,9.497686e-6,-8.4548465e-6,1.2715756e-5
60,106,8.80144e-6,-6.4085207e-6,1.0887355e-5
60,107,3.8271432e-6,-3.169157e-6,4.968962e-6
60,108,3.2743287e-7,-1.164708e-6,1.2098583e-6
60,109,1.8121376e-6,-1.0771436e-6,2.108099e-6
60,110,2.029721e-6,-1.8784551e-6,2.765567e-6
60,111,5.636564e-6,-1.9622062e-6,5.968342e-6
60,112,6.397739e-6,-2.5245386e-6,6.8778163e-6
60,113,5.055821e-6,-1.4618969e-6,5.2629334e-6
60,114,5.4841713e-8,-2.2689396e-7,2.3342768e-7
60,115,5.929974e-7,-4.2706375e-7,7.3077314e-7
60,116,1.07111866e-7,-2.3076507e-7,2.5441202e-7
60,117,4.0095478e-7,-2.4807017e-7,4.7149075e-7
60,118,5.2949974e-7,3.8159942e-7,6.526776e-7
60,119,-4.9338934e-7,-1.5360615e-7,5.1674743e-7
60,120,-5.6168824e-7,1.1957576e-7,5.7427525e-7
60,121,-4.3578158e-8,-4.3205026e-7,4.3424242e-7
60,122,-1.7351108e-7,3.57041e-7,3.9696897e-7
60,123,-6.6382603e-7,-1.3372883e-7,6.77162e-7
60,124,-3.982741e-7,-4.6020406e-7,6.086132e-7
60,125,-2.2343409e-7,1.0517793e-7,2.469518e-7
60,126,2.299285e-7,-3.2833208e-7,4.0083546e-7
60,127,1.4764778e-7,9.348719e-9,1.4794345e-7
60,128,-3.2436301e-7,-5.577242e-8,3.2912297e-7
61,1,3.9245873e-7,-2.3099659e-7,4.5539355e-7
61,2,1.6993985e-7,3.021143e-7,3.4663034e-7
61,3,4.7658702e-7,7.268996e-8,4.820985e-7
61,4,5.688511e-7,1.2935558e-7,5.833733e-7
61,5,6.140024e-8,9.66061e-9,6.2155586e-8
61,6,5.0833833e-8,-9.386405e-8,1.06745205e-7
61,7,1.2712472e-7,1.218903e-7,1.761191e-7
61,8,-6.852307e-7,2.7353357e-7,7.3780876e-7
61,9,-1.8822426e-7,-6.453732e-8,1.98981e-7
61,10,-1.104114e-7,5.573156e-8,1.2367977e-7
61,11,-3.2556687e-7,-1.14338015e-7,3.450608e-7
61,12,-1.2524848e-7,8.616635e-8,1.5202572e-7
61,13,-1.1969036e-7,-3.7043197e-8,1.2529158e-7
61,14,8.473265e-7,2.236891e-7,8.763555e-7
61,15,1.3917156e-6,-1.0686576e-7,1.3958125e-6
61,16,5.6379713e-7,-1.2643265e-7,5.7779965e-7
61,17,6.1109677e-7,-4.5980244e-8,6.128241e-7
61,18,9.0294486e-7,-3.288777e-8,9.035436e-7
61,19,2.3689338e-6,-4.7868474e-7,2.4168132e-6
61,20,3.3994072e-6,-9.090621e-7,3.5188582e-6
61,21,5.5905525e-6,-1.7657391e-6,5.8627734e-6
61,22,2.9644498e-6,-1.3448857e-6,3.2552543e-6
61,23,1.0340104e-7,9.872449e-7,9.926451e-7
61,24,2.99551e-6,-7.343381e-7,3.0842068e-6
61,25,4.6915497e-6,-2.596819e-6,5.3622857e-6
61,26,3.4164968e-6,-2.0962873e-6,4.00835e-6
61,27,4.685056e-6,-2.8639156e-6,5.491062e-6
61,28,2.2857598e-6,-3.1911106e-6,3.9252877e-6
61,29,3.9465417e-6,-3.2041482e-6,5.0834788e-6
61,30,3.5343048e-6,-4.0257623e-6,5.3570584e-6
61,31,3.3328533e-6,-4.527522e-6,5.6219537e-6
61,32,3.390938e-6,-4.6168807e-6,5.7283546e-6
61,33,2.8071759e-6,-4.434591e-6,5.2484124e-6
61,34,2.3696446e-6,-4.8447337e-6,5.393205e-6
61,35,2.7941776e-6,-4.349518e-6,5.169694e-6
61,36,2.966367e-6,-4.5220004e-6,5.4081256e-6
61,37,2.6721289e-6,-5.4586776e-6,6.0776174e-6
61,38,1.7966106e-6,-4.359147e-6,4.7148674e-6
61,39,2.2324907e-6,-3.7019693e-6,4.32303e-6
61,40,1.9744207e-6,-4.2578176e-6,4.69333e-6
61,41,1.4223882e-6,-4.127637e-6,4.365842e-6
61,42,1.2821154e-6,-4.3860878e-6,4.5696374e-6
61,43,1.5697551e-6,-4.4072467e-6,4.6784567e-6
61,44,1.2949511e-6,-4.6994865e-6,4.8746356e-6
61,45,1.531014e-6,-4.6302507e-6,4.8768047e-6
61,46,1.727702e-6,-4.728418e-6,5.0341723e-6
61,47,1.0741747e-6,-3.998046e-6,4.1398334e-6
61,48,9.1407236e-7,-3.633878e-6,3.7470784e-6
61,49,4.111999e-7,-4.3537893e-6,4.3731643e-6
61,50,5.01306e-7,-4.440024e-6,4.4682347e-6
61,51,3.2674052e-8,-4.028353e-6,4.0284854e-6
61,52,2.8237505e-7,-3.838712e-6,3.849084e-6
61,53,9.0822033e-7,-4.0004074e-6,4.1022095e-6
61,54,-1.577473e-7,-4.049044e-6,4.052116e-6
61,55,-3.866279e-8,-3.9652473e-6,3.9654356e-6
61,56,-1.9491577e-7,-4.223134e-6,4.2276297e-6
61,57,3.800587e-8,-3.7713294e-6,3.7715208e-6
61,58,-5.1313816e-7,-3.7664813e-6,3.8012752e-6
61,59,-3.1540528e-9,-3.8809517e-6,3.880953e-6
61,60,-1.1257872e-6,-3.7867417e-6,3.9505453e-6
61,61,-5.235501e-7,-3.1666302e-6,3.2096186e-6
61,62,-4.0905334e-7,-3.4715224e-6,3.495539e-6
61,63,3.3405277e-7,-3.82235e-6,3.83692e-6
61,64,1.0222055e-7,-4.1668854e-6,4.168139e-6
61,65,-7.158888e-7,-4.0952636e-6,4.157365e-6
61,66,-5.4819094e-7,-4.795856e-6,4.827085e-6
61,67,-1.1230998e-7,-4.415875e-6,4.417303e-6
61,68,-9.560848e-7,-4.4846174e-6,4.5854e-6
61,69,-1.2301804e-6,-4.35968e-6,4.5299175e-6
61,70,-4.837955e-7,-3.5410053e-6,3.5739022e-6
61,71,-3.0380184e-7,-4.7941585e-6,4.8037746e-6
61,72,-2.953155e-7,-2.811384e-6,2.8268519e-6
61,73,-8.338189e-7,-3.3279803e-6,3.4308464e-6
61,74,-5.032731e-8,-3.197381e-6,3.197777e-6
61,75,2.9266337e-7,-4.1794638e-6,4.189698e-6
61,76,-1.2217744e-7,-4.0721543e-6,4.073987e-6
61,77,-2.7270218e-7,-4.8810007e-6,4.8886127e-6
61,78,-4.0129402e-7,-5.0840576e-6,5.0998706e-6
61,79,3.7042977e-7,-4.724543e-6,4.7390427e-6
61,80,1.3126355e-7,-4.8502466e-6,4.8520224e-6
61,81,-9.723425e-7,-4.9125806e-6,5.0078834e-6
61,82,-2.0131552e-7,-4.4955664e-6,4.5000716e-6
61,83,3.6912698e-7,-4.78339e-6,4.7976114e-6
61,84,5.231386e-8,-5.4375505e-6,5.437802e-6
61,85,1.8177575e-7,-4.9724667e-6,4.975788e-6
61,86,-2.1938428e-7,-4.780526e-6,4.7855574e-6
61,87,5.0535213e-8,-5.9248537e-6,5.925069e-6
61,88,8.716774e-7,-5.840634e-6,5.905322e-6
61,89,-8.03011e-8,-6.105525e-6,6.1060528e-6
61,90,4.6771586e-7,-6.021062e-6,6.039201e-6
61,91,2.1825811e-7,-5.1492816e-6,5.153905e-6
61,92,2.8207054e-7,-6.1858905e-6,6.1923183e-6
61,93,1.4223484e-6,-6.5494887e-6,6.7021547e-6
61,94,1.3717157e-6,-5.638467e-6,5.8029227e-6
61,95,1.4115747e-6,-6.1368696e-6,6.2971194e-6
61,96,2.3151729e-6,-5.8215e-6,6.2649733e-6
61,97,2.4525377e-6,-6.4666933e-6,6.916145e-6
61,98,2.4287206e-6,-6.2475906e-6,6.703064e-6
61,99,2.819924e-6,-5.9582167e-6,6.591837e-6
61,100,4.031348e-6,-8.282897e-6,9.211849e-6
61,101,3.1247644e-6,-8.055574e-6,8.640394e-6
61,102,5.186589e-6,-7.605791e-6,9.205909e-6
61,103,4.9233977e-6,-7.776783e-6,9.204248e-6
61,104,6.259596e-6,-9.61519e-6,1.1473205e-5
61,105,7.883775e-6,-8.066173e-6,1.1279054e-5
61,106,6.6766056e-6,-4.8489837e-6,8.251649e-6
61,107,3.0884999e-6,-2.1483263e-6,3.7621985e-6
61,108,1.3916429e-6,-1.893707e-6,2.350063e-6
61,109,1.9319752e-6,-8.0565485e-7,2.093229e-6
61,110,1.7771515e-6,-2.121458e-6,2.767463e-6
61,111,5.0765225e-6,-1.9127779e-6,5.424924e-6
61,112,6.689474e-6,-2.4119765e-6,7.111026e-6
61,113,5.829774e-6,-2.4846768e-6,6.3371826e-6
61,114,4.771468e-7,-5.2817546e-7,7.1178533e-7
61,115,8.0343125e-7,-2.9030875e-7,8.542722e-7
61,116,1.3314803e-7,-5.2757036e-7,5.4411294e-7
61,117,8.7827715e-7,-3.2273647e-7,9.3569736e-7
61,118,5.701303e-7,8.741757e-7,1.0436627e-6
61,119,-5.286079e-7,6.271082e-8,5.3231474e-7
61,120,-9.406841e-7,2.648383e-7,9.772543e-7
61,121,2.2030764e-7,5.954554e-8,2.282129e-7
61,122,-7.0126396e-7,2.082343e-7,7.315276e-7
61,123,-1.638276e-7,1.5869774e-7,2.280887e-7
61,124,-6.689746e-7,-4.784658e-7,8.2246976e-7
61,125,1.5584362e-7,-5.354487e-7,5.57667e-7
61,126,5.903927e-7,8.830518e-8,5.969601e-7
61,127,-1.7106079e-7,-2.4312646e-7,2.9727474e-7
61,128,1.00979236e-7,-1.2815906e-7,1.6316112e-7
62,1,-1.3575163e-7,-3.13802e-7,3.419067e-7
62,2,5.268947e-7,2.5423574e-7,5.850247e-7
62,3,6.293409e-7,4.7495888e-7,7.884516e-7
62,4,7.4492796e-8,2.7539565e-7,2.852927e-7
62,5,1.05431624e-7,-1.160419e-8,1.060683e-7
62,6,-1.8837093e-7,-1.0707414e-8,1.88675e-7
62,7,8.422304e-9,2.8526244e-7,2.8538676e-7
62,8,-2.02561e-7,1.18898406e-7,2.3487824e-7
62,9,-3.6738015e-7,-2.6153595e-8,3.683099e-7
62,10,-1.956313e-7,1.3582893e-7,2.3816193e-7
62,11,-2.794022e-7,-7.835437e-8,2.9018096e-7
62,12,-1.9128508e-7,-1.01199234e-7,2.1640533e-7
62,13,5.690972e-8,-1.2547058e-7,1.3777367e-7
62,14,8.1288266e-7,-3.0378172e-7,8.677912e-7
62,15,1.1166875e-6,1.2019287e-7,1.1231373e-6
62,16,9.2331635e-7,3.0667726e-7,9.729152e-7
62,17,4.7882287e-7,1.7569282e-7,5.1003855e-7
62,18,1.262268e-6,2.2967036e-8,1.262477e-6
62,19,2.9012294e-6,-4.5026144e-7,2.935961e-6
62,20,3.951807e-6,-7.330044e-7,4.019213e-6
62,21,5.4615084e-6,-2.2502982e-6,5.906938e-6
62,22,2.6059058e-6,-9.4474825e-7,2.7718756e-6
62,23,7.848353e-7,-2.692578e-7,8.2973867e-7
62,24,4.532309e-6,-2.0630894e-6,4.9797754e-6
62,25,3.4432865e-6,-3.2906748e-6,4.7628523e-6
62,26,3.5015769e-6,-2.3872205e-6,4.237908e-6
62,27,4.118404e-6,-3.1208128e-6,5.167274e-6
62,28,2.8433383e-6,-1.7345131e-6,3.330632e-6
62,29,4.6311984e-6,-3.6559895e-6,5.900361e-6
62,30,3.5944954e-6,-4.0884356e-6,5.4438683e-6
62,31,3.311541e-6,-4.8477114e-6,5.870827e-6
62,32,2.4116976e-6,-4.3433765e-6,4.9680184e-6
62,33,2.9935195e-6,-4.5251068e-6,5.4256566e-6
62,34,2.6639973e-6,-3.5686073e-6,4.4532953e-6
62,35,4.1963262e-6,-4.0861128e-6,5.857087e-6
62,36,3.007962e-6,-5.0135823e-6,5.846695e-6
62,37,2.147056e-6,-4.946631e-6,5.3924955e-6
62,38,1.5390276e-6,-3.5998394e-6,3.9150286e-6
62,39,1.7145331e-6,-3.7279121e-6,4.1032854e-6
62,40,1.7730114e-6,-4.030957e-6,4.4036556e-6
62,41,1.4385546e-6,-3.6775245e-6,3.9488764e-6
62,42,1.0892185e-6,-4.437636e-6,4.5693555e-6
62,43,6.4127806e-7,-5.0621497e-6,5.102607e-6
62,44,7.503832e-7,-4.3615055e-6,4.4255853e-6
62,45,9.160745e-7,-3.588249e-6,3.7033394e-6
62,46,1.3950328e-6,-5.336012e-6,5.5153546e-6
62,47,1.029308e-6,-5.1175566e-6,5.220044e-6
62,48,2.6881096e-7,-3.591592e-6,3.6016374e-6
62,49,-1.2373236e-9,-3.0817052e-6,3.0817055e-6
62,50,-1.3679626e-7,-3.3675951e-6,3.3703725e-6
62,51,6.0877863e-7,-3.6040901e-6,3.655144e-6
62,52,2.6555472e-7,-3.6401514e-6,3.6498247e-6
62,53,7.548724e-7,-3.6937727e-6,3.770118e-6
62,54,-1.4748348e-8,-3.8967837e-6,3.8968114e-6
62,55,4.2506954e-7,-4.2082565e-6,4.2296697e-6
62,56,-4.3307228e-8,-3.520798e-6,3.5210642e-6
62,57,-2.9957214e-8,-3.954103e-6,3.9542165e-6
62,58,-4.0180396e-7,-3.9484444e-6,3.968836e-6
62,59,-6.642455e-7,-3.607631e-6,3.6682725e-6
62,60,-1.0002159e-6,-3.4068016e-6,3.5505957e-6
62,61,-5.280069e-7,-2.9736345e-6,3.020148e-6
62,62,-3.499149e-7,-2.6636374e-6,2.6865227e-6
62,63,-9.644868e-8,-3.5454207e-6,3.5467324e-6
62,64,-7.4373986e-7,-4.1016738e-6,4.168558e-6
62,65,-1.104424e-6,-4.0498826e-6,4.1977733e-6
62,66,-6.4121735e-7,-3.4184875e-6,3.4781053e-6
62,67,-6.006497e-7,-3.7853977e-6,3.8327557e-6
62,68,-4.5026948e-7,-3.901194e-6,3.9270926e-6
62,69,-7.708327e-7,-3.933027e-6,4.007853e-6
62,70,-9.4979225e-7,-4.2045854e-6,4.310527e-6
62,71,4.6477364e-8,-4.337411e-6,4.3376604e-6
62,72,-5.1022033e-7,-4.0137784e-6,4.0460773e-6
62,73,-5.7313696e-7,-3.3535139e-6,3.4021377e-6
62,74,2.1395994e-7,-3.5073658e-6,3.5138858e-6
62,75,7.1532855e-7,-3.9629354e-6,4.026978e-6
62,76,-5.5069233e-8,-3.960222e-6,3.9606048e-6
62,77,-5.168848e-7,-4.435831e-6,4.4658445e-6
62,78,-7.510728e-7,-5.2839514e-6,5.337064e-6
62,79,1.5494602e-7,-4.946202e-6,4.9486284e-6
62,80,5.337856e-7,-4.9545865e-6,4.9832574e-6
62,81,-3.2093354e-7,-3.8459734e-6,3.8593407e-6
62,82,4.4298633e-7,-4.2868883e-6,4.3097157e-6
62,83,5.733795e-7,-4.886706e-6,4.9202295e-6
62,84,2.1710932e-8,-4.923243e-6,4.923291e-6
62,85,1.3792777e-7,-4.8259567e-6,4.827927e-6
62,86,-6.592449e-7,-5.0773638e-6,5.119983e-6
62,87,5.723088e-7,-6.5255813e-6,6.5506297e-6
62,88,1.7840264e-7,-6.5199056e-6,6.5223458e-6
62,89,4.7227516e-7,-5.7182438e-6,5.7377133e-6
62,90,7.5040003e-7,-4.9653904e-6,5.0217727e-6
62,91,3.0980604e-7,-5.571304e-6,5.579911e-6
62,92,3.6347657e-7,-5.408683e-6,5.4208826e-6
62,93,1.5742028e-6,-6.101104e-6,6.3009197e-6
62,94,1.6705578e-6,-5.993508e-6,6.221969e-6
62,95,1.3817652e-6,-5.7162465e-6,5.88088e-6
62,96,1.4949741e-6,-5.010841e-6,5.229099e-6
62,97,2.5684815e-6,-6.1938545e-6,6.705291e-6
62,98,2.5238246e-6,-4.807297e-6,5.42953e-6
62,99,2.5890276e-6,-3.9360934e-6,4.711252e-6
62,100,3.3039498e-6,-6.8016984e-6,7.561692e-6
62,101,3.1432412e-6,-7.5198873e-6,8.150379e-6
62,102,3.4020372e-6,-5.0462513e-6,6.085927e-6
62,103,2.7002425e-6,-7.16483e-6,7.6567685e-6
62,104,3.7003463e-6,-7.8628655e-6,8.6900645e-6
62,105,6.9250136e-6,-7.420835e-6,1.0150104e-5
62,106,4.6324985e-6,1.1989365e-6,4.785132e-6
62,107,1.5587367e-6,4.682519e-6,4.935144e-6
62,108,1.344144e-6,-1.3825505e-6,1.9282554e-6
62,109,1.3362014e-6,-1.1403171e-6,1.7566324e-6
62,110,2.1111177e-6,-1.7443607e-6,2.738542e-6
62,111,4.959861e-6,-2.8792815e-6,5.7350226e-6
62,112,7.4200616e-6,-3.4062916e-6,8.164566e-6
62,113,6.83811e-6,-2.1975777e-6,7.1825552e-6
62,114,5.900899e-7,-6.427905e-7,8.7257416e-7
62,115,7.0990006e-7,-4.294507e-7,8.296903e-7
62,116,-2.6763473e-7,-5.6957566e-7,6.293209e-7
62,117,9.130462e-7,-3.8956608e-7,9.926808e-7
62,118,6.85309e-7,6.1643794e-7,9.2176145e-7
62,119,1.4641759e-7,-4.0018253e-7,4.2612695e-7
62,120,6.207572e-8,-3.4672007e-7,3.5223317e-7
62,121,1.1624454e-7,-2.3072413e-7,2.5835328e-7
62,122,-8.362701e-8,9.179108e-8,1.2417358e-7
62,123,-4.6850354e-7,4.55697e-7,6.535712e-7
62,124,-7.441496e-7,-6.927348e-7,1.0166809e-6
62,125,-1.5042227e-7,-4.598668e-7,4.838433e-7
62,126,4.9754034e-11,-1.8179796e-7,1.8179796e-7
62,127,-3.4056384e-7,-2.848889e-7,4.440106e-7
62,128,4.7690442e-8,1.17548e-7,1.2685389e-7
63,1,4.43296e-7,3.058879e-9,4.4330653e-7
63,2,2.253299e-7,1.5449632e-7,2.7320812e-7
63,3,6.4280465e-7,3.278395e-7,7.215792e-7
63,4,2.3189564e-7,2.1769425e-7,3.180666e-7
63,5,-9.4088236e-8,5.6293544e-8,1.0964287e-7
63,6,-3.6220527e-8,-1.1064464e-7,1.1642235e-7
63,7,3.76986e-7,-9.033123e-9,3.770942e-7
63,8,-2.8166696e-7,-3.3954086e-7,4.411624e-7
63,9,-2.4514782e-7,-2.2861585e-7,3.3520539e-7
63,10,1.5757472e-8,3.745115e-9,1.6196413e-8
63,11,-2.950693e-7,-1.5684493e-7,3.3416495e-7
63,12,1.2544784e-7,2.1475353e-7,2.4870914e-7
63,13,-2.345127e-7,-3.6754838e-7,4.3599084e-7
63,14,2.0403002e-7,-3.2159784e-7,3.8085878e-7
63,15,7.834678e-7,4.2464802e-7,8.911497e-7
63,16,3.0562623e-7,3.19927e-9,3.0564297e-7
63,17,5.921958e-7,-2.6591542e-7,6.491586e-7
63,18,1.2352306e-6,-4.0975442e-7,1.3014197e-6
63,19,3.1040022e-6,-5.5923056e-7,3.1539766e-6
63,20,4.0305895e-6,-1.7919252e-6,4.410969e-6
63,21,4.6667137e-6,-2.035879e-6,5.0914655e-6
63,22,2.0298405e-6,-1.0508496e-6,2.2857248e-6
63,23,7.879526e-7,-5.1373996e-7,9.4063705e-7
63,24,4.959827e-6,-2.2064594e-6,5.4284756e-6
63,25,4.363304e-6,-2.5675056e-6,5.062658e-6
63,26,4.888331e-6,-3.0850806e-6,5.7804414e-6
63,27,4.2212814e-6,-3.3570293e-6,5.393409e-6
63,28,4.098251e-6,-2.8623194e-6,4.998853e-6
63,29,4.055387e-6,-3.2598232e-6,5.2031346e-6
63,30,3.6709012e-6,-3.6457677e-6,5.1736965e-6
63,31,3.9504275e-6,-4.081958e-6,5.6805156e-6
63,32,3.1709042e-6,-4.14676e-6,5.2201776e-6
63,33,2.4672129e-6,-4.397568e-6,5.0423946e-6
63,34,3.0888368e-6,-4.183949e-6,5.20061e-6
63,35,3.476113e-6,-4.6145083e-6,5.7772872e-6
63,36,1.7434165e-6,-4.5528245e-6,4.875214e-6
63,37,1.815788e-6,-3.4230407e-6,3.874828e-6
63,38,1.6974313e-6,-3.1130703e-6,3.5457692e-6
63,39,1.5514579e-6,-4.1818926e-6,4.460409e-6
63,40,1.556739e-6,-4.026486e-6,4.316946e-6
63,41,1.5095895e-6,-4.1337544e-6,4.400771e-6
63,42,1.1685199e-6,-4.5446277e-6,4.6924492e-6
63,43,5.716927e-7,-4.68089e-6,4.7156723e-6
63,44,9.444193e-7,-4.3632836e-6,4.464322e-6
63,45,1.1696579e-6,-4.6251866e-6,4.7707913e-6
63,46,9.647683e-7,-5.0005215e-6,5.0927392e-6
63,47,2.6114764e-9,-5.228251e-6,5.2282517e-6
63,48,4.918524e-7,-4.6205546e-6,4.6466594e-6
63,49,6.2563475e-7,-3.0597141e-6,3.1230225e-6
63,50,7.907089e-7,-2.7603112e-6,2.8713305e-6
63,51,2.3848656e-7,-3.1183454e-6,3.1274517e-6
63,52,1.538426e-7,-3.2554392e-6,3.2590722e-6
63,53,-5.33929e-8,-3.41872e-6,3.419137e-6
63,54,-5.0169033e-9,-3.1272925e-6,3.1272966e-6
63,55,1.3636495e-7,-3.781512e-6,3.78397e-6
63,56,2.3640813e-7,-3.8401627e-6,3.8474327e-6
63,57,-3.310564e-7,-3.4318289e-6,3.4477598e-6
63,58,1.616364e-7,-2.5891336e-6,2.594174e-6
63,59,-4.668305e-7,-2.5667814e-6,2.6088883e-6
63,60,-6.040271e-7,-2.1518872e-6,2.2350541e-6
63,61,-4.0180544e-7,-1.9325464e-6,1.9738752e-6
63,62,-1.4068962e-7,-2.7184574e-6,2.7220956e-6
63,63,-3.8816893e-7,-3.2969122e-6,3.3196845e-6
63,64,-2.2839238e-7,-4.037979e-6,4.044433e-6
63,65,-1.3388828e-6,-3.7697926e-6,4.000493e-6
63,66,-6.998648e-7,-3.4122331e-6,3.4832665e-6
63,67,-3.4904906e-7,-3.3722843e-6,3.3903004e-6
63,68,-8.1742604e-7,-4.340041e-6,4.4163494e-6
63,69,-1.7604617e-6,-4.7326002e-6,5.0494286e-6
63,70,-1.0178453e-6,-4.39016e-6,4.5066076e-6
63,71,2.4987887e-8,-4.6087416e-6,4.6088094e-6
63,72,-6.81424e-7,-3.7883585e-6,3.8491557e-6
63,73,-7.726568e-8,-2.9283187e-6,2.9293378e-6
63,74,1.16415244e-7,-3.6187275e-6,3.6205995e-6
63,75,3.170467e-7,-2.5016404e-6,2.521651e-6
63,76,5.414731e-7,-3.6717988e-6,3.7115092e-6
63,77,-3.0718675e-7,-4.648654e-6,4.6587925e-6
63,78,-4.7019057e-7,-4.8644188e-6,4.88709e-6
63,79,-7.5303355e-8,-5.383429e-6,5.383956e-6
63,80,2.7209543e-7,-4.7771055e-6,4.7848484e-6
63,81,2.3150211e-7,-3.148532e-6,3.1570314e-6
63,82,8.631947e-7,-3.4349632e-6,3.541762e-6
63,83,6.8086567e-9,-4.332781e-6,4.3327864e-6
63,84,-1.8778913e-7,-4.2096344e-6,4.213821e-6
63,85,5.5189567e-8,-3.2810483e-6,3.2815124e-6
63,86,-1.1216489e-6,-3.8145033e-6,3.9759943e-6
63,87,5.83735e-7,-5.0004182e-6,5.0343747e-6
63,88,1.3961845e-6,-5.713917e-6,5.8820215e-6
63,89,8.551441e-7,-4.5275733e-6,4.6076234e-6
63,90,6.9145045e-7,-3.2000569e-6,3.2739072e-6
63,91,-2.2749859e-7,-5.0274425e-6,5.032587e-6
63,92,-4.9037635e-7,-4.172613e-6,4.2013294e-6
63,93,1.1756018e-6,-4.486636e-6,4.638097e-6
63,94,2.0688055e-6,-4.3436803e-6,4.8111865e-6
63,95,1.65516e-6,-5.0256535e-6,5.2911955e-6
63,96,2.3350233e-6,-4.4666845e-6,5.0401986e-6
63,97,1.7859753e-6,-4.6706305e-6,5.0004496e-6
63,98,2.2496433e-6,-4.384421e-6,4.927884e-6
63,99,2.8724185e-6,-3.1000982e-6,4.2262745e-6
63,100,2.5979152e-6,-5.51329e-6,6.094713e-6
63,101,2.771832e-6,-6.953685e-6,7.485772e-6
63,102,3.2719659e-6,-5.181734e-6,6.128306e-6
63,103,3.2974629e-6,-6.024486e-6,6.867874e-6
63,104,3.481205e-6,-7.2288385e-6,8.023397e-6
63,105,7.201022e-6,-6.3378725e-6,9.59288e-6
63,106,3.5348103e-6,3.3324645e-6,4.858004e-6
63,107,-4.7263493e-6,8.405634e-6,9.6432905e-6
63,108,3.062682e-7,2.4743574e-6,2.49324e-6
63,109,1.2132885e-7,-1.0510738e-6,1.0580533e-6
63,110,1.6429797e-6,-1.024167e-6,1.9360527e-6
63,111,4.897401e-6,-2.0046452e-6,5.2917994e-6
63,112,6.8282498e-6,-3.2901535e-6,7.5795847e-6
63,113,6.50877e-6,-1.32966e-6,6.6431985e-6
63,114,1.5662546e-6,3.5918893e-7,1.6069132e-6
63,115,1.0894269e-7,-4.1221418e-7,4.2636725e-7
63,116,3.921889e-7,-4.1836236e-7,5.7344505e-7
63,117,7.551133e-7,-4.5282258e-7,8.8047966e-7
63,118,1.0736867e-6,-5.5855434e-8,1.0751386e-6
63,119,4.3970047e-7,5.2878836e-8,4.428687e-7
63,120,1.6513544e-6,-1.8618393e-7,1.661817e-6
63,121,4.2586845e-7,-3.8630597e-7,5.74975e-7
63,122,2.7421423e-8,-1.5338664e-7,1.5581847e-7
63,123,-6.5602313e-7,1.5215059e-7,6.734361e-7
63,124,-7.6537964e-7,-3.886896e-7,8.5842044e-7
63,125,-5.280649e-7,-3.0107543e-7,6.0786425e-7
63,126,2.6400076e-7,-8.500727e-7,8.901236e-7
63,127,-4.3757447e-7,-2.8164152e-7,5.203781e-7
63,128,-2.8550514e-7,-8.143621e-8,2.968923e-7
64,1,-1.2090723e-7,-7.923306e-8,1.44556e-7
64,2,7.060375e-7,1.8560516e-7,7.3002616e-7
64,3,4.5263215e-7,-1.7072247e-7,4.8375824e-7
64,4,1.0639166e-7,-1.5889279e-7,1.9122265e-7
64,5,1.9328218e-7,-3.274649e-7,3.8025158e-7
64,6,7.725275e-8,-1.7356304e-7,1.8997925e-7
64,7,1.1338279e-7,-4.3055695e-7,4.4523583e-7
64,8,-4.2941394e-7,-1.9858365e-7,4.7310866e-7
64,9,-4.5716288e-7,-1.5117669e-7,4.815104e-7
64,10,1.336004e-7,1.3065019e-7,1.8686502e-7
64,11,-4.4056392e-7,2.3872016e-7,5.010827e-7
64,12,-1.3650642e-7,-2.0572197e-7,2.4689174e-7
64,13,-8.278436e-7,1.6930095e-7,8.4497805e-7
64,14,1.2229053e-7,-1.419504e-8,1.2311163e-7
64,15,1.3497953e-6,-1.1059148e-8,1.3498405e-6
64,16,3.7116524e-7,8.0841325e-8,3.7986703e-7
64,17,-1.6979722e-7,2.78139e-7,3.2587175e-7
64,18,1.3646489e-6,-4.3009146e-7,1.4308198e-6
64,19,3.5025714e-6,-8.516849e-7,3.6046322e-6
64,20,3.2097018e-6,-1.8643536e-6,3.711873e-6
64,21,4.7538515e-6,-1.6122037e-6,5.0197914e-6
64,22,1.3428576e-6,-7.5981876e-7,1.5429164e-6
64,23,1.5966019e-6,3.7168604e-8,1.5970345e-6
64,24,4.700661e-6,-1.6482776e-6,4.9812684e-6
64,25,3.885479e-6,-2.0820048e-6,4.4081394e-6
64,26,4.3299924e-6,-3.3496653e-6,5.474403e-6
64,27,3.3659248e-6,-2.8047998e-6,4.3813643e-6
64,28,3.3055771e-6,-2.2967915e-6,4.025182e-6
64,29,2.8998377e-6,-3.5218964e-6,4.5621064e-6
64,30,3.1014526e-6,-3.2580438e-6,4.498206e-6
64,31,3.882147e-6,-4.6620858e-6,6.066804e-6
64,32,3.5784115e-6,-4.061562e-6,5.4130687e-6
64,33,2.3457533e-6,-3.6755694e-6,4.3603177e-6
64,34,2.6304504e-6,-4.0004174e-6,4.787756e-6
64,35,3.1044615e-6,-4.6259665e-6,5.5711084e-6
64,36,2.242932e-6,-4.6214573e-6,5.136985e-6
64,37,1.5400528e-6,-3.7147026e-6,4.021291e-6
64,38,1.5670066e-6,-2.7275446e-6,3.1456334e-6
64,39,2.1168373e-6,-3.9232013e-6,4.457859e-6
64,40,1.5055579e-6,-3.3954848e-6,3.7142995e-6
64,41,1.3278066e-6,-4.15593e-6,4.362892e-6
64,42,1.0111748e-6,-4.573264e-6,4.6837185e-6
64,43,-3.1923668e-7,-4.837864e-6,4.8483853e-6
64,44,6.7117185e-7,-4.415922e-6,4.4666363e-6
64,45,8.6869017e-7,-4.345297e-6,4.4312783e-6
64,46,8.5721956e-7,-4.917051e-6,4.9912137e-6
64,47,7.225723e-8,-4.986084e-6,4.9866076e-6
64,48,5.01146e-7,-3.9494053e-6,3.981074e-6
64,49,8.831614e-7,-4.0713458e-6,4.166033e-6
64,50,3.4116806e-7,-2.963315e-6,2.9828898e-6
64,51,3.4865823e-7,-2.6736295e-6,2.6962673e-6
64,52,2.5666412e-7,-2.6566415e-6,2.669011e-6
64,53,2.9016482e-7,-2.845097e-6,2.8598554e-6
64,54,-2.191632e-8,-2.3804118e-6,2.3805128e-6
64,55,-2.8231838e-7,-2.8671386e-6,2.8810045e-6
64,56,1.6156238e-7,-2.4065318e-6,2.411949e-6
64,57,5.6728754e-7,-2.348706e-6,2.416244e-6
64,58,-3.5929526e-7,-1.9384124e-6,1.9714298e-6
64,59,-3.5134812e-7,-2.472374e-6,2.4972142e-6
64,60,-1.3769092e-6,-2.2414408e-6,2.630577e-6
64,61,-2.9408002e-7,-2.2267982e-6,2.246133e-6
64,62,4.2958945e-7,-3.0845656e-6,3.1143366e-6
64,63,-2.2771032e-7,-3.8995813e-6,3.9062243e-6
64,64,-7.3806734e-7,-3.8938556e-6,3.9631873e-6
64,65,-8.4258807e-7,-3.5364856e-6,3.6354759e-6
64,66,-8.6867414e-7,-3.609517e-6,3.7125744e-6
64,67,-8.4335903e-7,-3.4575005e-6,3.5588712e-6
64,68,-6.5986e-7,-3.4656737e-6,3.5279327e-6
64,69,-1.5478553e-6,-3.8965823e-6,4.192757e-6
64,70,-9.963106e-7,-3.649621e-6,3.7831692e-6
64,71,-2.0666315e-7,-3.1936167e-6,3.2002965e-6
64,72,2.8684465e-7,-2.586996e-6,2.6028501e-6
64,73,-2.1349043e-9,-2.5905867e-6,2.5905877e-6
64,74,4.8751434e-7,-3.235356e-6,3.27188e-6
64,75,7.488994e-8,-3.04432e-6,3.045241e-6
64,76,-5.1005298e-9,-3.108266e-6,3.10827e-6
64,77,-1.3167023e-7,-4.2112806e-6,4.2133383e-6
64,78,-6.3713713e-7,-5.041565e-6,5.081665e-6
64,79,-1.4835809e-8,-5.5799765e-6,5.579996e-6
64,80,3.4951336e-7,-4.6207288e-6,4.6339287e-6
64,81,-2.1967261e-7,-3.1363468e-6,3.1440304e-6
64,82,3.081461e-7,-2.3875511e-6,2.4073543e-6
64,83,-7.3906943e-7,-2.746177e-6,2.8438901e-6
64,84,-4.9128255e-7,-2.872262e-6,2.9139746e-6
64,85,1.5511756e-7,-2.5070137e-6,2.511808e-6
64,86,4.2986383e-7,-3.8082803e-6,3.8324642e-6
64,87,5.687571e-7,-4.5048764e-6,4.540638e-6
64,88,1.0113547e-6,-5.6183453e-6,5.7086463e-6
64,89,1.4148598e-6,-4.9878345e-6,5.1846237e-6
64,90,6.3561555e-7,-4.568997e-6,4.612997e-6
64,91,2.7274194e-7,-5.225832e-6,5.2329447e-6
64,92,-3.290454e-7,-5.021979e-6,5.032747e-6
64,93,7.4242877e-7,-5.795696e-6,5.843055e-6
64,94,2.5583738e-6,-4.5655247e-6,5.233478e-6
64,95,1.9654772e-6,-6.1653495e-6,6.471061e-6
64,96,2.5311886e-6,-6.063072e-6,6.5702175e-6
64,97,2.2841025e-6,-5.9738413e-6,6.395616e-6
64,98,2.430822e-6,-5.094229e-6,5.644472e-6
64,99,2.6558337e-6,-4.815037e-6,5.498912e-6
64,100,3.671118e-6,-6.695635e-6,7.636009e-6
64,101,2.3092903e-6,-8.079471e-6,8.403015e-6
64,102,4.3448545e-6,-7.2325984e-6,8.437312e-6
64,103,4.5768006e-6,-7.0776405e-6,8.428528e-6
64,104,4.8226557e-6,-9.761053e-6,1.0887431e-5
64,105,5.082617e-6,-9.149044e-6,1.046604e-5
64,106,5.54172e-6,-1.8931149e-6,5.8561545e-6
64,107,-1.14952904e-7,8.258805e-6,8.259605e-6
64,108,-1.4292078e-6,5.235826e-6,5.427385e-6
64,109,7.846544e-7,-1.6684464e-7,8.021968e-7
64,110,9.361878e-7,-1.5484395e-6,1.8094509e-6
64,111,4.418134e-6,-2.6888044e-6,5.1719994e-6
64,112,5.574778e-6,-2.9628861e-6,6.3132275e-6
64,113,7.803013e-6,-3.421995e-6,8.520391e-6
64,114,1.7619901e-6,7.4887595e-7,1.9145298e-6
64,115,1.603697e-7,-1.2548134e-7,2.0362712e-7
64,116,2.3764225e-7,-4.6429614e-7,5.2157907e-7
64,117,1.0033403e-6,-8.2825574e-7,1.3010379e-6
64,118,1.1852917e-6,-3.772997e-7,1.2438936e-6
64,119,-2.1305524e-9,-3.602033e-7,3.602096e-7
64,120,9.0686444e-7,-2.6636476e-7,9.4517367e-7
64,121,1.0082665e-6,-5.4406274e-7,1.14569e-6
64,122,-5.514366e-7,-5.120823e-8,5.538092e-7
64,123,-2.6504142e-7,2.0539403e-7,3.3531128e-7
64,124,-1.3108724e-6,6.6804446e-8,1.3125735e-6
64,125,-3.8435712e-7,-4.239468e-8,3.8668813e-7
64,126,-5.111798e-8,-4.2547862e-7,4.2853833e-7
64,127,-6.314021e-7,-8.704674e-7,1.0753521e-6
64,128,1.02830846e-7,2.0618863e-7,2.3040819e-7
65,1,7.899994e-8,1.9137124e-8,8.128481e-8
65,2,7.39502e-7,1.08094596e-7,7.4736045e-7
65,3,2.1954843e-8,-2.9959116e-7,3.0039453e-7
65,4,1.02543005e-7,1.668226e-8,1.03891125e-7
65,5,-1.2958836e-8,-5.2598256e-8,5.41711e-8
65,6,6.176057e-8,-1.5914287e-7,1.7070683e-7
65,7,-2.5796103e-7,-3.4467513e-7,4.3051693e-7
65,8,-4.0620245e-7,-5.1364344e-7,6.5485114e-7
65,9,-2.1105173e-7,1.9145676e-7,2.8495356e-7
65,10,-2.0088652e-7,-7.6676976e-8,2.1502268e-7
65,11,-5.4613305e-9,1.0567082e-7,1.0581186e-7
65,12,-2.428968e-7,-4.4643222e-9,2.429378e-7
65,13,-6.6935354e-7,8.340002e-7,1.069388e-6
65,14,2.3010432e-7,9.5016344e-7,9.77629e-7
65,15,5.7498676e-7,-7.108026e-7,9.142484e-7
65,16,3.0609795e-7,-8.4414474e-8,3.175244e-7
65,17,3.5399182e-7,5.1751897e-7,6.2700565e-7
65,18,1.8126597e-6,-1.4702579e-7,1.8186125e-6
65,19,3.1718541e-6,-1.00193e-6,3.3263377e-6
65,20,2.341387e-6,-1.2242498e-6,2.6421355e-6
65,21,4.866641e-6,-2.3617943e-6,5.4094608e-6
65,22,1.3732665e-6,-5.3678207e-7,1.4744477e-6
65,23,2.2181898e-6,-5.7522584e-7,2.2915608e-6
65,24,2.4350431e-6,-1.361931e-6,2.7900342e-6
65,25,3.5585967e-6,-1.8533098e-6,4.0122773e-6
65,26,3.988016e-6,-3.1980846e-6,5.1119487e-6
65,27,2.8940335e-6,-2.7267922e-6,3.976283e-6
65,28,3.3657104e-6,-2.858022e-6,4.4154613e-6
65,29,2.4817668e-6,-2.856957e-6,3.7843586e-6
65,30,3.5182265e-6,-2.7502615e-6,4.4656304e-6
65,31,3.7946504e-6,-4.108579e-6,5.592834e-6
65,32,2.8271336e-6,-4.3446134e-6,5.183469e-6
65,33,2.6716084e-6,-3.40031e-6,4.3243035e-6
65,34,2.9428284e-6,-3.688193e-6,4.718369e-6
65,35,2.6162209e-6,-4.7410263e-6,5.4149737e-6
65,36,2.1219414e-6,-4.3929685e-6,4.8786073e-6
65,37,2.2380748e-6,-3.4035806e-6,4.073492e-6
65,38,8.4905736e-7,-3.013064e-6,3.130408e-6
65,39,1.4049577e-6,-4.2473484e-6,4.473687e-6
65,40,1.3670744e-6,-3.4112218e-6,3.6749593e-6
65,41,1.2645255e-6,-4.3385967e-6,4.51912e-6
65,42,1.1847533e-6,-4.5395072e-6,4.6915634e-6
65,43,3.9261948e-7,-4.172912e-6,4.1913418e-6
65,44,5.3539634e-7,-3.963316e-6,3.999315e-6
65,45,9.226172e-7,-4.6242826e-6,4.7154226e-6
65,46,6.39076e-7,-5.0559365e-6,5.096166e-6
65,47,3.1449136e-7,-4.703776e-6,4.7142776e-6
65,48,5.382098e-7,-4.2523666e-6,4.286291e-6
65,49,8.6240385e-7,-4.9123705e-6,4.9874966e-6
65,50,3.641438e-7,-4.1497724e-6,4.1657186e-6
65,51,1.3902773e-7,-3.4006223e-6,3.403463e-6
65,52,5.6140345e-7,-2.4123922e-6,2.476855e-6
65,53,4.215618e-7,-3.1557138e-6,3.183747e-6
65,54,2.1227466e-8,-2.755399e-6,2.7554809e-6
65,55,9.778568e-8,-2.3867926e-6,2.3887949e-6
65,56,-1.1715762e-7,-3.1320174e-6,3.1342079e-6
65,57,5.756117e-7,-3.17481e-6,3.2265689e-6
65,58,2.6872576e-7,-3.0132278e-6,3.0251867e-6
65,59,-8.38542e-7,-3.861377e-6,3.9513775e-6
65,60,-1.2381066e-6,-3.8096075e-6,4.005748e-6
65,61,-8.676238e-7,-3.5294133e-6,3.6344916e-6
65,62,-4.479488e-7,-3.6706383e-6,3.6978702e-6
65,63,-7.249443e-7,-3.6577478e-6,3.7288958e-6
65,64,-7.7489403e-7,-3.6980814e-6,3.7783948e-6
65,65,-5.674483e-7,-3.6863137e-6,3.7297327e-6
65,66,-9.5204064e-7,-3.1158963e-6,3.2580963e-6
65,67,-1.162564e-6,-3.422298e-6,3.6143713e-6
65,68,-6.5180774e-7,-3.2673584e-6,3.331739e-6
65,69,-7.5393854e-7,-2.7935075e-6,2.8934594e-6
65,70,-4.1970213e-7,-3.844411e-6,3.867253e-6
65,71,5.9494507e-8,-3.1401191e-6,3.1406828e-6
65,72,-4.1928712e-7,-2.8977245e-6,2.9279017e-6
65,73,3.883328e-7,-2.7426456e-6,2.7700014e-6
65,74,-4.4861313e-8,-3.0783276e-6,3.0786546e-6
65,75,-1.1487292e-7,-3.4887753e-6,3.490666e-6
65,76,4.141745e-7,-3.5322073e-6,3.5564067e-6
65,77,-5.462752e-7,-4.1443363e-6,4.180184e-6
65,78,-2.9154296e-7,-4.9605956e-6,4.9691553e-6
65,79,-5.592501e-7,-5.3554622e-6,5.3845833e-6
65,80,-2.7391092e-8,-4.8803354e-6,4.8804122e-6
65,81,-8.5105427e-7,-4.544725e-6,4.6237233e-6
65,82,5.924758e-7,-4.0626874e-6,4.1056614e-6
65,83,-1.7311816e-8,-4.3355826e-6,4.335617e-6
65,84,1.7042397e-7,-4.0089662e-6,4.012587e-6
65,85,-2.9476004e-7,-4.1972953e-6,4.2076326e-6
65,86,-5.002777e-7,-4.855438e-6,4.881143e-6
65,87,6.475926e-7,-4.532614e-6,4.5786423e-6
65,88,8.864284e-7,-6.100797e-6,6.1648584e-6
65,89,5.2132543e-7,-5.621355e-6,5.645477e-6
65,90,1.6513754e-6,-5.9369722e-6,6.16236e-6
65,91,6.76608e-7,-5.564296e-6,5.6052822e-6
65,92,5.0792558e-8,-5.2585942e-6,5.2588393e-6
65,93,4.1920927e-7,-6.1788037e-6,6.193008e-6
65,94,2.1621634e-6,-5.720168e-6,6.1151673e-6
65,95,2.30924e-6,-5.5644077e-6,6.0245516e-6
65,96,2.2750226e-6,-6.5868185e-6,6.968637e-6
65,97,2.3323091e-6,-6.264219e-6,6.6843177e-6
65,98,2.4727615e-6,-5.3089084e-6,5.8565397e-6
65,99,2.3383777e-6,-4.9184277e-6,5.4460024e-6
65,100,2.7597368e-6,-6.685457e-6,7.2326675e-6
65,101,2.0995087e-6,-6.7550873e-6,7.073835e-6
65,102,4.5145275e-6,-7.144844e-6,8.451612e-6
65,103,4.5824704e-6,-6.553299e-6,7.996547e-6
65,104,6.1332007e-6,-8.847649e-6,1.0765549e-5
65,105,4.607825e-6,-8.003726e-6,9.235349e-6
65,106,4.2269276e-6,-4.195147e-6,5.9553486e-6
65,107,6.2810814e-6,3.622738e-6,7.2509456e-6
65,108,2.7752544e-6,4.4724643e-6,5.2635514e-6
65,109,6.135173e-7,-3.6890046e-7,7.1588477e-7
65,110,1.1337534e-6,-8.86794e-7,1.439375e-6
65,111,4.3018154e-6,-3.3961637e-6,5.4808343e-6
65,112,5.148672e-6,-3.6774522e-6,6.3271223e-6
65,113,6.885648e-6,-3.4631325e-6,7.707492e-6
65,114,2.3189928e-6,-3.6330857e-7,2.3472794e-6
65,115,1.6280391e-7,-2.4561626e-7,2.946735e-7
65,116,1.6583155e-7,1.3140283e-7,2.1158168e-7
65,117,5.6021014e-7,-6.080152e-7,8.2675143e-7
65,118,9.660271e-7,-3.4652828e-7,1.0262993e-6
65,119,-4.6878043e-7,-3.6759904e-8,4.702195e-7
65,120,1.3038478e-7,-5.988886e-8,1.4348124e-7
65,121,5.7124015e-7,-1.0669771e-6,1.2102709e-6
65,122,7.360971e-8,2.4639894e-7,2.5715914e-7
65,123,-6.933747e-7,3.9754987e-8,6.9451346e-7
65,124,-8.224449e-7,4.732965e-8,8.2380564e-7
65,125,-3.3701212e-7,2.0065694e-7,3.922249e-7
65,126,2.5070602e-7,-8.431952e-8,2.6450576e-7
65,127,-7.9369187e-7,-3.9816547e-7,8.8796537e-7
65,128,7.42932e-8,3.2228365e-7,3.307359e-7
66,1,1.5634507e-7,3.031205e-7,3.410657e-7
66,2,5.127171e-7,5.1988515e-8,5.1534613e-7
66,3,-1.03036065e-7,1.6525216e-9,1.0304932e-7
66,4,3.421449e-7,8.0215095e-8,3.5142224e-7
66,5,-1.9334878e-7,2.1809247e-7,2.9145852e-7
66,6,1.16485914e-7,9.299743e-8,1.4905532e-7
66,7,-8.428459e-7,-3.1677928e-7,9.004101e-7
66,8,-8.3246243e-7,-4.0750714e-7,9.2685264e-7
66,9,-1.1314563e-7,-1.7386114e-7,2.0743585e-7
66,10,-6.436716e-8,-5.9056383e-8,8.735438e-8
66,11,5.1347648e-8,1.8709432e-7,1.9401253e-7
66,12,2.0620428e-7,-1.01232864e-7,2.297135e-7
66,13,-2.6995224e-7,7.985432e-7,8.429386e-7
66,14,1.9890897e-6,1.678031e-6,2.6023577e-6
66,15,5.5887045e-7,2.338225e-7,6.058128e-7
66,16,7.7444463e-7,3.46122e-7,8.482717e-7
66,17,7.815419e-7,8.719172e-8,7.863906e-7
66,18,2.8433267e-6,1.6331055e-7,2.8480129e-6
66,19,3.4746158e-6,-1.3731849e-6,3.7361199e-6
66,20,3.362374e-6,-9.998438e-7,3.5078833e-6
66,21,4.2588963e-6,-1.4361618e-6,4.4945255e-6
66,22,1.4563085e-6,-6.074792e-7,1.5779308e-6
66,23,3.0494878e-6,-1.2716935e-6,3.3040249e-6
66,24,1.974356e-6,-2.0845478e-6,2.8711358e-6
66,25,3.0156032e-6,-3.7725993e-6,4.829738e-6
66,26,3.1867e-6,-2.151e-6,3.8447183e-6
66,27,2.8787827e-6,-1.447807e-6,3.2223493e-6
66,28,3.5399503e-6,-2.900959e-6,4.576769e-6
66,29,2.6441344e-6,-2.3351354e-6,3.5276485e-6
66,30,2.3000607e-6,-2.3354585e-6,3.2779026e-6
66,31,3.6098438e-6,-3.897678e-6,5.31252e-6
66,32,2.9237342e-6,-4.764735e-6,5.5902524e-6
66,33,2.7329297e-6,-3.938036e-6,4.7934363e-6
66,34,3.2858645e-6,-3.5823844e-6,4.861109e-6
66,35,2.6575608e-6,-4.327438e-6,5.0783215e-6
66,36,2.710915e-6,-4.8614393e-6,5.5662063e-6
66,37,1.722257e-6,-3.733859e-6,4.1119183e-6
66,38,5.598068e-7,-2.161534e-6,2.2328486e-6
66,39,1.0698678e-6,-4.1147664e-6,4.2515785e-6
66,40,1.4430959e-6,-3.5673213e-6,3.848156e-6
66,41,1.4006899e-6,-3.8891026e-6,4.133649e-6
66,42,7.9456464e-7,-3.7603818e-6,3.8434105e-6
66,43,7.1241755e-7,-2.6549737e-6,2.7488952e-6
66,44,9.34755e-7,-3.5991313e-6,3.7185364e-6
66,45,4.453778e-7,-4.1038793e-6,4.127976e-6
66,46,9.5132725e-7,-4.941787e-6,5.0325225e-6
66,47,2.7483773e-7,-4.7163285e-6,4.7243298e-6
66,48,6.7834293e-7,-3.990821e-6,4.0480613e-6
66,49,6.9495036e-7,-4.6172595e-6,4.6692658e-6
66,50,4.2706878e-7,-4.915162e-6,4.933681e-6
66,51,4.4852504e-7,-4.6612554e-6,4.682785e-6
66,52,7.772721e-7,-2.4339224e-6,2.5550205e-6
66,53,-4.17887e-8,-3.3180354e-6,3.3182985e-6
66,54,-5.3501463e-8,-3.0304466e-6,3.0309188e-6
66,55,-5.588373e-8,-2.9475248e-6,2.9480545e-6
66,56,-3.128704e-7,-3.0487306e-6,3.0647425e-6
66,57,-2.3452647e-7,-3.272717e-6,3.2811095e-6
66,58,-1.6253053e-7,-3.021828e-6,3.0261958e-6
66,59,-5.854399e-7,-4.0032037e-6,4.0457853e-6
66,60,-9.686031e-7,-3.5112769e-6,3.6424246e-6
66,61,-1.3158592e-6,-3.576011e-6,3.8104251e-6
66,62,-6.648529e-7,-3.24557e-6,3.3129677e-6
66,63,-1.1578763e-6,-3.0442834e-6,3.2570445e-6
66,64,-5.4624275e-7,-3.433515e-6,3.476695e-6
66,65,-2.3550261e-7,-3.2672776e-6,3.2757541e-6
66,66,-6.523211e-7,-4.2302026e-6,4.280203e-6
66,67,-2.4217817e-7,-3.3749302e-6,3.3836081e-6
66,68,-1.0718608e-6,-3.4652392e-6,3.6272259e-6
66,69,-3.298257e-7,-3.3322221e-6,3.3485055e-6
66,70,-6.4593854e-7,-3.8942485e-6,3.9474558e-6
66,71,-4.3510045e-7,-3.621708e-6,3.6477502e-6
66,72,-5.2770434e-7,-3.4113996e-6,3.4519733e-6
66,73,1.00269546e-7,-3.7588677e-6,3.760205e-6
66,74,-4.5804137e-7,-3.486729e-6,3.516686e-6
66,75,-8.2383565e-7,-4.2330685e-6,4.3124905e-6
66,76,-1.3499373e-7,-3.6223169e-6,3.6248314e-6
66,77,-7.201666e-7,-3.920401e-6,3.9859983e-6
66,78,-1.1882273e-7,-4.3725686e-6,4.374183e-6
66,79,-4.7969013e-7,-5.721371e-6,5.741445e-6
66,80,-1.3265891e-7,-5.6471335e-6,5.6486915e-6
66,81,-6.487878e-7,-4.6193027e-6,4.664642e-6
66,82,-1.8243416e-7,-4.4973526e-6,4.501051e-6
66,83,-8.277376e-8,-4.8105558e-6,4.811268e-6
66,84,-5.100065e-7,-4.4532267e-6,4.482336e-6
66,85,-1.0916526e-7,-4.0900813e-6,4.091538e-6
66,86,-5.9180013e-7,-3.75e-6,3.7964096e-6
66,87,1.6803244e-7,-4.33386e-6,4.3371165e-6
66,88,6.708074e-7,-5.162046e-6,5.2054493e-6
66,89,6.1578675e-7,-5.280457e-6,5.316241e-6
66,90,9.141549e-7,-5.9659255e-6,6.035557e-6
66,91,4.6079555e-7,-6.5067893e-6,6.523085e-6
66,92,3.4996063e-7,-5.430658e-6,5.4419224e-6
66,93,-1.5006363e-7,-5.6942677e-6,5.6962444e-6
66,94,1.6825684e-6,-5.851037e-6,6.088158e-6
66,95,1.8366785e-6,-5.7546677e-6,6.040661e-6
66,96,1.955373e-6,-6.094523e-6,6.400523e-6
66,97,2.4712872e-6,-6.2251493e-6,6.697742e-6
66,98,2.8019933e-6,-6.2984695e-6,6.893612e-6
66,99,2.71239e-6,-6.1507603e-6,6.72227e-6
66,100,2.222819e-6,-6.886137e-6,7.2360076e-6
66,101,2.7350604e-6,-7.066373e-6,7.577215e-6
66,102,3.750094e-6,-6.8910444e-6,7.845361e-6
66,103,4.7799012e-6,-6.948848e-6,8.434094e-6
66,104,5.651242e-6,-8.051134e-6,9.836528e-6
66,105,4.5365146e-6,-8.005223e-6,9.201281e-6
66,106,4.7918334e-6,-4.983228e-6,6.913337e-6
66,107,8.362626e-6,-3.7285365e-6,9.156173e-6
66,108,4.0954183e-6,-1.9389763e-6,4.531234e-6
66,109,7.4355334e-8,-7.330935e-7,7.3685464e-7
66,110,1.8253457e-6,-1.2663922e-6,2.2216293e-6
66,111,3.5679925e-6,-4.214015e-6,5.5216387e-6
66,112,5.1571833e-6,-4.082726e-6,6.577628e-6
66,113,6.703062e-6,-2.829773e-6,7.2758953e-6
66,114,1.4741495e-6,-1.2893889e-6,1.958479e-6
66,115,-1.5803595e-7,3.7607624e-8,1.6244906e-7
66,116,2.6760512e-7,-6.121929e-7,6.681262e-7
66,117,3.1626433e-7,-2.2499744e-7,3.881327e-7
66,118,6.2204197e-7,-8.856888e-7,1.0823035e-6
66,119,-1.2116514e-7,4.847094e-7,4.9962404e-7
66,120,-2.8682535e-7,6.1635814e-7,6.79828e-7
66,121,6.1918183e-7,-8.9533316e-8,6.2562157e-7
66,122,-4.0496653e-7,3.532063e-7,5.3735704e-7
66,123,-3.6264163e-7,3.2064165e-7,4.840661e-7
66,124,-9.313542e-7,5.0892754e-7,1.061333e-6
66,125,-4.9225827e-7,2.3777096e-7,5.466747e-7
66,126,4.923638e-7,-6.954892e-7,8.5213105e-7
66,127,-2.3794671e-7,-1.2061457e-7,2.667705e-7
66,128,-2.4945297e-7,-2.2399276e-7,3.352604e-7
67,1,1.780413e-7,-1.3516258e-8,1.7855362e-7
67,2,3.3761992e-7,1.9448102e-7,3.8962813e-7
67,3,2.6970998e-8,-1.4599759e-7,1.4846795e-7
67,4,3.085889e-7,-2.57549e-7,4.0194354e-7
67,5,-5.625643e-8,-2.3796412e-8,6.108236e-8
67,6,1.0487739e-7,-4.0849173e-8,1.1255186e-7
67,7,-4.928292e-7,2.22814e-7,5.408574e-7
67,8,-1.1134721e-6,3.9487722e-7,1.1814178e-6
67,9,-2.1553726e-7,-9.985512e-8,2.3754443e-7
67,10,-2.3288855e-7,2.3282334e-7,3.2930805e-7
67,11,-2.5463024e-7,6.140588e-8,2.6192984e-7
67,12,-8.715198e-8,-7.353112e-8,1.140276e-7
67,13,1.1173085e-7,4.0871524e-7,4.237121e-7
67,14,2.9389612e-6,-7.662314e-8,2.9399598e-6
67,15,1.7895892e-6,6.515413e-8,1.7907748e-6
67,16,2.272545e-7,3.486877e-8,2.2991398e-7
67,17,5.766568e-7,-1.5085946e-7,5.9606344e-7
67,18,2.7172082e-6,-4.9914877e-7,2.7626745e-6
67,19,3.2968019e-6,-1.2636817e-6,3.5306932e-6
67,20,4.2696847e-6,-8.04899e-7,4.34489e-6
67,21,4.9411838e-6,-1.5756851e-6,5.186336e-6
67,22,2.3967814e-6,-1.3074746e-6,2.7302108e-6
67,23,3.4418365e-6,-1.6138216e-6,3.8014023e-6
67,24,1.3673222e-6,-3.371455e-7,1.4082744e-6
67,25,3.4098084e-6,-1.8090393e-6,3.8599765e-6
67,26,3.2950634e-6,-2.0312684e-6,3.8708517e-6
67,27,2.9190014e-6,-1.4505395e-6,3.259545e-6
67,28,2.5314275e-6,-1.8757075e-6,3.1506197e-6
67,29,1.9603356e-6,-2.3676173e-6,3.0738456e-6
67,30,2.4221576e-6,-1.6477516e-6,2.9294936e-6
67,31,2.752223e-6,-2.8014774e-6,3.9272136e-6
67,32,2.7144065e-6,-4.408412e-6,5.1770744e-6
67,33,1.1396336e-6,-3.7883747e-6,3.9560773e-6
67,34,2.3700727e-6,-3.975683e-6,4.628531e-6
67,35,2.8528627e-6,-3.5073133e-6,4.52107e-6
67,36,1.9626339e-6,-4.5729776e-6,4.97635e-6
67,37,1.5111199e-6,-4.0222535e-6,4.2967436e-6
67,38,8.062749e-7,-3.2596856e-6,3.3579204e-6
67,39,7.5915494e-7,-3.6163524e-6,3.6951753e-6
67,40,7.273511e-7,-2.9749172e-6,3.0625433e-6
67,41,1.1135053e-6,-3.8143676e-6,3.9735746e-6
67,42,-1.6076325e-7,-3.143837e-6,3.1479447e-6
67,43,5.8386007e-7,1.1118349e-8,5.839659e-7
67,44,2.6963664e-7,-2.1640212e-6,2.1807548e-6
67,45,5.4343303e-7,-4.211925e-6,4.2468378e-6
67,46,5.3876835e-7,-5.092296e-6,5.1207176e-6
67,47,8.831456e-8,-5.191318e-6,5.1920692e-6
67,48,8.271678e-7,-4.3069485e-6,4.38566e-6
67,49,1.116971e-6,-4.812853e-6,4.940767e-6
67,50,2.5004434e-7,-4.3772043e-6,4.38434e-6
67,51,1.1427266e-7,-3.13909e-6,3.1411694e-6
67,52,1.348641e-7,-1.7832726e-6,1.7883651e-6
67,53,1.1857677e-7,-2.0777702e-6,2.081151e-6
67,54,-4.1451966e-7,-2.0074701e-6,2.0498203e-6
67,55,-4.4263538e-7,-2.0890127e-6,2.1353924e-6
67,56,-9.844834e-7,-1.1987464e-6,1.5511933e-6
67,57,-2.5745314e-7,-2.2203699e-6,2.235246e-6
67,58,-6.6970394e-8,-2.2911893e-6,2.292168e-6
67,59,1.0379202e-7,-3.203334e-6,3.205015e-6
67,60,-1.2153141e-6,-2.5806842e-6,2.8525285e-6
67,61,-1.3215865e-7,-2.6048976e-6,2.608248e-6
67,62,-1.262401e-6,-3.1149004e-6,3.360991e-6
67,63,-9.994617e-7,-3.6786123e-6,3.8119697e-6
67,64,-1.0177621e-6,-3.614181e-6,3.7547495e-6
67,65,-9.70584e-7,-3.9666293e-6,4.083648e-6
67,66,-5.6763673e-7,-3.818447e-6,3.860408e-6
67,67,-1.6933612e-8,-3.891677e-6,3.8917137e-6
67,68,-1.1557804e-6,-3.7735945e-6,3.9466245e-6
67,69,-7.644051e-7,-3.5925127e-6,3.6729366e-6
67,70,-2.7958944e-7,-4.1443905e-6,4.1538106e-6
67,71,-4.639876e-7,-4.0257437e-6,4.052394e-6
67,72,-3.7821525e-7,-3.0854608e-6,3.1085551e-6
67,73,-2.827589e-7,-3.4328862e-6,3.4445115e-6
67,74,-3.5546694e-7,-3.5930818e-6,3.6106223e-6
67,75,-7.803875e-8,-3.950026e-6,3.950797e-6
67,76,-3.5029166e-7,-3.3395759e-6,3.357897e-6
67,77,-4.091869e-8,-4.1642875e-6,4.1644885e-6
67,78,3.2721363e-7,-5.1318457e-6,5.1422667e-6
67,79,-3.204743e-7,-5.9826993e-6,5.991277e-6
67,80,-2.0777405e-7,-5.630206e-6,5.6340386e-6
67,81,-2.2993972e-7,-5.1449683e-6,5.150104e-6
67,82,-6.796456e-8,-4.8675574e-6,4.8680317e-6
67,83,2.5532583e-7,-4.714366e-6,4.7212748e-6
67,84,-5.163951e-7,-4.816188e-6,4.843793e-6
67,85,-3.2361547e-7,-4.1697235e-6,4.1822627e-6
67,86,-4.0208025e-7,-4.0859813e-6,4.105717e-6
67,87,-5.6701316e-7,-5.073885e-6,5.105469e-6
67,88,7.888866e-7,-4.917956e-6,4.980827e-6
67,89,1.3790424e-6,-5.0870112e-6,5.2706205e-6
67,90,1.0886185e-6,-5.1996644e-6,5.312401e-6
67,91,6.423883e-8,-5.8321057e-6,5.8324595e-6
67,92,2.37722e-7,-6.295145e-6,6.299632e-6
67,93,9.5720566e-8,-6.43808e-6,6.438792e-6
67,94,1.1923019e-6,-5.8734217e-6,5.9932186e-6
67,95,1.9354022e-6,-5.714077e-6,6.0329476e-6
67,96,2.0977338e-6,-5.5648798e-6,5.9471317e-6
67,97,2.1989053e-6,-5.5988608e-6,6.015183e-6
67,98,1.812207e-6,-6.429307e-6,6.6798266e-6
67,99,3.4135949e-6,-7.274074e-6,8.035221e-6
67,100,2.7090466e-6,-6.7731944e-6,7.294868e-6
67,101,4.3228956e-6,-6.9417165e-6,8.177704e-6
67,102,3.947641e-6,-6.9775715e-6,8.01688e-6
67,103,4.441703e-6,-6.5070267e-6,7.87846e-6
67,104,5.9113063e-6,-6.7947044e-6,9.006195e-6
67,105,4.387604e-6,-8.064462e-6,9.180774e-6
67,106,5.309974e-6,-5.248369e-6,7.466003e-6
67,107,8.442382e-6,-6.5067593e-6,1.06588805e-5
67,108,2.1224566e-6,-3.7781203e-6,4.333476e-6
67,109,1.6826613e-7,-1.0023467e-7,1.9585832e-7
67,110,2.4169196e-6,-2.1317296e-6,3.2226963e-6
67,111,2.6786893e-6,-3.0009867e-6,4.022598e-6
67,112,5.28384e-6,-4.297284e-6,6.8106983e-6
67,113,6.9721304e-6,-3.5394203e-6,7.819085e-6
67,114,5.357052e-7,-9.842778e-7,1.1206172e-6
67,115,2.9067743e-7,-1.1619919e-7,3.1304253e-7
67,116,-3.0585835e-7,-3.2561186e-7,4.467353e-7
67,117,3.2329646e-7,-4.8814866e-7,5.8549955e-7
67,118,-1.4964858e-8,-8.154349e-7,8.155722e-7
67,119,-2.2660454e-7,2.0759225e-8,2.2755343e-7
67,120,-8.90683e-8,4.180393e-7,4.2742252e-7
67,121,6.248382e-7,-1.9551635e-7,6.5471323e-7
67,122,-3.8119828e-7,-3.6821625e-8,3.8297253e-7
67,123,8.355485e-9,2.1806825e-7,2.1822827e-7
67,124,-9.069158e-7,8.2262125e-7,1.2244191e-6
67,125,-1.8258716e-7,2.104633e-7,2.7862677e-7
67,126,1.8309427e-7,1.0985053e-7,2.1351967e-7
67,127,-5.1591206e-7,-4.705646e-7,6.98281e-7
67,128,1.4097571e-7,-1.2605238e-8,1.4153814e-7
68,1,-7.876642e-9,8.49242e-8,8.52887e-8
68,2,5.344827e-7,2.3945742e-7,5.8567196e-7
68,3,1.21486e-7,-2.6593915e-7,2.9237387e-7
68,4,1.6125682e-7,-5.050549e-8,1.6898096e-7
68,5,-3.1105736e-7,-6.478539e-8,3.1773232e-7
68,6,9.518368e-8,3.0597345e-8,9.998065e-8
68,7,-3.4108416e-7,3.8401635e-7,5.136214e-7
68,8,-5.4815206e-7,3.5856294e-7,6.5500996e-7
68,9,-3.744116e-7,2.937269e-8,3.7556197e-7
68,10,-1.9637604e-7,-1.3267731e-7,2.3699539e-7
68,11,-1.4498498e-7,2.9831277e-8,1.4802212e-7
68,12,-1.0951645e-7,3.972489e-8,1.1649858e-7
68,13,-2.8088863e-7,-3.1347394e-8,2.826324e-7
68,14,2.8827803e-6,-1.0234896e-6,3.0590772e-6
68,15,1.7862732e-6,-8.2654344e-7,1.9682343e-6
68,16,7.790268e-7,2.3866846e-7,8.147671e-7
68,17,7.437056e-7,1.9929597e-7,7.6994604e-7
68,18,3.4088562e-6,-3.0325475e-7,3.4223185e-6
68,19,3.0619065e-6,-6.892682e-7,3.1385287e-6
68,20,3.9771016e-6,-1.2068199e-6,4.1561702e-6
68,21,5.701742e-6,-2.3313553e-6,6.1599576e-6
68,22,3.1918687e-6,-6.743836e-7,3.2623334e-6
68,23,3.0352999e-6,-1.2141198e-6,3.269118e-6
68,24,1.5293173e-6,5.674481e-8,1.5303697e-6
68,25,2.8578468e-6,-1.4808697e-6,3.2187363e-6
68,26,5.7037374e-7,-2.443328e-6,2.5090192e-6
68,27,2.0142202e-6,-1.7562304e-8,2.0142968e-6
68,28,2.260009e-6,-1.4743536e-6,2.6983994e-6
68,29,2.0934556e-6,-1.8113498e-6,2.7683107e-6
68,30,2.0851642e-6,-1.8218681e-6,2.7689553e-6
68,31,2.6512407e-6,-1.7763293e-6,3.1913044e-6
68,32,1.9317397e-6,-2.7377685e-6,3.3506708e-6
68,33,1.3532525e-6,-3.8693734e-6,4.099188e-6
68,34,1.6456154e-6,-3.0380143e-6,3.4550803e-6
68,35,2.3094353e-6,-3.3246686e-6,4.048075e-6
68,36,2.2797185e-6,-4.5755983e-6,5.1120655e-6
68,37,1.623102e-6,-4.449277e-6,4.7360877e-6
68,38,2.3667067e-6,-4.7372623e-6,5.2955597e-6
68,39,1.268464e-6,-4.27795e-6,4.4620465e-6
68,40,1.4592501e-6,-3.5977184e-6,3.8823946e-6
68,41,1.6583272e-6,-3.8102485e-6,4.1554836e-6
68,42,8.796426e-7,-4.224089e-6,4.3147074e-6
68,43,6.1763916e-7,-2.3124146e-6,2.3934786e-6
68,44,4.4466387e-7,-2.1453986e-6,2.1909955e-6
68,45,1.4970885e-6,-4.42872e-6,4.6749155e-6
68,46,6.9989085e-7,-4.8582897e-6,4.908444e-6
68,47,2.2170772e-7,-5.5202354e-6,5.524686e-6
68,48,6.129576e-7,-4.265718e-6,4.309532e-6
68,49,1.081801e-6,-4.809721e-6,4.929879e-6
68,50,5.7142245e-7,-3.4406526e-6,3.4877805e-6
68,51,-1.8425442e-7,-3.4894163e-6,3.4942775e-6
68,52,1.2651272e-7,-2.7127332e-6,2.7156816e-6
68,53,3.532874e-7,-2.162235e-6,2.1909066e-6
68,54,1.00441035e-7,-2.2186314e-6,2.2209038e-6
68,55,-4.0910172e-7,-2.6710784e-6,2.7022259e-6
68,56,2.7356506e-8,-1.966247e-6,1.9664374e-6
68,57,-3.8212445e-7,-2.260436e-6,2.2925074e-6
68,58,-2.3288553e-8,-2.2251832e-6,2.225305e-6
68,59,-7.258512e-7,-2.9393018e-6,3.027599e-6
68,60,-3.6294182e-7,-3.2078847e-6,3.228351e-6
68,61,-1.8450969e-7,-3.1503644e-6,3.155763e-6
68,62,-8.57699e-7,-3.8420353e-6,3.936608e-6
68,63,-1.3097751e-6,-3.767961e-6,3.989115e-6
68,64,-6.636848e-7,-3.9223105e-6,3.9780643e-6
68,65,-1.040464e-6,-3.620727e-6,3.7672576e-6
68,66,3.3245217e-7,-3.8645194e-6,3.878793e-6
68,67,-3.4498324e-8,-4.183711e-6,4.1838534e-6
68,68,-3.9120934e-7,-3.5947144e-6,3.6159392e-6
68,69,-4.361469e-7,-3.0838055e-6,3.1144953e-6
68,70,-4.787371e-7,-4.6279024e-6,4.6525984e-6
68,71,-5.6981737e-8,-3.199841e-6,3.2003484e-6
68,72,-7.7896004e-7,-3.9804167e-6,4.055921e-6
68,73,-7.9705394e-8,-3.553089e-6,3.5539829e-6
68,74,-4.081065e-7,-3.3791746e-6,3.4037291e-6
68,75,5.4844417e-8,-3.333274e-6,3.333725e-6
68,76,-1.5934249e-7,-2.4140663e-6,2.4193193e-6
68,77,3.3946907e-7,-3.018439e-6,3.037468e-6
68,78,3.4152777e-7,-4.921412e-6,4.933248e-6
68,79,1.16384776e-7,-5.7582984e-6,5.7594743e-6
68,80,3.9469535e-7,-5.8372884e-6,5.850617e-6
68,81,7.768874e-8,-5.2938317e-6,5.2944015e-6
68,82,2.9534172e-8,-4.8157394e-6,4.81583e-6
68,83,-2.7504746e-7,-5.566515e-6,5.573306e-6
68,84,-2.461308e-7,-4.671741e-6,4.67822e-6
68,85,-1.2343368e-7,-4.20176e-6,4.2035726e-6
68,86,3.6159037e-7,-3.659768e-6,3.6775875e-6
68,87,-2.4023663e-7,-5.013152e-6,5.018905e-6
68,88,-5.3603742e-8,-5.37303e-6,5.3732974e-6
68,89,1.6691861e-6,-5.215002e-6,5.4756215e-6
68,90,1.4331387e-6,-5.3948665e-6,5.5819773e-6
68,91,-1.862727e-7,-6.1470405e-6,6.149862e-6
68,92,9.551397e-7,-6.8258228e-6,6.8923255e-6
68,93,1.7396928e-7,-6.333775e-6,6.336164e-6
68,94,2.2484188e-7,-5.917358e-6,5.921628e-6
68,95,1.7650107e-6,-5.5915475e-6,5.863503e-6
68,96,2.370012e-6,-5.4352176e-6,5.9294644e-6
68,97,2.479634e-6,-6.636139e-6,7.084273e-6
68,98,2.3135103e-6,-7.0201277e-6,7.391517e-6
68,99,2.6086668e-6,-7.3641118e-6,7.812509e-6
68,100,2.9150183e-6,-6.696367e-6,7.3033325e-6
68,101,4.4057474e-6,-6.348453e-6,7.727449e-6
68,102,4.023293e-6,-6.726499e-6,7.8379e-6
68,103,5.0275553e-6,-7.1597306e-6,8.748603e-6
68,104,4.937295e-6,-7.8000385e-6,9.231332e-6
68,105,3.2709554e-6,-7.1877366e-6,7.897006e-6
68,106,6.3735515e-6,-4.910308e-6,8.045699e-6
68,107,9.37984e-6,-7.975262e-6,1.2312034e-5
68,108,1.8121192e-6,-3.2387636e-6,3.7112486e-6
68,109,6.692773e-7,-1.7960542e-7,6.929576e-7
68,110,2.5278555e-6,-2.3674024e-6,3.463329e-6
68,111,2.6856615e-6,-3.5755406e-6,4.4718304e-6
68,112,4.626186e-6,-3.9842625e-6,6.105403e-6
68,113,6.6977404e-6,-3.5035048e-6,7.558722e-6
68,114,8.994556e-7,-9.105416e-7,1.2798853e-6
68,115,2.5090317e-8,-2.7989017e-7,2.8101252e-7
68,116,1.252649e-8,1.3866025e-7,1.3922492e-7
68,117,3.3670878e-7,-6.102671e-7,6.9699263e-7
68,118,-4.5386965e-8,-3.9273934e-7,3.9535323e-7
68,119,-4.1175593e-7,1.7424382e-9,4.1175963e-7
68,120,2.410646e-7,2.1883223e-7,3.2557594e-7
68,121,2.0970145e-7,-3.2415397e-7,3.8607058e-7
68,122,9.8268245e-8,-1.02108494e-7,1.4171377e-7
68,123,-6.461117e-7,2.7422942e-7,7.018989e-7
68,124,-4.2515535e-7,6.5234485e-7,7.786597e-7
68,125,-6.251904e-8,4.0388153e-7,4.086917e-7
68,126,-5.2568305e-7,-3.5967665e-7,6.3695364e-7
68,127,-3.8438787e-7,-4.5431216e-7,5.95108e-7
68,128,-1.5180763e-7,-2.1331752e-7,2.618204e-7
69,1,7.5851055e-8,1.9860613e-7,2.1259768e-7
69,2,3.4534017e-7,2.6707966e-7,4.3656772e-7
69,3,8.884287e-8,-1.3653475e-7,1.6289503e-7
69,4,2.0826262e-7,-3.6686788e-7,4.218594e-7
69,5,-1.8905322e-7,-7.600542e-8,2.0375953e-7
69,6,-1.4035113e-7,1.4170344e-7,1.99445e-7
69,7,-3.6379373e-7,7.778947e-8,3.7201758e-7
69,8,-9.2730176e-7,5.4443916e-7,1.0753151e-6
69,9,-6.168408e-7,-9.677316e-9,6.169167e-7
69,10,-6.3080705e-7,-5.9750505e-8,6.336305e-7
69,11,-7.203523e-7,1.4062205e-8,7.2048954e-7
69,12,-1.6323689e-8,3.6758112e-7,3.679434e-7
69,13,-4.1398366e-7,-5.264155e-8,4.1731715e-7
69,14,2.879996e-6,-1.0122394e-7,2.8817742e-6
69,15,2.4474364e-6,-5.194998e-7,2.5019642e-6
69,16,7.062056e-7,5.615657e-7,9.022651e-7
69,17,6.2717646e-7,7.545959e-7,9.81206e-7
69,18,3.069471e-6,2.2497775e-7,3.0777048e-6
69,19,3.5629446e-6,-7.574136e-7,3.6425608e-6
69,20,3.5233058e-6,-8.8408035e-7,3.6325312e-6
69,21,5.428724e-6,-1.6216492e-6,5.665756e-6
69,22,2.1420667e-6,-1.5429515e-7,2.1476164e-6
69,23,4.591363e-6,-1.7878219e-6,4.9271616e-6
69,24,1.7104836e-6,-4.3657974e-7,1.7653203e-6
69,25,2.5555244e-6,-8.2179133e-7,2.684408e-6
69,26,3.7716777e-6,-2.10206e-6,4.3178943e-6
69,27,3.7882753e-6,-1.5902104e-6,4.108503e-6
69,28,3.4016439e-6,-2.242748e-6,4.074445e-6
69,29,3.2063822e-6,-2.3753387e-6,3.9903784e-6
69,30,3.6825263e-6,-2.6794253e-6,4.554154e-6
69,31,3.1265972e-6,-3.4436111e-6,4.6512437e-6
69,32,3.7047012e-6,-3.9370934e-6,5.406063e-6
69,33,2.5451857e-6,-4.98798e-6,5.599814e-6
69,34,2.2633835e-6,-4.5708944e-6,5.1005863e-6
69,35,2.927498e-6,-4.1482654e-6,5.0772383e-6
69,36,2.7877666e-6,-5.3387344e-6,6.0227676e-6
69,37,1.5668543e-6,-4.8052984e-6,5.0542976e-6
69,38,1.6557286e-6,-3.9972456e-6,4.326593e-6
69,39,2.342507e-6,-4.098173e-6,4.72042e-6
69,40,1.5953138e-6,-3.7100808e-6,4.0385303e-6
69,41,1.6658468e-6,-4.455176e-6,4.7564313e-6
69,42,1.0418378e-6,-4.9835357e-6,5.091272e-6
69,43,3.7395196e-7,-4.30887e-6,4.3250666e-6
69,44,8.620363e-7,-3.9898514e-6,4.0819136e-6
69,45,9.389342e-7,-4.3560653e-6,4.4561084e-6
69,46,1.0965448e-6,-5.0785784e-6,5.1956104e-6
69,47,8.265339e-7,-5.168096e-6,5.2337723e-6
69,48,2.216139e-7,-4.5916267e-6,4.596972e-6
69,49,1.2343877e-6,-4.529922e-6,4.695094e-6
69,50,8.636559e-7,-3.767164e-6,3.8648964e-6
69,51,1.4441049e-7,-3.3511303e-6,3.3542403e-6
69,52,2.7879736e-7,-3.2335317e-6,3.2455284e-6
69,53,4.7590927e-7,-3.5014168e-6,3.5336113e-6
69,54,3.5832617e-8,-3.6026595e-6,3.6028378e-6
69,55,1.6962431e-7,-4.246388e-6,4.2497745e-6
69,56,-3.4054204e-7,-4.153816e-6,4.1677517e-6
69,57,1.2719073e-7,-3.9222296e-6,3.9242914e-6
69,58,-7.763447e-8,-3.7626123e-6,3.7634131e-6
69,59,-3.6181603e-7,-4.161498e-6,4.1771973e-6
69,60,-6.6249663e-7,-3.8896096e-6,3.945626e-6
69,61,-1.7734784e-7,-3.8061025e-6,3.810232e-6
69,62,-8.0281546e-7,-4.0671453e-6,4.1456224e-6
69,63,-9.906829e-7,-4.1755475e-6,4.2914626e-6
69,64,-8.16067e-7,-4.221784e-6,4.299933e-6
69,65,-6.17925e-7,-3.8831595e-6,3.932017e-6
69,66,-5.455958e-7,-3.724574e-6,3.7643229e-6
69,67,-1.2804472e-8,-4.35611e-6,4.3561286e-6
69,68,-1.4733431e-6,-4.0337336e-6,4.2943857e-6
69,69,-1.271806e-6,-4.2418856e-6,4.42844e-6
69,70,-3.7757605e-8,-3.7231616e-6,3.723353e-6
69,71,-1.216733e-6,-4.323036e-6,4.491e-6
69,72,-3.8160806e-7,-3.6757763e-6,3.6955319e-6
69,73,-6.789054e-8,-3.7754446e-6,3.7760549e-6
69,74,-6.0515833e-7,-3.5446506e-6,3.5959372e-6
69,75,-2.9762435e-7,-3.322207e-6,3.335512e-6
69,76,5.5385703e-7,-2.3985237e-6,2.4616404e-6
69,77,-2.3745105e-8,-2.870207e-6,2.8703053e-6
69,78,4.896424e-7,-3.992017e-6,4.0219334e-6
69,79,-1.9186597e-9,-4.9282803e-6,4.9282808e-6
69,80,8.4078215e-7,-4.7603003e-6,4.833981e-6
69,81,5.442899e-7,-5.8198384e-6,5.8452347e-6
69,82,-3.9470544e-7,-5.468743e-6,5.4829684e-6
69,83,-1.504367e-7,-5.539694e-6,5.5417363e-6
69,84,-1.499465e-7,-5.403515e-6,5.405595e-6
69,85,-4.9450796e-7,-4.1352837e-6,4.164746e-6
69,86,4.459522e-8,-5.0987146e-6,5.0989097e-6
69,87,5.722937e-9,-6.1973624e-6,6.197365e-6
69,88,3.9920994e-7,-5.685404e-6,5.6994027e-6
69,89,1.5266885e-6,-4.9060345e-6,5.1380885e-6
69,90,1.4474372e-6,-4.946523e-6,5.1539464e-6
69,91,7.9981976e-7,-7.5348744e-6,7.5772055e-6
69,92,9.2678414e-7,-6.812928e-6,6.875676e-6
69,93,5.778711e-7,-6.818946e-6,6.8433883e-6
69,94,1.9416948e-6,-6.271458e-6,6.565163e-6
69,95,1.4561004e-6,-5.110864e-6,5.314241e-6
69,96,2.8816335e-6,-5.982391e-6,6.640242e-6
69,97,2.5217355e-6,-7.3615506e-6,7.781489e-6
69,98,2.6789767e-6,-7.403888e-6,7.873657e-6
69,99,2.631134e-6,-7.5915145e-6,8.034548e-6
69,100,3.003412e-6,-6.6871758e-6,7.3306755e-6
69,101,4.038437e-6,-6.2195845e-6,7.415673e-6
69,102,4.227539e-6,-6.9638227e-6,8.146589e-6
69,103,4.7709127e-6,-7.5021744e-6,8.890682e-6
69,104,4.681423e-6,-7.411611e-6,8.766282e-6
69,105,4.132374e-6,-6.407083e-6,7.6241217e-6
69,106,8.162803e-6,-5.6898416e-6,9.9501585e-6
69,107,7.49889e-6,-6.895544e-6,1.0187339e-5
69,108,9.4445653e-7,-1.6986198e-6,1.9435297e-6
69,109,1.1627039e-6,-7.890225e-7,1.4051466e-6
69,110,2.2734907e-6,-1.9918166e-6,3.0225972e-6
69,111,2.1493538e-6,-3.1856705e-6,3.842944e-6
69,112,5.6941744e-6,-3.0328054e-6,6.451475e-6
69,113,6.137312e-6,-3.323389e-6,6.979363e-6
69,114,1.8761328e-7,-4.066991e-7,4.4788715e-7
69,115,5.137815e-7,-3.376097e-7,6.1477783e-7
69,116,-5.6386188e-8,2.2562268e-7,2.3256182e-7
69,117,-1.3218492e-7,-7.151799e-7,7.27293e-7
69,118,-4.448886e-7,-3.4628576e-7,5.6377274e-7
69,119,-3.8586727e-8,2.1592055e-7,2.1934133e-7
69,120,-2.37159e-7,-3.9142908e-8,2.4036754e-7
69,121,2.5375928e-7,-3.655721e-7,4.450132e-7
69,122,-3.4835432e-7,-2.973716e-7,4.5801812e-7
69,123,7.945694e-9,1.2002651e-7,1.2028923e-7
69,124,-2.360427e-7,8.922954e-7,9.2298825e-7
69,125,6.500047e-8,-3.2074746e-7,3.2726746e-7
69,126,-2.9411603e-7,-2.908308e-7,4.136264e-7
69,127,1.3400273e-9,-1.7888985e-7,1.7889487e-7
69,128,1.5123875e-7,-3.040267e-7,3.395665e-7
70,1,8.928015e-8,7.3375624e-8,1.1556352e-7
70,2,6.0499224e-7,3.7435183e-7,7.1144564e-7
70,3,3.845999e-7,-1.225407e-7,4.0364998e-7
70,4,3.4534594e-7,-2.1289804e-7,4.056962e-7
70,5,2.680888e-7,2.5141006e-7,3.6753045e-7
70,6,9.058939e-8,-2.3975375e-7,2.5629728e-7
70,7,-2.479568e-7,-3.7443084e-7,4.490891e-7
70,8,-8.159397e-7,-2.7294007e-7,8.6038006e-7
70,9,-7.9260684e-7,-3.3377128e-7,8.6001677e-7
70,10,-4.363039e-7,-1.8322393e-7,4.7321464e-7
70,11,-5.689221e-7,2.6178968e-8,5.6952405e-7
70,12,-1.386778e-7,1.4256752e-7,1.988895e-7
70,13,-6.716888e-7,4.0498094e-7,7.843312e-7
70,14,9.823999e-7,5.4017494e-7,1.1211149e-6
70,15,1.6720666e-6,7.3269393e-7,1.8255539e-6
70,16,3.4305305e-7,6.6199937e-7,7.4560614e-7
70,17,4.564582e-7,2.47428e-7,5.1920586e-7
70,18,1.614985e-6,-5.5692e-7,1.7083139e-6
70,19,3.6496554e-6,-1.6932127e-6,4.0233012e-6
70,20,3.0550275e-6,-3.57455e-7,3.0758686e-6
70,21,4.832182e-6,-1.0609497e-6,4.947282e-6
70,22,2.135943e-6,-9.0623374e-8,2.1378646e-6
70,23,3.5330054e-6,-1.3007436e-6,3.7648454e-6
70,24,2.4032283e-6,-1.7285811e-6,2.9603207e-6
70,25,3.6023046e-6,-1.6055527e-6,3.9439064e-6
70,26,5.1396105e-6,-2.8926536e-6,5.897715e-6
70,27,3.9256897e-6,-2.264944e-6,4.532219e-6
70,28,4.1444378e-6,-2.8216132e-6,5.0137673e-6
70,29,3.836939e-6,-3.7959614e-6,5.3973536e-6
70,30,3.493283e-6,-3.0077554e-6,4.6097307e-6
70,31,3.1245597e-6,-3.552911e-6,4.7313897e-6
70,32,3.5006656e-6,-4.3655514e-6,5.595775e-6
70,33,2.9804796e-6,-4.655611e-6,5.5279265e-6
70,34,3.0504461e-6,-4.6417244e-6,5.554352e-6
70,35,3.453895e-6,-4.3795317e-6,5.577606e-6
70,36,3.2271478e-6,-4.882758e-6,5.8528462e-6
70,37,1.8632156e-6,-4.4251688e-6,4.801426e-6
70,38,1.397315e-6,-3.7291982e-6,3.982387e-6
70,39,1.7966067e-6,-4.417392e-6,4.768768e-6
70,40,1.2211085e-6,-4.0894956e-6,4.267913e-6
70,41,1.8346924e-6,-4.852316e-6,5.1875877e-6
70,42,1.4227392e-6,-5.227313e-6,5.4174707e-6
70,43,1.051033e-6,-4.4856656e-6,4.6071536e-6
70,44,1.0741259e-6,-3.83416e-6,3.9817746e-6
70,45,9.1824523e-7,-4.318607e-6,4.415149e-6
70,46,9.744707e-7,-4.64173e-6,4.7429157e-6
70,47,1.0465216e-6,-5.195257e-6,5.2996133e-6
70,48,5.1397427e-7,-4.6582104e-6,4.6864798e-6
70,49,7.2523727e-7,-4.413161e-6,4.472355e-6
70,50,1.77942e-7,-3.4126213e-6,3.4172572e-6
70,51,3.310506e-7,-3.346223e-6,3.3625588e-6
70,52,4.7648592e-7,-3.6439392e-6,3.67496e-6
70,53,1.2135378e-6,-3.856185e-6,4.042627e-6
70,54,2.4204567e-7,-4.3961586e-6,4.402817e-6
70,55,-2.3529768e-7,-4.5035854e-6,4.509728e-6
70,56,-4.2314227e-8,-4.216846e-6,4.217058e-6
70,57,9.86783e-9,-4.601042e-6,4.6010523e-6
70,58,-3.0222563e-7,-4.8154675e-6,4.824942e-6
70,59,-5.2645464e-7,-4.6740734e-6,4.703628e-6
70,60,-7.7449823e-7,-5.0387007e-6,5.0978774e-6
70,61,2.8220376e-7,-3.8618023e-6,3.8720996e-6
70,62,2.2005335e-9,-4.2046286e-6,4.204629e-6
70,63,-5.9321786e-7,-4.706248e-6,4.743488e-6
70,64,-7.1732376e-7,-4.508581e-6,4.565288e-6
70,65,-1.0963545e-6,-4.2030956e-6,4.3437317e-6
70,66,5.449749e-8,-4.0461196e-6,4.0464865e-6
70,67,-5.9049904e-7,-4.0871982e-6,4.1296344e-6
70,68,-1.0911701e-6,-4.2373617e-6,4.3756013e-6
70,69,-3.0743567e-7,-3.866586e-6,3.8787894e-6
70,70,-6.687091e-7,-3.837747e-6,3.895571e-6
70,71,-1.1514865e-6,-4.5148713e-6,4.6593973e-6
70,72,-3.0475206e-7,-3.97864e-6,3.9902943e-6
70,73,-7.293833e-7,-3.5408168e-6,3.6151603e-6
70,74,-4.9607337e-7,-3.3277663e-6,3.3645383e-6
70,75,-1.6773332e-7,-3.256245e-6,3.2605622e-6
70,76,-5.252055e-7,-2.5596817e-6,2.613008e-6
70,77,-2.1595097e-8,-2.0966183e-6,2.0967295e-6
70,78,3.2359853e-7,-3.2063385e-6,3.2226267e-6
70,79,6.743195e-7,-3.6351826e-6,3.697196e-6
70,80,1.1527362e-6,-4.198663e-6,4.3540294e-6
70,81,4.9485305e-7,-5.324878e-6,5.3478225e-6
70,82,-1.068102e-7,-5.025957e-6,5.0270914e-6
70,83,1.5427632e-7,-5.13952e-6,5.141835e-6
70,84,3.5155813e-7,-4.8687293e-6,4.8814054e-6
70,85,-2.6293822e-8,-3.985788e-6,3.985875e-6
70,86,2.705653e-7,-5.7945213e-6,5.8008345e-6
70,87,3.1529694e-8,-5.64619e-6,5.646278e-6
70,88,8.8080844e-7,-5.111046e-6,5.1863876e-6
70,89,1.0436158e-6,-4.5630877e-6,4.680908e-6
70,90,1.205851e-6,-5.4692023e-6,5.600558e-6
70,91,1.7024701e-6,-7.035928e-6,7.23897e-6
70,92,1.6646651e-6,-6.359057e-6,6.5733334e-6
70,93,1.3667136e-6,-7.1854497e-6,7.3142733e-6
70,94,1.3022111e-6,-5.882155e-6,6.0245748e-6
70,95,1.4332093e-6,-5.578313e-6,5.759485e-6
70,96,2.4890385e-6,-7.094841e-6,7.518782e-6
70,97,3.0679284e-6,-7.538345e-6,8.138724e-6
70,98,2.8694246e-6,-8.185436e-6,8.673809e-6
70,99,2.235725e-6,-7.5825023e-6,7.90524e-6
70,100,3.3434326e-6,-6.3788066e-6,7.2019243e-6
70,101,3.2685937e-6,-6.5834583e-6,7.350213e-6
70,102,4.2778433e-6,-7.3222145e-6,8.480258e-6
70,103,4.96897e-6,-7.5278103e-6,9.0199e-6
70,104,4.7307585e-6,-7.0632655e-6,8.501164e-6
70,105,4.4661333e-6,-5.6591716e-6,7.2092002e-6
70,106,9.030813e-6,-6.404393e-6,1.1071216e-5
70,107,5.6930367e-6,-5.292859e-6,7.773353e-6
70,108,1.2286731e-6,-4.1088845e-7,1.2955566e-6
70,109,1.8626839e-6,-6.239297e-7,1.964403e-6
70,110,2.2858408e-6,-2.1693395e-6,3.151365e-6
70,111,2.810057e-6,-2.7370575e-6,3.9227416e-6
70,112,6.6214966e-6,-3.2020898e-6,7.355107e-6
70,113,5.051878e-6,-3.148393e-6,5.9526337e-6
70,114,-2.5382406e-7,4.0020458e-7,4.7390967e-7
70,115,8.346215e-7,-3.8340102e-7,9.1847124e-7
70,116,-1.064465e-7,4.1138014e-7,4.249288e-7
70,117,2.9368567e-7,-9.4719275e-7,9.91678e-7
70,118,-3.689083e-7,2.7336174e-7,4.5915135e-7
70,119,2.1982014e-7,2.4195927e-7,3.269024e-7
70,120,-2.9015357e-7,1.73233e-8,2.9067024e-7
70,121,1.704059e-7,-5.7552427e-7,6.0022194e-7
70,122,-2.1993111e-7,-4.3678045e-7,4.8902643e-7
70,123,-1.1553449e-7,8.474937e-8,1.4328529e-7
70,124,-3.719123e-7,4.32942e-7,5.707517e-7
70,125,1.5431173e-7,-1.0720097e-6,1.083059e-6
70,126,3.6298903e-8,1.7961756e-7,1.8324867e-7
70,127,-3.3950997e-7,1.8855563e-7,3.8835583e-7
70,128,1.6158445e-8,-1.61849e-7,1.626536e-7
71,1,1.3078187e-7,-9.9553084e-8,1.6436154e-7
71,2,2.0049015e-7,2.672751e-7,3.341142e-7
71,3,-3.425566e-8,-2.575887e-7,2.5985648e-7
71,4,2.5532964e-7,6.502401e-8,2.634793e-7
71,5,1.6665801e-7,3.292232e-7,3.6900246e-7
71,6,1.8350083e-7,-3.249186e-7,3.73155e-7
71,7,-1.275591e-7,-3.7752693e-7,3.9849456e-7
71,8,-2.552394e-7,2.6353389e-8,2.5659628e-7
71,9,-5.7638823e-7,3.4123468e-7,6.698242e-7
71,10,-2.8214268e-7,-2.4260063e-7,3.7210154e-7
71,11,-4.82658e-7,1.2571543e-7,4.9876155e-7
71,12,6.6909203e-9,-4.1380912e-7,4.138632e-7
71,13,-7.652225e-7,2.4469486e-7,8.033935e-7
71,14,-5.8909812e-8,-4.383488e-8,7.3429305e-8
71,15,1.4339766e-6,-3.447227e-7,1.4748298e-6
71,16,5.7017706e-7,2.8427718e-7,6.371149e-7
71,17,7.021153e-7,2.0652014e-7,7.318582e-7
71,18,2.2959866e-6,3.383397e-7,2.3207817e-6
71,19,3.069292e-6,-7.2724544e-7,3.1542731e-6
71,20,3.042202e-6,-7.223464e-7,3.126784e-6
71,21,4.631343e-6,-1.7802753e-6,4.961725e-6
71,22,2.8176564e-6,-5.2841517e-7,2.866777e-6
71,23,1.7294922e-6,1.6622866e-7,1.7374623e-6
71,24,3.4057061e-6,-1.793176e-6,3.848937e-6
71,25,4.433425e-6,-2.3848654e-6,5.0341673e-6
71,26,4.472581e-6,-2.782217e-6,5.267325e-6
71,27,3.5890394e-6,-3.225776e-6,4.8256434e-6
71,28,3.920332e-6,-2.919865e-6,4.8882116e-6
71,29,4.4614976e-6,-3.2519497e-6,5.520882e-6
71,30,3.6479707e-6,-2.8784227e-6,4.6468276e-6
71,31,3.5438475e-6,-4.470411e-6,5.704685e-6
71,32,3.5462995e-6,-4.3457753e-6,5.6091e-6
71,33,2.7991073e-6,-4.779628e-6,5.538939e-6
71,34,2.6716293e-6,-4.8841457e-6,5.5670894e-6
71,35,3.1704137e-6,-4.468976e-6,5.4793495e-6
71,36,3.1609973e-6,-4.56293e-6,5.5508767e-6
71,37,2.0196983e-6,-4.977185e-6,5.3713643e-6
71,38,1.121961e-6,-4.048254e-6,4.200852e-6
71,39,1.2817175e-6,-4.2639294e-6,4.452403e-6
71,40,1.5174837e-6,-3.6273946e-6,3.9320157e-6
71,41,1.1052565e-6,-4.1398675e-6,4.2848683e-6
71,42,1.4248908e-6,-5.4581724e-6,5.6410954e-6
71,43,9.72572e-7,-4.9681403e-6,5.0624417e-6
71,44,7.6604306e-7,-4.6210585e-6,4.6841224e-6
71,45,8.173332e-7,-4.6161254e-6,4.687926e-6
71,46,5.868991e-7,-4.1733715e-6,4.214437e-6
71,47,1.0229136e-6,-4.334361e-6,4.45343e-6
71,48,9.525962e-7,-4.7915355e-6,4.88531e-6
71,49,6.39394e-7,-4.2617153e-6,4.3094133e-6
71,50,6.744484e-7,-3.57864e-6,3.6416404e-6
71,51,3.255663e-7,-3.7959016e-6,3.8098376e-6
71,52,6.957301e-7,-3.6196361e-6,3.6858928e-6
71,53,4.290111e-7,-4.360273e-6,4.3813275e-6
71,54,8.6246746e-7,-3.8528765e-6,3.9482284e-6
71,55,-1.0249205e-7,-3.4516106e-6,3.453132e-6
71,56,4.8193e-7,-4.359878e-6,4.386433e-6
71,57,3.585707e-7,-4.3803616e-6,4.395013e-6
71,58,4.949194e-7,-4.6945565e-6,4.7205726e-6
71,59,-4.457628e-7,-4.6569116e-6,4.6781975e-6
71,60,-3.993824e-7,-4.6965993e-6,4.7135495e-6
71,61,3.5319e-7,-4.2783067e-6,4.2928605e-6
71,62,-3.415341e-7,-4.1923254e-6,4.2062143e-6
71,63,-4.773767e-7,-4.8186776e-6,4.842266e-6
71,64,-3.0319634e-7,-5.039499e-6,5.0486115e-6
71,65,1.052272e-7,-4.274088e-6,4.275383e-6
71,66,-1.234923e-7,-4.3729483e-6,4.374692e-6
71,67,-1.1772025e-6,-4.033852e-6,4.2021147e-6
71,68,-3.0772895e-9,-3.6443778e-6,3.6443791e-6
71,69,-5.930547e-7,-3.9212787e-6,3.965872e-6
71,70,-9.823854e-7,-4.7237677e-6,4.824838e-6
71,71,-7.1706893e-7,-3.566243e-6,3.6376198e-6
71,72,-7.842252e-7,-3.7896964e-6,3.869988e-6
71,73,-6.2472265e-7,-3.511031e-6,3.566177e-6
71,74,-4.7311448e-7,-3.4011064e-6,3.4338552e-6
71,75,-2.7969824e-7,-3.2640746e-6,3.2760363e-6
71,76,-6.1354706e-7,-3.3539663e-6,3.409623e-6
71,77,-6.4011135e-7,-3.1569768e-6,3.221218e-6
71,78,4.0434043e-7,-2.9331693e-6,2.9609075e-6
71,79,2.1869722e-7,-2.79811e-6,2.8066436e-6
71,80,5.7385625e-7,-3.1079915e-6,3.1605255e-6
71,81,-2.604456e-8,-4.283822e-6,4.283901e-6
71,82,4.3311002e-7,-4.5543998e-6,4.574947e-6
71,83,2.2092604e-7,-5.229909e-6,5.2345736e-6
71,84,1.11400205e-7,-4.1024286e-6,4.1039407e-6
71,85,2.9648942e-7,-4.9223586e-6,4.93128e-6
71,86,1.4804024e-8,-5.526295e-6,5.526315e-6
71,87,-1.0729647e-7,-4.9452046e-6,4.9463683e-6
71,88,1.4606691e-7,-4.534065e-6,4.5364172e-6
71,89,9.663078e-7,-4.644088e-6,4.743554e-6
71,90,1.1538742e-6,-6.0267967e-6,6.136261e-6
71,91,1.9172498e-6,-6.0052093e-6,6.303839e-6
71,92,2.045292e-6,-5.852541e-6,6.1996334e-6
71,93,1.5987326e-6,-6.989493e-6,7.170004e-6
71,94,1.646813e-6,-6.3042453e-6,6.5157888e-6
71,95,1.3886666e-6,-6.236465e-6,6.389201e-6
71,96,2.7683832e-6,-7.695497e-6,8.178301e-6
71,97,3.6093595e-6,-7.962612e-6,8.742463e-6
71,98,2.9320206e-6,-8.353613e-6,8.853225e-6
71,99,2.1033532e-6,-7.1445274e-6,7.447709e-6
71,100,3.0017611e-6,-6.3550415e-6,7.0283086e-6
71,101,2.7597616e-6,-6.533405e-6,7.092367e-6
71,102,3.909288e-6,-6.6952366e-6,7.752982e-6
71,103,4.2566935e-6,-7.97906e-6,9.043497e-6
71,104,3.4397813e-6,-6.942368e-6,7.747811e-6
71,105,5.287746e-6,-4.9809037e-6,7.2642724e-6
71,106,7.953617e-6,-5.342708e-6,9.5814685e-6
71,107,2.1862768e-6,-1.4090751e-6,2.6010189e-6
71,108,2.068297e-6,-1.7770977e-7,2.0759173e-6
71,109,1.6397488e-6,-1.118278e-6,1.9847726e-6
71,110,2.0148295e-6,-2.545004e-6,3.2460105e-6
71,111,2.1796668e-6,-2.294566e-6,3.1648035e-6
71,112,6.9075504e-6,-3.6639346e-6,7.819122e-6
71,113,3.1293998e-6,-2.463999e-6,3.9830184e-6
71,114,2.2842437e-7,5.734677e-7,6.172867e-7
71,115,3.1992172e-7,9.486355e-8,3.3368997e-7
71,116,1.4578862e-7,-9.467251e-8,1.7383097e-7
71,117,-2.955595e-7,-5.4207595e-7,6.1741537e-7
71,118,-3.02471e-7,7.8319965e-7,8.395775e-7
71,119,1.5289282e-7,5.2955875e-7,5.511884e-7
71,120,9.766256e-8,1.6519424e-7,1.9190391e-7
71,121,1.18086525e-7,-2.7478617e-7,2.9908506e-7
71,122,4.6982525e-8,6.5579215e-8,8.067212e-8
71,123,-4.4224987e-7,3.6479307e-7,5.732878e-7
71,124,7.2686527e-7,-2.8803163e-8,7.2743575e-7
71,125,-1.0779819e-7,-6.758154e-7,6.843587e-7
71,126,-5.866235e-7,-7.3407165e-7,9.396746e-7
71,127,-1.727494e-7,-3.5310447e-7,3.9309683e-7
71,128,2.3261256e-7,1.2606154e-9,2.3261597e-7
72,1,6.497355e-8,-1.9404636e-7,2.0463517e-7
72,2,3.3431724e-7,3.818626e-7,5.0753033e-7
72,3,3.9962174e-7,1.0999479e-7,4.1448328e-7
72,4,2.5819637e-7,-3.0319586e-7,3.982375e-7
72,5,-7.046927e-8,-1.753946e-7,1.8902165e-7
72,6,1.3122057e-8,1.7271309e-7,1.7321085e-7
72,7,1.02790445e-7,-1.357156e-7,1.7024864e-7
72,8,-6.097764e-7,1.0879615e-7,6.194061e-7
72,9,-5.515665e-7,-3.0939256e-7,6.324155e-7
72,10,-4.6645056e-7,-2.5077561e-8,4.6712418e-7
72,11,-3.894156e-7,1.1646193e-8,3.895897e-7
72,12,4.96621e-8,5.360765e-8,7.3076016e-8
72,13,-3.6554243e-7,-5.116397e-7,6.288056e-7
72,14,4.5289434e-7,2.3535752e-7,5.103983e-7
72,15,1.5886161e-6,-1.0716859e-7,1.5922268e-6
72,16,3.6822573e-7,6.387855e-7,7.3731746e-7
72,17,4.807401e-7,1.9822252e-7,5.200031e-7
72,18,2.0539682e-7,1.2099866e-7,2.3838734e-7
72,19,2.9343498e-6,-1.0509164e-7,2.936231e-6
72,20,3.6015958e-6,-6.119359e-7,3.653212e-6
72,21,4.2018073e-6,-1.1862846e-6,4.366057e-6
72,22,2.4176993e-6,-8.153585e-7,2.5514857e-6
72,23,5.093349e-7,6.08928e-7,7.9386103e-7
72,24,3.475371e-6,-1.8937412e-6,3.9578354e-6
72,25,5.0198314e-6,-2.0417142e-6,5.419161e-6
72,26,5.293564e-6,-2.7262683e-6,5.9543563e-6
72,27,4.757995e-6,-3.1660616e-6,5.7151083e-6
72,28,4.7222848e-6,-2.549251e-6,5.3664376e-6
72,29,4.4825924e-6,-3.8088415e-6,5.882254e-6
72,30,3.507077e-6,-3.5705616e-6,5.0048475e-6
72,31,3.9062365e-6,-4.502861e-6,5.961077e-6
72,32,3.6872707e-6,-4.0192435e-6,5.454382e-6
72,33,3.1059542e-6,-4.437337e-6,5.4163556e-6
72,34,1.7614067e-6,-4.251808e-6,4.6022196e-6
72,35,4.0026484e-6,-3.8390167e-6,5.546102e-6
72,36,2.9195066e-6,-5.044878e-6,5.8287487e-6
72,37,2.4941687e-6,-4.749774e-6,5.364814e-6
72,38,1.9127228e-6,-4.1123235e-6,4.5353845e-6
72,39,2.9381617e-6,-3.9742054e-6,4.9423784e-6
72,40,1.9094152e-6,-4.107859e-6,4.5299416e-6
72,41,1.3189456e-6,-4.1208427e-6,4.326773e-6
72,42,1.9044943e-6,-4.6379896e-6,5.0137855e-6
72,43,1.567753e-6,-5.5991304e-6,5.814474e-6
72,44,1.1086405e-6,-4.6671307e-6,4.7969984e-6
72,45,7.5095545e-7,-4.86568e-6,4.923289e-6
72,46,5.1400883e-7,-4.915027e-6,4.9418313e-6
72,47,1.0141207e-6,-4.853062e-6,4.9578875e-6
72,48,9.99876e-7,-4.0664295e-6,4.1875533e-6
72,49,5.7878106e-7,-3.475253e-6,3.5231194e-6
72,50,8.0370336e-7,-3.7936477e-6,3.8778476e-6
72,51,6.1089395e-7,-4.4102694e-6,4.4523777e-6
72,52,-1.710587e-7,-3.8526764e-6,3.856472e-6
72,53,5.1526523e-8,-4.362588e-6,4.362892e-6
72,54,4.3135555e-7,-3.8139972e-6,3.8383123e-6
72,55,4.95615e-7,-4.2522574e-6,4.281043e-6
72,56,4.474375e-7,-4.3374166e-6,4.3604336e-6
72,57,2.491468e-7,-4.48744e-6,4.4943513e-6
72,58,3.7157514e-7,-5.02427e-6,5.0379917e-6
72,59,3.5337868e-7,-4.610711e-6,4.6242335e-6
72,60,9.119871e-8,-5.0712556e-6,5.0720755e-6
72,61,-3.044024e-7,-4.1082517e-6,4.1195135e-6
72,62,-5.728397e-7,-4.367368e-6,4.4047756e-6
72,63,-6.3499374e-7,-4.1247026e-6,4.1732947e-6
72,64,-3.517886e-7,-4.7941753e-6,4.8070647e-6
72,65,1.3164893e-7,-4.223761e-6,4.2258125e-6
72,66,-4.784081e-7,-4.6401897e-6,4.6647865e-6
72,67,-6.622097e-7,-4.0423574e-6,4.096239e-6
72,68,-5.2709925e-7,-3.7594305e-6,3.7962022e-6
72,69,-1.6880443e-7,-3.6537447e-6,3.657642e-6
72,70,3.43559e-7,-3.700702e-6,3.7166153e-6
72,71,-5.683622e-7,-4.714334e-6,4.7484714e-6
72,72,-5.604387e-7,-3.7050947e-6,3.7472414e-6
72,73,-3.2772934e-7,-3.4841996e-6,3.499579e-6
72,74,-5.5975465e-7,-3.7880384e-6,3.8291723e-6
72,75,7.3328477e-10,-2.9287737e-6,2.9287737e-6
72,76,-5.612455e-7,-2.5466743e-6,2.6077857e-6
72,77,3.066872e-7,-3.547522e-6,3.560754e-6
72,78,4.009197e-8,-3.5662392e-6,3.5664646e-6
72,79,1.7180314e-7,-2.686954e-6,2.692441e-6
72,80,7.975486e-7,-2.97293e-6,3.0780507e-6
72,81,4.0654217e-7,-3.5019627e-6,3.5254814e-6
72,82,6.79899e-7,-3.1299746e-6,3.202968e-6
72,83,1.9741736e-7,-4.7065287e-6,4.7106673e-6
72,84,-4.1637009e-7,-4.801954e-6,4.8199718e-6
72,85,1.09245505e-7,-5.774653e-6,5.775686e-6
72,86,1.6191615e-7,-6.4552914e-6,6.457322e-6
72,87,-2.443326e-7,-4.616246e-6,4.6227074e-6
72,88,4.3980964e-7,-5.408289e-6,5.4261423e-6
72,89,5.255448e-7,-5.271583e-6,5.2977152e-6
72,90,1.5407517e-6,-5.688338e-6,5.8933106e-6
72,91,2.1548062e-6,-5.945567e-6,6.3239986e-6
72,92,1.8902125e-6,-6.5807176e-6,6.8468057e-6
72,93,2.0701586e-6,-7.026243e-6,7.3248652e-6
72,94,1.597133e-6,-5.9377094e-6,6.148758e-6
72,95,1.7870179e-6,-7.2257203e-6,7.443418e-6
72,96,3.3693468e-6,-7.2298253e-6,7.976395e-6
72,97,4.0724653e-6,-8.644318e-6,9.555585e-6
72,98,2.2318943e-6,-7.826539e-6,8.138554e-6
72,99,2.5504794e-6,-5.5626197e-6,6.119451e-6
72,100,3.4639922e-6,-7.0387764e-6,7.844974e-6
72,101,3.662203e-6,-6.87391e-6,7.788605e-6
72,102,5.2571927e-6,-7.0318715e-6,8.779823e-6
72,103,4.715516e-6,-7.751466e-6,9.073109e-6
72,104,2.8246877e-6,-6.430861e-6,7.023876e-6
72,105,6.808586e-6,-5.144001e-6,8.533322e-6
72,106,4.7252015e-6,-3.7650086e-6,6.0417565e-6
72,107,-6.843185e-8,-2.412647e-7,2.5078194e-7
72,108,3.3908864e-6,-1.3663245e-6,3.6558108e-6
72,109,1.3049566e-6,-1.7961947e-6,2.2201864e-6
72,110,2.098949e-6,-3.7270574e-6,4.277446e-6
72,111,3.200527e-6,-1.8673273e-6,3.70544e-6
72,112,7.4054947e-6,-4.6138384e-6,8.725186e-6
72,113,1.5945881e-6,-1.5464557e-6,2.2213142e-6
72,114,3.1797785e-7,-2.5562935e-7,4.0799054e-7
72,115,2.4023041e-8,1.981332e-7,1.9958424e-7
72,116,7.079853e-9,-3.1248499e-7,3.125652e-7
72,117,-6.591977e-7,-3.1012164e-7,7.285033e-7
72,118,4.034171e-7,6.5025165e-7,7.652271e-7
72,119,1.4753942e-8,4.924286e-7,4.926496e-7
72,120,-9.507209e-8,-4.6096017e-7,4.706623e-7
72,121,3.1673576e-7,-2.199258e-8,3.1749838e-7
72,122,-4.606237e-7,-9.9253846e-8,4.7119585e-7
72,123,3.322811e-7,7.8531923e-7,8.527233e-7
72,124,2.0454142e-7,-3.954418e-7,4.452094e-7
72,125,-7.803594e-7,-8.203557e-7,1.1322297e-6
72,126,1.02794615e-7,1.0299005e-7,1.455118e-7
72,127,1.6584611e-8,-3.0362e-8,3.4596248e-8
72,128,8.583534e-8,8.679432e-9,8.627304e-8
73,1,-4.5964086e-8,-2.5928128e-7,2.633239e-7
73,2,1.4934284e-7,1.4653978e-7,2.0923e-7
73,3,1.0992988e-7,-1.9689546e-7,2.2550476e-7
73,4,4.202339e-8,-2.8399509e-8,5.0719795e-8
73,5,-9.602031e-8,-1.5838994e-7,1.8522222e-7
73,6,-2.702042e-8,9.525097e-8,9.900934e-8
73,7,2.0144049e-7,-4.178274e-8,2.0572814e-7
73,8,-3.0627373e-7,-8.416134e-8,3.1762673e-7
73,9,-6.208991e-7,3.9353694e-9,6.209115e-7
73,10,-2.6861494e-7,1.05375435e-7,2.8854456e-7
73,11,-3.7365362e-7,-1.7382287e-7,4.121061e-7
73,12,-2.0389498e-7,1.5754388e-7,2.5766886e-7
73,13,1.2606695e-7,-1.5464728e-7,1.9952107e-7
73,14,-2.168117e-7,4.625011e-8,2.2168985e-7
73,15,1.0632481e-6,3.3568824e-7,1.1149812e-6
73,16,1.2881824e-6,4.3630305e-7,1.3600641e-6
73,17,1.2614177e-7,5.6660235e-7,5.804739e-7
73,18,2.0775589e-7,4.0716614e-7,4.5710695e-7
73,19,2.3106725e-6,-6.9823983e-7,2.4138653e-6
73,20,3.5637067e-6,-6.650061e-7,3.6252227e-6
73,21,4.2226065e-6,-9.028217e-7,4.3180426e-6
73,22,4.1598296e-6,-2.0540936e-6,4.6393407e-6
73,23,3.95632e-7,5.3180327e-7,6.6282684e-7
73,24,2.8355737e-6,-1.0214094e-6,3.013927e-6
73,25,5.921384e-6,-2.747779e-6,6.527869e-6
73,26,4.649182e-6,-2.095783e-6,5.0997255e-6
73,27,4.8945826e-6,-3.5751843e-6,6.0612606e-6
73,28,3.690051e-6,-3.0553738e-6,4.790802e-6
73,29,4.2539596e-6,-3.385032e-6,5.4364154e-6
73,30,4.2293477e-6,-3.60474e-6,5.5571154e-6
73,31,4.14348e-6,-4.9559235e-6,6.4598457e-6
73,32,3.6680449e-6,-4.5718316e-6,5.861416e-6
73,33,3.3631623e-6,-4.0796963e-6,5.2872283e-6
73,34,2.3390287e-6,-4.8317193e-6,5.3681065e-6
73,35,2.0475823e-6,-4.204161e-6,4.6762766e-6
73,36,3.141009e-6,-3.995433e-6,5.0822655e-6
73,37,2.4362826e-6,-6.0235707e-6,6.497605e-6
73,38,8.071713e-7,-4.4876074e-6,4.559621e-6
73,39,1.6728779e-6,-4.3460836e-6,4.656926e-6
73,40,2.4982605e-6,-4.8392762e-6,5.44609e-6
73,41,1.599207e-6,-4.237109e-6,4.528858e-6
73,42,1.8531495e-6,-4.766548e-6,5.1141124e-6
73,43,1.692462e-6,-5.231987e-6,5.4989196e-6
73,44,1.5834896e-6,-5.462852e-6,5.687723e-6
73,45,1.6635437e-6,-4.8735164e-6,5.1496154e-6
73,46,1.4178206e-6,-5.0756894e-6,5.2699943e-6
73,47,1.1657582e-6,-4.582605e-6,4.728558e-6
73,48,1.0943385e-6,-3.8856206e-6,4.036784e-6
73,49,6.7087547e-7,-3.5322241e-6,3.5953694e-6
73,50,8.616104e-7,-4.215785e-6,4.302931e-6
73,51,1.2227875e-6,-4.7182516e-6,4.8741263e-6
73,52,7.444701e-8,-4.9107157e-6,4.91128e-6
73,53,2.6341957e-7,-4.2183788e-6,4.2265956e-6
73,54,5.596987e-7,-4.2004917e-6,4.2376164e-6
73,55,2.0665267e-7,-4.5355846e-6,4.54029e-6
73,56,7.575257e-7,-4.364116e-6,4.4293743e-6
73,57,5.761274e-7,-4.743172e-6,4.7780336e-6
73,58,-2.1694246e-9,-4.4580333e-6,4.458034e-6
73,59,5.3859793e-7,-4.776229e-6,4.8065012e-6
73,60,1.2179966e-7,-5.2130204e-6,5.2144433e-6
73,61,-1.1636063e-6,-5.227159e-6,5.355107e-6
73,62,-4.965127e-7,-4.919168e-6,4.9441624e-6
73,63,-7.208258e-7,-4.428186e-6,4.486471e-6
73,64,-1.4456869e-7,-3.7245165e-6,3.7273212e-6
73,65,-3.2014142e-7,-4.5747715e-6,4.5859597e-6
73,66,1.695937e-7,-4.337808e-6,4.3411223e-6
73,67,-5.868352e-7,-3.4094544e-6,3.459589e-6
73,68,-5.544125e-7,-3.6761735e-6,3.7177447e-6
73,69,-8.5877343e-7,-3.1986863e-6,3.311961e-6
73,70,-2.3413823e-7,-4.4004096e-6,4.406634e-6
73,71,-5.0054915e-8,-4.3634554e-6,4.3637424e-6
73,72,-2.8305678e-7,-4.5741294e-6,4.5828792e-6
73,73,-3.9311382e-7,-3.7966827e-6,3.81698e-6
73,74,-9.4033844e-8,-4.674231e-6,4.675177e-6
73,75,-5.1007794e-7,-3.814439e-6,3.848392e-6
73,76,-5.607614e-7,-3.6221852e-6,3.6653348e-6
73,77,1.3959448e-7,-2.3523726e-6,2.3565108e-6
73,78,-2.836146e-7,-2.364182e-6,2.3811328e-6
73,79,8.029746e-7,-1.7890032e-6,1.9609438e-6
73,80,1.3613825e-6,-2.9940231e-6,3.2890025e-6
73,81,8.093007e-7,-2.5319455e-6,2.6581413e-6
73,82,6.257414e-7,-3.4388845e-6,3.495351e-6
73,83,3.153509e-8,-3.0733368e-6,3.0734986e-6
73,84,2.76699e-7,-5.1722845e-6,5.1796806e-6
73,85,9.563105e-7,-6.2439776e-6,6.316786e-6
73,86,-2.1092186e-8,-5.9132194e-6,5.913257e-6
73,87,-1.5757007e-7,-5.3221656e-6,5.3244976e-6
73,88,1.2027533e-6,-6.4022947e-6,6.5142913e-6
73,89,1.8728373e-6,-5.396263e-6,5.71202e-6
73,90,2.0054542e-6,-5.5988985e-6,5.9472272e-6
73,91,2.0546274e-6,-5.7828292e-6,6.136987e-6
73,92,2.2370448e-6,-7.5934463e-6,7.91611e-6
73,93,2.0336106e-6,-6.9583843e-6,7.249461e-6
73,94,1.0996342e-6,-6.990331e-6,7.0762926e-6
73,95,3.027661e-6,-7.3937904e-6,7.989673e-6
73,96,3.22456e-6,-6.9353373e-6,7.648313e-6
73,97,3.635862e-6,-7.706524e-6,8.52115e-6
73,98,2.1372696e-6,-7.0986994e-6,7.4134646e-6
73,99,3.4427374e-6,-4.9205223e-6,6.0053294e-6
73,100,2.6906812e-6,-7.1161994e-6,7.6078945e-6
73,101,4.6886803e-6,-7.215503e-6,8.605069e-6
73,102,4.900447e-6,-6.6841267e-6,8.28806e-6
73,103,4.1954168e-6,-6.7633064e-6,7.958884e-6
73,104,3.7108482e-6,-5.0629974e-6,6.2772874e-6
73,105,7.303901e-6,-6.3223456e-6,9.660177e-6
73,106,3.1267643e-6,-2.779545e-6,4.183602e-6
73,107,9.770225e-7,-2.7616375e-7,1.0153026e-6
73,108,3.005396e-6,-1.8106911e-6,3.5087044e-6
73,109,1.746134e-6,-1.516002e-6,2.3124114e-6
73,110,2.4597114e-6,-2.1740477e-6,3.282783e-6
73,111,3.930599e-6,-2.0999319e-6,4.4563803e-6
73,112,7.07497e-6,-5.152004e-6,8.752048e-6
73,113,9.135777e-7,-8.8247305e-7,1.2701901e-6
73,114,3.4167033e-7,-2.7426384e-7,4.3813156e-7
73,115,-1.7678978e-7,5.9964486e-7,6.2516284e-7
73,116,-2.7046042e-7,-4.3600485e-7,5.13078e-7
73,117,-3.443775e-7,3.6734986e-7,5.035293e-7
73,118,7.090138e-7,3.1882573e-7,7.773998e-7
73,119,-3.705085e-7,2.642981e-7,4.551154e-7
73,120,1.1889317e-7,-5.511972e-7,5.6387404e-7
73,121,5.982433e-8,-3.4706529e-9,5.992492e-8
73,122,2.9580006e-8,-2.337372e-7,2.3560148e-7
73,123,5.797153e-7,4.4783613e-7,7.325483e-7
73,124,-3.960626e-7,-7.338164e-7,8.338778e-7
73,125,-2.042538e-7,-1.1258618e-7,2.3322791e-7
73,126,1.3648126e-7,1.5620616e-8,1.3737227e-7
73,127,-1.0985844e-7,-2.26237e-7,2.514996e-7
73,128,-1.4433445e-7,3.730519e-8,1.4907754e-7
74,1,-9.860449e-8,-3.0189344e-8,1.0312246e-7
74,2,2.0037572e-7,-4.7458113e-9,2.0043191e-7
74,3,3.1442707e-7,-1.8247559e-7,3.6354055e-7
74,4,2.0200451e-7,-1.2416272e-8,2.0238573e-7
74,5,3.6409202e-7,-1.16769286e-7,3.8235856e-7
74,6,-2.2910798e-7,-1.7363695e-7,2.8747218e-7
74,7,1.07028754e-7,6.2238996e-8,1.2380973e-7
74,8,-7.4537446e-8,-3.1814245e-8,8.1043055e-8
74,9,-4.2701237e-7,6.458323e-8,4.3186867e-7
74,10,-5.108621e-7,2.1078623e-7,5.5263996e-7
74,11,-4.20654e-7,-1.7781764e-7,4.5669344e-7
74,12,-3.288751e-7,-8.023659e-8,3.385214e-7
74,13,4.3825293e-7,-8.053669e-8,4.455915e-7
74,14,-1.0856207e-7,1.9011925e-7,2.1893162e-7
74,15,8.040434e-7,1.1193879e-7,8.1179803e-7
74,16,1.3948609e-6,1.9877615e-7,1.408953e-6
74,17,1.0978227e-6,1.6762938e-7,1.1105469e-6
74,18,8.970535e-8,9.4670816e-7,9.509487e-7
74,19,1.2407858e-6,3.3120358e-7,1.2842294e-6
74,20,2.7447343e-6,-1.3503092e-6,3.0589051e-6
74,21,3.2489972e-6,-1.1161806e-6,3.435381e-6
74,22,4.919785e-6,-2.0566981e-6,5.3323815e-6
74,23,8.966762e-7,-3.963656e-7,9.803744e-7
74,24,8.397318e-7,7.3184744e-8,8.4291486e-7
74,25,6.2808526e-6,-3.6492545e-6,7.2640323e-6
74,26,4.561732e-6,-1.7727095e-6,4.894068e-6
74,27,4.167318e-6,-2.6712212e-6,4.9499454e-6
74,28,2.2550937e-6,-2.3654495e-6,3.2681492e-6
74,29,2.5512936e-6,-2.3284597e-6,3.4541024e-6
74,30,3.6996594e-6,-3.562342e-6,5.1359284e-6
74,31,3.4990646e-6,-5.412626e-6,6.445151e-6
74,32,4.128976e-6,-3.872221e-6,5.6606127e-6
74,33,3.3500073e-6,-3.4063437e-6,4.7776275e-6
74,34,3.5590078e-6,-4.8560946e-6,6.020647e-6
74,35,2.098071e-6,-4.0566415e-6,4.5670827e-6
74,36,2.5241363e-6,-4.399507e-6,5.0721715e-6
74,37,3.6662323e-6,-5.1231755e-6,6.299856e-6
74,38,2.6369607e-6,-5.0186063e-6,5.6692124e-6
74,39,2.454591e-6,-4.568576e-6,5.1862226e-6
74,40,2.3222124e-6,-5.5098167e-6,5.9791932e-6
74,41,1.5056461e-6,-4.7097747e-6,4.9445875e-6
74,42,1.1948404e-6,-5.216005e-6,5.3511076e-6
74,43,2.2264744e-6,-4.8933052e-6,5.376023e-6
74,44,1.4130702e-6,-5.44874e-6,5.6289905e-6
74,45,1.6886563e-6,-5.3898184e-6,5.648159e-6
74,46,1.9693462e-6,-4.727292e-6,5.121095e-6
74,47,8.7988093e-7,-5.187478e-6,5.26157e-6
74,48,1.2888751e-6,-3.1479449e-6,3.4015814e-6
74,49,4.0104348e-7,-3.8507046e-6,3.871532e-6
74,50,5.36316e-7,-4.6361993e-6,4.6671166e-6
74,51,1.060612e-6,-4.0197474e-6,4.157315e-6
74,52,1.1515086e-6,-5.6346635e-6,5.751122e-6
74,53,5.721971e-7,-4.978116e-6,5.010893e-6
74,54,5.2334804e-7,-4.9030955e-6,4.930947e-6
74,55,6.077737e-7,-4.3773716e-6,4.419363e-6
74,56,4.114769e-7,-3.6864112e-6,3.7093046e-6
74,57,3.69477e-7,-4.796488e-6,4.8106976e-6
74,58,2.0761165e-7,-4.351446e-6,4.356396e-6
74,59,5.9442056e-7,-4.5193665e-6,4.55829e-6
74,60,1.4509656e-7,-4.528161e-6,4.530485e-6
74,61,4.6343406e-8,-5.1509464e-6,5.1511547e-6
74,62,1.6043609e-7,-5.0232466e-6,5.025808e-6
74,63,-2.2271492e-7,-4.1846456e-6,4.1905682e-6
74,64,-5.923316e-7,-4.835765e-6,4.8719075e-6
74,65,-3.0438818e-7,-4.645071e-6,4.6550335e-6
74,66,-1.5198461e-7,-4.37376e-6,4.3764e-6
74,67,-1.2251671e-6,-3.5891435e-6,3.7924906e-6
74,68,-9.5312316e-7,-4.4344583e-6,4.535732e-6
74,69,-9.541585e-7,-3.5628843e-6,3.6884364e-6
74,70,-1.533227e-7,-4.3042605e-6,4.3069904e-6
74,71,-1.7727835e-8,-3.5326616e-6,3.5327062e-6
74,72,-6.955934e-7,-3.872373e-6,3.9343513e-6
74,73,2.5550332e-7,-3.9219017e-6,3.930216e-6
74,74,2.5644076e-7,-4.308683e-6,4.3163077e-6
74,75,-5.7127176e-7,-3.890231e-6,3.931952e-6
74,76,7.47709e-8,-3.860014e-6,3.860738e-6
74,77,-2.6343812e-7,-3.6820925e-6,3.6915044e-6
74,78,-1.7976258e-7,-2.4793794e-6,2.4858875e-6
74,79,9.3446556e-7,-2.649593e-6,2.8095496e-6
74,80,1.2588989e-6,-3.2093712e-6,3.447447e-6
74,81,5.1235855e-7,-2.6275525e-6,2.6770401e-6
74,82,5.4600264e-7,-3.2969983e-6,3.3419033e-6
74,83,3.0450286e-7,-3.256445e-6,3.2706507e-6
74,84,1.0899402e-6,-3.169002e-6,3.3512001e-6
74,85,7.4066924e-7,-5.72442e-6,5.772138e-6
74,86,-4.787654e-7,-6.4992614e-6,6.5168715e-6
74,87,7.0977273e-7,-6.5082354e-6,6.546824e-6
74,88,1.3581675e-6,-5.432536e-6,5.599738e-6
74,89,1.9814488e-6,-4.9122946e-6,5.296865e-6
74,90,1.3271722e-6,-5.9215763e-6,6.06848e-6
74,91,2.5182183e-6,-6.3481257e-6,6.8293575e-6
74,92,2.4621631e-6,-7.3418682e-6,7.743725e-6
74,93,2.1065123e-6,-7.1978498e-6,7.4997624e-6
74,94,2.320799e-6,-7.3548395e-6,7.712313e-6
74,95,3.3902988e-6,-6.7416504e-6,7.5461235e-6
74,96,2.9694743e-6,-6.57623e-6,7.215579e-6
74,97,3.868526e-6,-7.348478e-6,8.304554e-6
74,98,2.8521465e-6,-7.117928e-6,7.668092e-6
74,99,3.5174594e-6,-6.1129144e-6,7.052676e-6
74,100,2.8900863e-6,-7.0335386e-6,7.604161e-6
74,101,4.86231e-6,-6.556493e-6,8.1626995e-6
74,102,4.3279642e-6,-6.140876e-6,7.5127646e-6
74,103,4.7420303e-6,-6.253829e-6,7.84839e-6
74,104,5.4261077e-6,-5.25077e-6,7.5507105e-6
74,105,9.222784e-6,-7.15043e-6,1.1669978e-5
74,106,2.9901692e-6,-2.859471e-6,4.1373523e-6
74,107,1.6622532e-6,-1.2773218e-7,1.6671537e-6
74,108,2.667637e-6,-8.910055e-7,2.812504e-6
74,109,2.5330096e-6,-2.0033035e-6,3.2294524e-6
74,110,2.5951324e-6,-1.9671722e-6,3.256452e-6
74,111,5.9041495e-6,-2.8418383e-6,6.5524823e-6
74,112,6.2098425e-6,-5.0892827e-6,8.028882e-6
74,113,-3.4792853e-7,6.042538e-7,6.972639e-7
74,114,5.377226e-7,-2.5390298e-7,5.946531e-7
74,115,-3.9888303e-7,6.397378e-7,7.5390454e-7
74,116,5.8740714e-8,-3.860248e-7,3.9046844e-7
74,117,6.0211924e-8,8.6499966e-7,8.670928e-7
74,118,6.109183e-7,1.6874888e-7,6.33796e-7
74,119,-3.5325505e-7,4.484303e-7,5.70858e-7
74,120,7.894533e-8,-1.5279369e-7,1.7198336e-7
74,121,-3.7681147e-9,-1.8233015e-7,1.8236909e-7
74,122,4.807963e-7,5.6880456e-8,4.841492e-7
74,123,1.04300305e-7,3.4782556e-8,1.09947166e-7
74,124,-8.507795e-7,-1.1858906e-6,1.4595075e-6
74,125,-1.3996534e-7,-1.3540278e-9,1.3997189e-7
74,126,-4.9477313e-7,-4.376103e-7,6.605325e-7
74,127,3.0559656e-7,-1.708813e-7,3.501281e-7
74,128,-1.2429531e-7,1.02941435e-7,1.6138854e-7
75,1,1.7194216e-7,-2.0382588e-8,1.7314606e-7
75,2,1.9158752e-7,-2.7361816e-8,1.935315e-7
75,3,4.975858e-7,8.250807e-8,5.0438e-7
75,4,6.842958e-7,9.934497e-8,6.9146955e-7
75,5,2.9562503e-7,2.2264001e-7,3.7008476e-7
75,6,-4.315099e-9,-4.7143256e-8,4.734033e-8
75,7,-1.2000869e-7,-1.6341038e-7,2.0274378e-7
75,8,1.053966e-7,2.9043053e-7,3.0896334e-7
75,9,-4.7776916e-7,-2.2978239e-7,5.3015407e-7
75,10,-9.3478945e-7,-7.084769e-8,9.3747036e-7
75,11,-4.806448e-7,-2.8450793e-7,5.585376e-7
75,12,-3.0532698e-7,-4.9189623e-7,5.789529e-7
75,13,3.8687523e-7,8.8167994e-8,3.9679472e-7
75,14,6.1727526e-8,4.3338582e-7,4.377597e-7
75,15,1.4589534e-8,4.512491e-8,4.7424805e-8
75,16,1.4923986e-6,2.5383795e-7,1.513832e-6
75,17,1.1009319e-6,3.3606022e-7,1.1510809e-6
75,18,5.1504823e-9,5.2164773e-7,5.2167314e-7
75,19,3.48613e-7,4.3434932e-7,5.569474e-7
75,20,2.901312e-6,-1.4533035e-6,3.2449502e-6
75,21,3.1971508e-6,-7.965554e-7,3.294886e-6
75,22,4.663871e-6,-1.3118342e-6,4.8448533e-6
75,23,1.8219968e-6,3.293276e-7,1.8515207e-6
75,24,-1.12647434e-7,6.208563e-7,6.309929e-7
75,25,4.1831713e-6,-2.5161294e-6,4.8815805e-6
75,26,4.216264e-6,-2.490698e-6,4.896985e-6
75,27,3.882648e-6,-2.235592e-6,4.480271e-6
75,28,3.7753744e-6,-3.1979735e-6,4.947776e-6
75,29,3.302677e-6,-2.6413898e-6,4.2290208e-6
75,30,4.3571226e-6,-4.213434e-6,6.06115e-6
75,31,3.9408847e-6,-4.423281e-6,5.9241866e-6
75,32,4.508323e-6,-5.33251e-6,6.982882e-6
75,33,3.1521622e-6,-3.3272356e-6,4.5832985e-6
75,34,4.1359694e-6,-4.230927e-6,5.9166705e-6
75,35,3.9143374e-6,-5.1646225e-6,6.480383e-6
75,36,2.4214992e-6,-5.254076e-6,5.7852376e-6
75,37,2.8184106e-6,-4.2384686e-6,5.0899957e-6
75,38,2.3140506e-6,-4.707025e-6,5.2450846e-6
75,39,2.402561e-6,-4.1821704e-6,4.8231577e-6
75,40,2.3790838e-6,-4.89829e-6,5.445483e-6
75,41,2.354015e-6,-4.391065e-6,4.9822524e-6
75,42,2.0240684e-6,-4.746395e-6,5.159953e-6
75,43,1.6724924e-6,-4.9645146e-6,5.238667e-6
75,44,1.9839351e-6,-4.3075047e-6,4.742425e-6
75,45,1.1325553e-6,-4.026128e-6,4.18239e-6
75,46,1.8336426e-6,-4.388337e-6,4.756022e-6
75,47,1.526897e-6,-5.2530927e-6,5.4705024e-6
75,48,1.1967797e-6,-5.6971367e-6,5.8214814e-6
75,49,4.5022276e-7,-6.340572e-6,6.3565362e-6
75,50,-4.109779e-7,-5.522774e-6,5.538044e-6
75,51,4.29529e-7,-5.0165318e-6,5.0348867e-6
75,52,1.2879897e-6,-4.5993365e-6,4.776276e-6
75,53,1.0747011e-6,-4.68057e-6,4.8023658e-6
75,54,1.260515e-7,-5.138869e-6,5.1404145e-6
75,55,1.2058715e-6,-3.7252846e-6,3.9155934e-6
75,56,4.3135032e-7,-3.922368e-6,3.9460147e-6
75,57,-6.43541e-9,-4.5268e-6,4.5268043e-6
75,58,1.5793574e-7,-4.623517e-6,4.6262135e-6
75,59,3.6027166e-7,-3.9225993e-6,3.9391093e-6
75,60,1.0914542e-6,-5.015542e-6,5.132926e-6
75,61,8.214169e-7,-4.4376643e-6,4.513047e-6
75,62,4.1576362e-7,-4.886399e-6,4.904055e-6
75,63,-2.5931826e-7,-4.693103e-6,4.7002623e-6
75,64,-2.0976107e-7,-5.2607584e-6,5.2649384e-6
75,65,1.13609595e-7,-4.623402e-6,4.624798e-6
75,66,-2.874401e-7,-3.7138948e-6,3.7250015e-6
75,67,1.3907835e-7,-3.694096e-6,3.696713e-6
75,68,3.955074e-8,-4.979179e-6,4.9793357e-6
75,69,-1.4721778e-7,-5.0831827e-6,5.085314e-6
75,70,-6.971932e-7,-4.3428645e-6,4.3984714e-6
75,71,-1.8390446e-7,-5.2214004e-6,5.2246382e-6
75,72,-2.959822e-8,-3.6509207e-6,3.6510407e-6
75,73,-4.4945492e-7,-4.300411e-6,4.3238347e-6
75,74,-2.62086e-7,-4.049697e-6,4.058169e-6
75,75,1.2866178e-7,-4.5267443e-6,4.5285724e-6
75,76,-1.6583326e-7,-4.6263217e-6,4.629293e-6
75,77,-4.3037394e-7,-4.6368655e-6,4.656795e-6
75,78,5.509077e-7,-3.6920565e-6,3.7329319e-6
75,79,1.2716971e-6,-3.638424e-6,3.854263e-6
75,80,8.047661e-7,-3.828891e-6,3.9125507e-6
75,81,5.7078654e-7,-3.5203602e-6,3.5663334e-6
75,82,5.792134e-7,-3.5595147e-6,3.6063323e-6
75,83,5.964734e-7,-2.8122042e-6,2.874765e-6
75,84,5.036248e-7,-3.597098e-6,3.6321828e-6
75,85,3.6608517e-7,-5.8856895e-6,5.8970636e-6
75,86,4.179498e-7,-6.9501616e-6,6.962717e-6
75,87,1.5384948e-6,-5.6202994e-6,5.827069e-6
75,88,9.620209e-7,-5.3913623e-6,5.47652e-6
75,89,1.7480595e-6,-5.8166656e-6,6.073657e-6
75,90,2.2098245e-6,-6.349376e-6,6.722938e-6
75,91,3.0355234e-6,-7.0919664e-6,7.714298e-6
75,92,2.2750887e-6,-6.8147056e-6,7.1844443e-6
75,93,2.4940082e-6,-6.935514e-6,7.3703077e-6
75,94,3.393586e-6,-6.7082997e-6,7.5178264e-6
75,95,3.3980098e-6,-6.2223085e-6,7.089682e-6
75,96,3.8026585e-6,-7.517966e-6,8.424964e-6
75,97,4.2485303e-6,-7.074034e-6,8.251785e-6
75,98,2.281241e-6,-5.765748e-6,6.200638e-6
75,99,4.0606083e-6,-6.197251e-6,7.4090794e-6
75,100,3.4561224e-6,-7.1150916e-6,7.910076e-6
75,101,4.3888476e-6,-5.638779e-6,7.1454747e-6
75,102,5.0726157e-6,-6.596806e-6,8.3216155e-6
75,103,5.7863904e-6,-5.977072e-6,8.319116e-6
75,104,6.7756555e-6,-5.8107685e-6,8.926059e-6
75,105,8.612169e-6,-7.453085e-6,1.13893775e-5
75,106,3.6314698e-6,-3.835178e-6,5.2816818e-6
75,107,2.1094345e-6,-5.988721e-7,2.1927976e-6
75,108,1.6842753e-6,-1.6444216e-6,2.3539128e-6
75,109,2.3446507e-6,-1.8062542e-6,2.9597197e-6
75,110,2.6351272e-6,-2.3290465e-6,3.5168669e-6
75,111,6.9919097e-6,-4.5703596e-6,8.353142e-6
75,112,3.780005e-6,-3.1934617e-6,4.9483974e-6
75,113,1.15714954e-7,4.8264843e-7,4.96326e-7
75,114,4.0980495e-7,-1.1921493e-7,4.2679304e-7
75,115,-2.980253e-7,7.560321e-7,8.126522e-7
75,116,-1.08093424e-7,-3.21787e-7,3.3945702e-7
75,117,4.2012914e-7,1.1114098e-6,1.1881667e-6
75,118,2.1770211e-7,5.1693075e-7,5.609025e-7
75,119,-2.7474337e-7,4.2154622e-7,5.0317504e-7
75,120,4.073549e-8,-2.5694575e-7,2.6015476e-7
75,121,2.5497232e-7,4.5320093e-8,2.5896873e-7
75,122,-6.924691e-8,-8.563133e-9,6.977436e-8
75,123,2.0781034e-7,-5.016552e-7,5.4299454e-7
75,124,-9.785762e-7,-1.5396056e-7,9.906136e-7
75,125,-3.8339127e-8,-3.0242805e-7,3.048485e-7
75,126,3.103524e-8,-2.7753168e-7,2.7926157e-7
75,127,-5.1485944e-8,-2.9567e-8,5.9371793e-8
75,128,6.8166264e-9,-3.381143e-7,3.3818299e-7
76,1,-2.1725275e-7,-1.405507e-7,2.5875326e-7
76,2,-6.535244e-8,1.0698051e-7,1.2536256e-7
76,3,6.176941e-7,7.791014e-8,6.225882e-7
76,4,6.5180717e-7,2.066757e-7,6.8378904e-7
76,5,3.0589558e-7,4.288322e-8,3.0888683e-7
76,6,3.8971368e-7,-2.562791e-7,4.664287e-7
76,7,-3.9773212e-8,-1.0265989e-7,1.10095236e-7
76,8,1.2689377e-7,1.112435e-7,1.6875173e-7
76,9,-5.1816056e-7,1.0533178e-7,5.287581e-7
76,10,-9.627084e-7,2.0282421e-8,9.629221e-7
76,11,-3.9370306e-7,3.9473903e-8,3.95677e-7
76,12,2.7671387e-8,-4.2084577e-7,4.217545e-7
76,13,-2.3076076e-7,5.5933424e-7,6.0506636e-7
76,14,-2.8157277e-7,3.9591274e-7,4.8582933e-7
76,15,3.2779914e-7,-3.3167905e-7,4.6632957e-7
76,16,1.526555e-6,-2.5140685e-7,1.5471185e-6
76,17,1.5156035e-6,3.7183395e-7,1.5605493e-6
76,18,5.0690915e-7,2.2985749e-7,5.5658904e-7
76,19,-2.5698432e-7,2.701292e-7,3.728414e-7
76,20,3.7825007e-6,-9.0552584e-7,3.8893813e-6
76,21,2.4503377e-6,-5.750994e-7,2.5169215e-6
76,22,3.421532e-6,-8.481798e-7,3.5250944e-6
76,23,3.7652999e-6,-5.6580365e-7,3.8075736e-6
76,24,2.0626062e-7,2.5331317e-7,3.266665e-7
76,25,3.0271576e-6,-1.3258975e-6,3.3047977e-6
76,26,4.83088e-6,-2.236352e-6,5.3234075e-6
76,27,4.5267616e-6,-2.552213e-6,5.196668e-6
76,28,4.158819e-6,-3.4621778e-6,5.411326e-6
76,29,3.5841865e-6,-2.791952e-6,4.5432794e-6
76,30,4.518493e-6,-2.3933546e-6,5.1132106e-6
76,31,4.2377847e-6,-4.1461735e-6,5.9287077e-6
76,32,4.0400364e-6,-3.486688e-6,5.3365616e-6
76,33,2.555792e-6,-5.141322e-6,5.7415386e-6
76,34,3.375621e-6,-4.2520574e-6,5.429071e-6
76,35,4.1007984e-6,-4.189591e-6,5.862527e-6
76,36,4.6208993e-6,-4.729927e-6,6.612482e-6
76,37,3.7900663e-6,-4.124529e-6,5.6014587e-6
76,38,2.9742932e-6,-4.30127e-6,5.229469e-6
76,39,2.458964e-6,-4.371382e-6,5.0155245e-6
76,40,2.8315421e-6,-4.4581825e-6,5.2813843e-6
76,41,2.462687e-6,-4.3573855e-6,5.005161e-6
76,42,1.6077139e-6,-4.5967804e-6,4.869819e-6
76,43,1.0410469e-6,-4.93077e-6,5.0394715e-6
76,44,1.2286251e-6,-5.054647e-6,5.201824e-6
76,45,1.5409876e-6,-4.8454726e-6,5.084609e-6
76,46,2.4689984e-6,-4.6463288e-6,5.2615896e-6
76,47,2.7121257e-6,-5.0098215e-6,5.6968356e-6
76,48,1.4685213e-6,-5.3594085e-6,5.556961e-6
76,49,7.879569e-7,-4.6943405e-6,4.7600115e-6
76,50,3.926469e-7,-4.5325287e-6,4.549504e-6
76,51,1.1219352e-6,-4.3291343e-6,4.472152e-6
76,52,4.807452e-7,-4.0291234e-6,4.057703e-6
76,53,6.158497e-7,-4.5588163e-6,4.6002256e-6
76,54,1.1126656e-6,-5.0207204e-6,5.142534e-6
76,55,7.6629703e-7,-4.9629334e-6,5.0217445e-6
76,56,1.9417296e-6,-5.075203e-6,5.433967e-6
76,57,1.1903626e-6,-4.52354e-6,4.67754e-6
76,58,8.469469e-7,-4.361608e-6,4.443078e-6
76,59,4.5991354e-7,-5.1465613e-6,5.16707e-6
76,60,5.9625154e-7,-4.4416934e-6,4.481535e-6
76,61,6.6335764e-7,-4.0060886e-6,4.060639e-6
76,62,-4.4813805e-7,-5.154383e-6,5.1738275e-6
76,63,-7.8074436e-8,-5.023473e-6,5.0240797e-6
76,64,1.9332566e-7,-5.64193e-6,5.6452413e-6
76,65,-6.606283e-8,-4.924459e-6,4.924902e-6
76,66,-1.204275e-7,-3.711198e-6,3.7131513e-6
76,67,6.5699865e-8,-4.808314e-6,4.8087627e-6
76,68,5.7050414e-7,-4.876073e-6,4.909334e-6
76,69,-3.646631e-8,-4.5475836e-6,4.54773e-6
76,70,1.513176e-7,-5.459141e-6,5.461238e-6
76,71,2.0750169e-7,-4.7658955e-6,4.7704107e-6
76,72,-1.5294471e-7,-5.0310796e-6,5.033404e-6
76,73,-4.168673e-7,-4.3415102e-6,4.3614777e-6
76,74,8.978162e-9,-4.356582e-6,4.356591e-6
76,75,7.176157e-7,-4.390884e-6,4.4491385e-6
76,76,5.7147226e-8,-5.2976125e-6,5.297921e-6
76,77,3.5241047e-7,-4.8274896e-6,4.840336e-6
76,78,8.350313e-7,-4.6054183e-6,4.680508e-6
76,79,8.7278454e-7,-4.8466304e-6,4.924589e-6
76,80,7.362402e-7,-5.910969e-6,5.9566437e-6
76,81,8.962057e-7,-5.5781065e-6,5.6496424e-6
76,82,6.761118e-7,-4.887068e-6,4.9336154e-6
76,83,6.2198507e-7,-3.9371066e-6,3.9859347e-6
76,84,8.6078603e-7,-5.493853e-6,5.560879e-6
76,85,9.011127e-7,-6.661789e-6,6.722458e-6
76,86,1.1601252e-6,-6.5133363e-6,6.6158477e-6
76,87,4.419554e-7,-5.636331e-6,5.653632e-6
76,88,1.2804826e-6,-6.355533e-6,6.483243e-6
76,89,1.623465e-6,-6.1168853e-6,6.328659e-6
76,90,2.4977687e-6,-6.3165744e-6,6.792493e-6
76,91,3.23227e-6,-6.681081e-6,7.4218874e-6
76,92,2.1764426e-6,-6.9146977e-6,7.2491343e-6
76,93,2.9866337e-6,-6.560976e-6,7.2087714e-6
76,94,3.2401877e-6,-6.49469e-6,7.258086e-6
76,95,3.710156e-6,-6.846383e-6,7.7870545e-6
76,96,4.563669e-6,-7.724506e-6,8.971904e-6
76,97,3.6423114e-6,-6.9962366e-6,7.88757e-6
76,98,3.2866812e-6,-6.809632e-6,7.561307e-6
76,99,4.2629244e-6,-6.8886866e-6,8.10102e-6
76,100,4.064745e-6,-6.3095704e-6,7.50552e-6
76,101,4.878277e-6,-7.028712e-6,8.555722e-6
76,102,5.880407e-6,-6.9411376e-6,9.097174e-6
76,103,6.3262337e-6,-6.4201877e-6,9.013326e-6
76,104,7.151519e-6,-7.754834e-6,1.0549013e-5
76,105,6.8378627e-6,-7.0906035e-6,9.850534e-6
76,106,3.3616104e-6,-2.1436824e-6,3.9869537e-6
76,107,7.6620984e-7,-1.8119624e-6,1.9673041e-6
76,108,1.6172546e-6,-1.4026392e-6,2.140773e-6
76,109,2.4895378e-6,-2.0995033e-6,3.2566413e-6
76,110,4.1769536e-6,-3.1115858e-6,5.2085416e-6
76,111,6.629816e-6,-4.862919e-6,8.22207e-6
76,112,1.6451055e-6,-1.0581848e-6,1.956049e-6
76,113,3.665096e-7,-4.7190446e-7,5.975141e-7
76,114,-1.12675316e-7,4.488748e-7,4.628005e-7
76,115,-1.4454469e-7,-1.4976234e-8,1.4531845e-7
76,116,-4.6108518e-8,2.117911e-7,2.1675208e-7
76,117,6.108796e-7,5.091358e-7,7.9523153e-7
76,118,-6.0145277e-7,4.9024294e-7,7.7594046e-7
76,119,-7.3849715e-10,6.81421e-8,6.81461e-8
76,120,1.0745158e-7,-1.1418816e-7,1.5679534e-7
76,121,-8.339215e-8,-1.9150383e-7,2.0887309e-7
76,122,3.6095236e-7,5.7424288e-8,3.6549164e-7
76,123,-6.393119e-7,-3.9500208e-7,7.514961e-7
76,124,-5.943709e-7,-2.9130524e-7,6.61918e-7
76,125,-3.846881e-7,-3.2760386e-7,5.052813e-7
76,126,-7.501791e-8,-3.2366543e-7,3.3224538e-7
76,127,-2.6138287e-7,-3.3465483e-7,4.2463498e-7
76,128,5.799874e-7,-3.2300844e-7,6.638673e-7
77,1,6.241313e-8,-3.8077786e-7,3.85859e-7
77,2,-5.239372e-7,-1.7630538e-7,5.528054e-7
77,3,2.5469245e-7,6.361862e-8,2.6251777e-7
77,4,6.979225e-7,-3.008497e-7,7.600042e-7
77,5,2.567733e-7,-7.6057624e-8,2.6780083e-7
77,6,3.416006e-8,2.8835867e-8,4.4703658e-8
77,7,-3.3676645e-7,-2.5766516e-7,4.240318e-7
77,8,2.1776879e-8,1.4883847e-7,1.5042315e-7
77,9,1.6193995e-7,1.4442289e-8,1.6258268e-7
77,10,-3.9228078e-7,1.415565e-7,4.170401e-7
77,11,-8.414928e-7,-3.0261884e-7,8.9425293e-7
77,12,1.7309654e-7,-1.1685995e-8,1.7349056e-7
77,13,-3.8818342e-7,2.4192738e-7,4.5740052e-7
77,14,-2.0135765e-7,2.1173875e-7,2.921955e-7
77,15,-3.016582e-8,-2.0704138e-10,3.016653e-8
77,16,5.1948655e-7,-8.38925e-8,5.262169e-7
77,17,9.4390424e-7,3.5870295e-7,1.0097639e-6
77,18,4.616401e-7,7.092378e-7,8.462445e-7
77,19,-4.6828924e-7,1.762832e-8,4.6862093e-7
77,20,2.4786095e-6,5.1550256e-7,2.5316492e-6
77,21,3.228689e-6,-1.7098291e-6,3.6534843e-6
77,22,2.6024697e-6,-7.9231205e-7,2.7204057e-6
77,23,5.7950397e-6,-6.660247e-7,5.833187e-6
77,24,1.7098822e-6,6.59361e-7,1.8326085e-6
77,25,1.6778506e-6,-5.8565416e-7,1.777125e-6
77,26,5.4964917e-6,-2.2008949e-6,5.9207564e-6
77,27,4.804442e-6,-2.8459244e-6,5.58408e-6
77,28,4.8136e-6,-2.1247276e-6,5.261674e-6
77,29,3.2930595e-6,-1.7771641e-6,3.7419986e-6
77,30,3.6572674e-6,-3.5246367e-6,5.079239e-6
77,31,3.7931165e-6,-4.036116e-6,5.5387695e-6
77,32,3.35112e-6,-3.393915e-6,4.769556e-6
77,33,4.1377402e-6,-5.4310276e-6,6.827661e-6
77,34,4.033698e-6,-6.516139e-6,7.6636015e-6
77,35,4.4133158e-6,-4.635499e-6,6.4004066e-6
77,36,3.9209885e-6,-5.1806205e-6,6.497152e-6
77,37,3.9618876e-6,-5.688516e-6,6.932227e-6
77,38,3.1574968e-6,-5.070089e-6,5.9729045e-6
77,39,2.5177055e-6,-5.117125e-6,5.702965e-6
77,40,2.5168797e-6,-5.151332e-6,5.7333154e-6
77,41,2.1521355e-6,-4.2035103e-6,4.722413e-6
77,42,2.8329418e-6,-3.4421244e-6,4.458002e-6
77,43,3.373877e-6,-4.616605e-6,5.7180496e-6
77,44,1.8429214e-6,-5.3093513e-6,5.6201043e-6
77,45,2.2948557e-6,-5.83007e-6,6.265467e-6
77,46,1.9299273e-6,-4.942621e-6,5.3060458e-6
77,47,2.8265163e-6,-4.6751234e-6,5.463147e-6
77,48,1.8694808e-6,-4.4804506e-6,4.8548322e-6
77,49,1.2124616e-6,-4.32203e-6,4.4888757e-6
77,50,1.1102377e-6,-4.571918e-6,4.7047915e-6
77,51,1.4641629e-6,-4.7189483e-6,4.940875e-6
77,52,5.852292e-7,-4.567559e-6,4.604898e-6
77,53,-1.852746e-7,-4.48102e-6,4.4848484e-6
77,54,1.9891486e-8,-5.2749724e-6,5.2750097e-6
77,55,1.1352694e-6,-4.732426e-6,4.866692e-6
77,56,1.4551856e-6,-4.522589e-6,4.7509343e-6
77,57,9.489472e-7,-4.9901055e-6,5.079533e-6
77,58,4.786135e-7,-4.9993682e-6,5.022226e-6
77,59,1.1171292e-6,-5.2892747e-6,5.40596e-6
77,60,1.201543e-7,-4.180499e-6,4.1822254e-6
77,61,1.2200313e-7,-4.653518e-6,4.6551168e-6
77,62,1.2999801e-7,-4.2387783e-6,4.2407714e-6
77,63,-5.7431487e-7,-4.335268e-6,4.373144e-6
77,64,-2.758959e-8,-5.3186213e-6,5.3186927e-6
77,65,5.7818788e-8,-3.7738716e-6,3.7743146e-6
77,66,-3.8853486e-7,-4.508491e-6,4.525202e-6
77,67,-1.8934142e-7,-4.526122e-6,4.530081e-6
77,68,-1.208593e-7,-4.3279383e-6,4.3296254e-6
77,69,1.2706803e-7,-4.785944e-6,4.7876306e-6
77,70,8.788747e-7,-4.1766934e-6,4.26816e-6
77,71,7.240707e-7,-4.7446374e-6,4.799569e-6
77,72,-1.9842247e-8,-5.2293326e-6,5.2293703e-6
77,73,1.0832906e-6,-5.219056e-6,5.330297e-6
77,74,4.7739866e-7,-5.298463e-6,5.3199265e-6
77,75,9.825317e-8,-5.32264e-6,5.3235467e-6
77,76,5.3017516e-7,-4.746761e-6,4.7762774e-6
77,77,2.40191e-7,-4.8721527e-6,4.87807e-6
77,78,6.722407e-7,-4.5001716e-6,4.5501047e-6
77,79,7.882879e-7,-5.1328425e-6,5.1930215e-6
77,80,1.0308502e-6,-5.0354606e-6,5.1398947e-6
77,81,9.882092e-7,-5.6662825e-6,5.7518096e-6
77,82,-1.6181172e-8,-4.506794e-6,4.506823e-6
77,83,5.365374e-7,-4.796273e-6,4.82619e-6
77,84,1.5159213e-6,-6.449401e-6,6.6251637e-6
77,85,1.4374493e-6,-6.143393e-6,6.3093216e-6
77,86,1.2271643e-6,-5.5047763e-6,5.6399017e-6
77,87,1.2781821e-6,-6.2288273e-6,6.3586194e-6
77,88,2.340585e-6,-6.408739e-6,6.822776e-6
77,89,2.306212e-6,-5.6944095e-6,6.143689e-6
77,90,2.4767562e-6,-6.431837e-6,6.892231e-6
77,91,2.215155e-6,-6.960481e-6,7.3044653e-6
77,92,3.2852527e-6,-6.481238e-6,7.2663147e-6
77,93,2.8696818e-6,-6.115236e-6,6.755086e-6
77,94,2.72163e-6,-5.8603664e-6,6.461514e-6
77,95,3.09751e-6,-7.299288e-6,7.929324e-6
77,96,4.7530925e-6,-7.1700547e-6,8.6024165e-6
77,97,3.8337585e-6,-6.795524e-6,7.802361e-6
77,98,5.05748e-6,-6.850119e-6,8.514824e-6
77,99,4.7781878e-6,-7.735089e-6,9.091902e-6
77,100,4.9300324e-6,-7.0597825e-6,8.610793e-6
77,101,5.39151e-6,-6.724334e-6,8.6188775e-6
77,102,6.1537876e-6,-6.4952874e-6,8.947506e-6
77,103,6.1957276e-6,-6.658694e-6,9.095342e-6
77,104,6.405478e-6,-8.266243e-6,1.0457577e-5
77,105,5.3670074e-6,-3.3837512e-6,6.3446464e-6
77,106,1.2264987e-6,-1.7482927e-6,2.135609e-6
77,107,1.4087069e-6,-1.2118584e-6,1.85824e-6
77,108,2.5646784e-6,-1.5692781e-6,3.006694e-6
77,109,2.7872215e-6,-1.8590365e-6,3.3503165e-6
77,110,5.107964e-6,-3.930022e-6,6.444872e-6
77,111,4.5282013e-6,-4.443646e-6,6.344336e-6
77,112,1.036376e-6,-2.1017638e-7,1.0574731e-6
77,113,5.3062996e-7,-3.3886408e-7,6.2960066e-7
77,114,-1.7175557e-7,9.761033e-7,9.910991e-7
77,115,-6.237292e-8,-4.950387e-7,4.989526e-7
77,116,4.5261726e-7,3.5060393e-7,5.7252555e-7
77,117,-9.281325e-8,-1.2682759e-7,1.5716085e-7
77,118,-5.3789205e-7,3.0490068e-7,6.182979e-7
77,119,1.6910013e-7,-1.3565297e-7,2.1678696e-7
77,120,-1.2808797e-8,-2.3978905e-7,2.401309e-7
77,121,-4.9124477e-8,-1.8777952e-7,1.9409885e-7
77,122,-7.329437e-8,-4.64118e-8,8.675322e-8
77,123,-6.5515667e-7,7.1870694e-8,6.59087e-7
77,124,3.2854763e-7,-1.1197568e-7,3.471053e-7
77,125,-2.0002848e-7,2.2459042e-7,3.0075282e-7
77,126,1.1327323e-7,-1.5867973e-7,1.9496174e-7
77,127,3.0664242e-7,-3.559533e-7,4.6982157e-7
77,128,1.8683154e-7,2.465572e-7,3.0934848e-7
78,1,7.4709284e-8,-1.3091886e-7,1.5073562e-7
78,2,-3.4345732e-7,-2.1141534e-7,4.033105e-7
78,3,1.4229735e-8,-2.1744088e-7,2.1790599e-7
78,4,4.961591e-7,-1.4155354e-7,5.1595663e-7
78,5,5.1325355e-7,-2.2047534e-8,5.137269e-7
78,6,2.258999e-7,-7.502605e-8,2.3803292e-7
78,7,-2.2527294e-7,-2.3225492e-7,3.235587e-7
78,8,2.0720408e-7,9.90508e-9,2.0744069e-7
78,9,1.3399726e-7,1.15396354e-7,1.7683773e-7
78,10,-1.3193137e-7,6.898225e-8,1.4887726e-7
78,11,-7.574776e-7,-2.4815952e-7,7.970919e-7
78,12,-7.087607e-7,-3.9703266e-8,7.0987187e-7
78,13,-2.0919745e-7,2.144454e-7,2.9958372e-7
78,14,-1.917652e-7,1.3933503e-7,2.3704038e-7
78,15,-7.531477e-8,1.5125701e-7,1.689704e-7
78,16,-3.0616295e-7,-5.618026e-8,3.1127476e-7
78,17,9.780971e-7,1.19163275e-7,9.853293e-7
78,18,1.0619403e-6,7.4236056e-7,1.2956915e-6
78,19,4.392766e-7,4.060882e-7,5.9822366e-7
78,20,4.6433334e-7,4.1716666e-7,6.242063e-7
78,21,3.4901961e-6,-1.2496956e-6,3.7071834e-6
78,22,2.9567716e-6,-5.7205455e-7,3.0116016e-6
78,23,5.6592294e-6,-9.237466e-7,5.7341244e-6
78,24,4.035859e-6,-2.8312576e-7,4.045778e-6
78,25,5.7105376e-7,1.1066276e-6,1.2452819e-6
78,26,3.1585803e-6,-1.4797901e-6,3.488038e-6
78,27,5.566695e-6,-2.2360352e-6,5.9989957e-6
78,28,3.6396855e-6,-3.1295301e-6,4.800132e-6
78,29,3.2061816e-6,-2.223673e-6,3.901836e-6
78,30,3.740158e-6,-3.164278e-6,4.899126e-6
78,31,4.21343e-6,-3.8291414e-6,5.693445e-6
78,32,2.60059e-6,-3.4410732e-6,4.313242e-6
78,33,4.2244224e-6,-3.6532008e-6,5.584946e-6
78,34,3.7725392e-6,-5.135812e-6,6.372489e-6
78,35,3.0476388e-6,-5.6856475e-6,6.450945e-6
78,36,3.5933474e-6,-4.745043e-6,5.952107e-6
78,37,4.3267273e-6,-4.8757015e-6,6.518668e-6
78,38,2.7978901e-6,-4.5656657e-6,5.3547637e-6
78,39,3.0004073e-6,-4.9681953e-6,5.803913e-6
78,40,2.677842e-6,-5.5667333e-6,6.177326e-6
78,41,2.6286186e-6,-5.435057e-6,6.0373404e-6
78,42,3.238269e-6,-5.285202e-6,6.1983665e-6
78,43,3.14853e-6,-4.902241e-6,5.8262517e-6
78,44,1.7140521e-6,-4.862701e-6,5.155952e-6
78,45,2.0956054e-6,-3.9939773e-6,4.5103675e-6
78,46,2.3302443e-6,-6.0530137e-6,6.4860633e-6
78,47,2.017527e-6,-5.095998e-6,5.48084e-6
78,48,8.701121e-7,-4.535293e-6,4.6180057e-6
78,49,1.1232261e-6,-4.681613e-6,4.8144716e-6
78,50,4.5733756e-7,-4.9050236e-6,4.926298e-6
78,51,1.3192454e-6,-4.7148114e-6,4.895902e-6
78,52,8.1791103e-7,-4.872547e-6,4.9407176e-6
78,53,5.1192904e-7,-5.371337e-6,5.3956774e-6
78,54,7.620302e-7,-5.2718306e-6,5.326621e-6
78,55,-1.2003126e-7,-4.470627e-6,4.4722383e-6
78,56,1.2475159e-6,-4.018826e-6,4.2079996e-6
78,57,1.390303e-6,-4.860077e-6,5.055026e-6
78,58,7.075742e-7,-5.3325316e-6,5.379271e-6
78,59,1.0007874e-6,-4.7515064e-6,4.855758e-6
78,60,3.5842075e-7,-4.881727e-6,4.894867e-6
78,61,9.536953e-7,-5.51379e-6,5.5956602e-6
78,62,1.03598275e-7,-4.445579e-6,4.446786e-6
78,63,1.2635046e-7,-5.279523e-6,5.2810346e-6
78,64,6.127582e-8,-4.8824563e-6,4.882841e-6
78,65,4.4128504e-7,-4.994717e-6,5.014173e-6
78,66,5.989019e-7,-4.0060145e-6,4.050535e-6
78,67,2.2021632e-7,-4.5112947e-6,4.516666e-6
78,68,4.673708e-7,-5.820351e-6,5.8390856e-6
78,69,7.1075954e-7,-5.5013347e-6,5.547059e-6
78,70,1.4623183e-7,-4.064383e-6,4.067013e-6
78,71,-2.8045613e-7,-5.077014e-6,5.0847543e-6
78,72,7.495808e-7,-4.8206316e-6,4.8785614e-6
78,73,6.508009e-7,-5.8836804e-6,5.919564e-6
78,74,1.2229799e-7,-4.8269508e-6,4.8284996e-6
78,75,1.2522668e-7,-4.89904e-6,4.9006403e-6
78,76,4.176829e-7,-5.2777687e-6,5.2942705e-6
78,77,9.48865e-7,-4.067961e-6,4.177158e-6
78,78,9.236319e-7,-4.627061e-6,4.718346e-6
78,79,5.7781216e-7,-4.7533663e-6,4.7883564e-6
78,80,1.0407202e-6,-4.580738e-6,4.6974737e-6
78,81,4.6514586e-7,-5.6346826e-6,5.653849e-6
78,82,4.4757493e-7,-4.9361406e-6,4.9563905e-6
78,83,1.192935e-6,-6.1536134e-6,6.268178e-6
78,84,1.3361202e-6,-5.541912e-6,5.700702e-6
78,85,9.046544e-7,-5.586312e-6,5.6590884e-6
78,86,1.8824626e-6,-6.039762e-6,6.326325e-6
78,87,2.287784e-6,-6.048101e-6,6.4663345e-6
78,88,2.702594e-6,-5.4745356e-6,6.105289e-6
78,89,1.9161293e-6,-6.140804e-6,6.4328087e-6
78,90,2.6906885e-6,-6.792106e-6,7.305649e-6
78,91,3.2835542e-6,-6.885984e-6,7.6287943e-6
78,92,2.824352e-6,-6.1043943e-6,6.7261126e-6
78,93,2.612324e-6,-5.7391485e-6,6.3057164e-6
78,94,3.8103121e-6,-6.4935193e-6,7.528896e-6
78,95,3.7898365e-6,-6.9968373e-6,7.957298e-6
78,96,3.7177504e-6,-7.3400324e-6,8.227864e-6
78,97,4.4558183e-6,-6.4995274e-6,7.8802395e-6
78,98,4.729755e-6,-7.391538e-6,8.775273e-6
78,99,4.944963e-6,-8.151323e-6,9.533977e-6
78,100,5.3801873e-6,-6.9986068e-6,8.827622e-6
78,101,5.4060206e-6,-6.596577e-6,8.528768e-6
78,102,5.883511e-6,-5.974901e-6,8.385413e-6
78,103,5.1462393e-6,-7.3791e-6,8.996382e-6
78,104,6.2309005e-6,-4.684917e-6,7.7956765e-6
78,105,1.971832e-6,-1.1458525e-6,2.2805918e-6
78,106,9.0305673e-7,-1.0337768e-6,1.3726639e-6
78,107,1.2409041e-6,-6.630795e-7,1.4069533e-6
78,108,3.692789e-6,-2.1163792e-6,4.25626e-6
78,109,3.427129e-6,-2.7132983e-6,4.3711784e-6
78,110,5.271134e-6,-5.3979643e-6,7.5447247e-6
78,111,3.1185707e-6,-3.183172e-6,4.4562394e-6
78,112,3.4742536e-7,-9.084792e-8,3.5910685e-7
78,113,-3.4590915e-8,1.0165468e-7,1.0737879e-7
78,114,4.744605e-8,4.2556235e-7,4.2819906e-7
78,115,3.6503224e-7,4.1876923e-8,3.6742648e-7
78,116,3.6541388e-7,3.8944972e-7,5.340397e-7
78,117,-5.0840714e-7,1.08507315e-7,5.1985734e-7
78,118,-5.0328345e-7,-7.719298e-8,5.091689e-7
78,119,2.3139482e-7,-8.846338e-8,2.4772834e-7
78,120,-4.062204e-7,-1.5234703e-7,4.3384864e-7
78,121,1.1179452e-7,-3.1891508e-7,3.3794208e-7
78,122,-3.9758174e-7,-1.284087e-7,4.1780382e-7
78,123,2.6562347e-7,1.13520386e-7,2.888645e-7
78,124,3.5737784e-7,1.7956366e-7,3.9995254e-7
78,125,-2.4227427e-8,2.1851733e-7,2.1985629e-7
78,126,8.3844675e-8,-2.7005174e-7,2.8276824e-7
78,127,1.2001694e-8,-2.6073502e-7,2.6101108e-7
78,128,5.92719e-8,-6.7303226e-8,8.968212e-8
79,1,8.926074e-8,4.0504055e-8,9.80207e-8
79,2,1.0457077e-7,1.2104405e-7,1.5995846e-7
79,3,-9.690241e-8,-1.6493405e-7,1.9129381e-7
79,4,1.3525062e-7,-1.4795228e-7,2.00456e-7
79,5,8.7514536e-7,3.4656506e-7,9.412687e-7
79,6,6.001291e-9,-2.0479709e-7,2.04885e-7
79,7,1.5195764e-7,-2.8554217e-7,3.2345858e-7
79,8,-2.648624e-7,-3.4866957e-7,4.3786136e-7
79,9,-1.0327763e-7,1.48483945e-8,1.04339556e-7
79,10,-3.623344e-7,4.0574233e-9,3.623571e-7
79,11,-6.003138e-7,-4.7004605e-7,7.624434e-7
79,12,-9.78879e-7,-1.5127725e-7,9.904993e-7
79,13,-2.898953e-7,6.764171e-8,2.976822e-7
79,14,-7.8906076e-8,4.461385e-7,4.5306263e-7
79,15,1.2175113e-7,2.4689314e-8,1.2422922e-7
79,16,-3.5861157e-7,2.2564853e-7,4.2369743e-7
79,17,5.838066e-7,2.7686036e-7,6.461283e-7
79,18,1.4478015e-6,5.776358e-7,1.5587791e-6
79,19,7.839635e-7,1.2064265e-6,1.4387716e-6
79,20,-2.1494158e-7,3.691341e-7,4.2715322e-7
79,21,1.7749118e-6,-3.2833663e-7,1.8050254e-6
79,22,3.0494336e-6,-2.8887376e-7,3.0630856e-6
79,23,4.5213646e-6,-1.0746089e-6,4.6473133e-6
79,24,4.218031e-6,-1.4720222e-6,4.4675085e-6
79,25,1.8124823e-6,6.606768e-7,1.9291413e-6
79,26,1.7800302e-6,-5.069259e-7,1.8508056e-6
79,27,5.2887444e-6,-1.8253421e-6,5.594881e-6
79,28,3.6016706e-6,-2.7279498e-6,4.518157e-6
79,29,4.00541e-6,-3.0272831e-6,5.0207323e-6
79,30,2.8781574e-6,-2.5581837e-6,3.8507264e-6
79,31,5.1109023e-6,-2.0384955e-6,5.5024348e-6
79,32,3.187939e-6,-3.6938748e-6,4.87931e-6
79,33,2.939424e-6,-3.7726165e-6,4.7825565e-6
79,34,2.416358e-6,-4.008221e-6,4.6802375e-6
79,35,2.1559233e-6,-5.692647e-6,6.087219e-6
79,36,2.1680373e-6,-5.075861e-6,5.5194882e-6
79,37,2.9770626e-6,-5.425232e-6,6.1883798e-6
79,38,3.736488e-6,-4.2508905e-6,5.65963e-6
79,39,2.7893043e-6,-4.487836e-6,5.2840223e-6
79,40,3.016059e-6,-4.619248e-6,5.516708e-6
79,41,2.6500536e-6,-5.1542434e-6,5.7956026e-6
79,42,2.422029e-6,-6.704366e-6,7.1284467e-6
79,43,2.4861747e-6,-4.961631e-6,5.5496707e-6
79,44,1.5768085e-6,-4.738954e-6,4.994398e-6
79,45,1.1305498e-6,-5.1157617e-6,5.2391947e-6
79,46,2.6293899e-6,-4.8293446e-6,5.498751e-6
79,47,2.397689e-6,-4.992104e-6,5.5380515e-6
79,48,1.808456e-6,-5.3178624e-6,5.6169542e-6
79,49,1.4995151e-6,-5.5404803e-6,5.7398142e-6
79,50,1.3689208e-6,-5.9730587e-6,6.1279175e-6
79,51,9.1752224e-7,-4.8038505e-6,4.8906877e-6
79,52,1.1655777e-6,-4.7445064e-6,4.8855823e-6
79,53,1.4453273e-6,-4.40041e-6,4.6316927e-6
79,54,1.1016938e-6,-4.5596275e-6,4.690835e-6
79,55,1.0092346e-6,-4.9051264e-6,5.0078756e-6
79,56,1.6288848e-6,-5.021727e-6,5.2793e-6
79,57,1.5983139e-6,-3.8894455e-6,4.2050438e-6
79,58,9.896064e-7,-4.899695e-6,4.998633e-6
79,59,7.7874074e-7,-5.7297734e-6,5.782451e-6
79,60,7.041323e-7,-4.867057e-6,4.917728e-6
79,61,9.1515e-7,-4.6911637e-6,4.779594e-6
79,62,6.586279e-7,-4.690821e-6,4.7368335e-6
79,63,7.5612957e-7,-4.6075943e-6,4.6692244e-6
79,64,5.8789976e-7,-4.642687e-6,4.679762e-6
79,65,1.3303013e-7,-5.0821322e-6,5.083873e-6
79,66,-8.421485e-8,-4.633827e-6,4.634592e-6
79,67,6.9647865e-7,-5.1590628e-6,5.205863e-6
79,68,2.5928188e-7,-5.4721336e-6,5.4782727e-6
79,69,3.501098e-7,-5.3683793e-6,5.379784e-6
79,70,2.569998e-7,-5.7867856e-6,5.7924894e-6
79,71,1.6987133e-7,-5.315081e-6,5.317795e-6
79,72,5.492211e-7,-4.75888e-6,4.790468e-6
79,73,3.4509017e-7,-4.3007794e-6,4.314602e-6
79,74,3.6602407e-7,-4.541644e-6,4.5563697e-6
79,75,5.13071e-7,-3.8363587e-6,3.8705157e-6
79,76,7.968273e-7,-4.36802e-6,4.4401054e-6
79,77,3.9737736e-7,-5.014851e-6,5.0305703e-6
79,78,2.0982904e-7,-4.8014576e-6,4.80604e-6
79,79,7.958371e-8,-4.648687e-6,4.6493683e-6
79,80,7.4750744e-7,-4.9085565e-6,4.965148e-6
79,81,5.6637145e-7,-5.5590835e-6,5.5878604e-6
79,82,6.103465e-7,-6.516679e-6,6.545199e-6
79,83,8.7759884e-7,-6.080176e-6,6.1431847e-6
79,84,1.4426322e-6,-5.069664e-6,5.270928e-6
79,85,1.4336575e-6,-6.0724924e-6,6.2394342e-6
79,86,2.08986e-6,-6.618492e-6,6.940602e-6
79,87,2.473266e-6,-5.827413e-6,6.3305442e-6
79,88,2.1851426e-6,-5.8065707e-6,6.2041204e-6
79,89,2.1795763e-6,-6.9559983e-6,7.2894763e-6
79,90,3.6400154e-6,-6.597862e-6,7.5353496e-6
79,91,2.6757136e-6,-6.3351945e-6,6.877073e-6
79,92,2.214875e-6,-6.2918507e-6,6.6703114e-6
79,93,3.4812556e-6,-6.197046e-6,7.1079194e-6
79,94,3.9540782e-6,-6.459633e-6,7.5737435e-6
79,95,3.5750218e-6,-6.825256e-6,7.704863e-6
79,96,4.368264e-6,-6.352261e-6,7.709277e-6
79,97,4.4423073e-6,-6.1824558e-6,7.61294e-6
79,98,4.0014716e-6,-6.664408e-6,7.773423e-6
79,99,5.5876853e-6,-6.6557072e-6,8.690263e-6
79,100,5.466154e-6,-6.427369e-6,8.437411e-6
79,101,5.234719e-6,-6.854064e-6,8.624412e-6
79,102,5.538709e-6,-6.970055e-6,8.902751e-6
79,103,6.051184e-6,-6.4177298e-6,8.8206625e-6
79,104,4.2351235e-6,-1.3598162e-6,4.448075e-6
79,105,1.4623017e-6,-2.65773e-7,1.4862576e-6
79,106,2.0252598e-6,-1.0714188e-6,2.291204e-6
79,107,2.5515276e-6,-1.8250836e-6,3.1370723e-6
79,108,3.1811305e-6,-2.036134e-6,3.7769607e-6
79,109,4.2118595e-6,-4.066302e-6,5.8544492e-6
79,110,5.37997e-6,-4.5971287e-6,7.0765577e-6
79,111,1.0639077e-6,-2.1576257e-7,1.0855658e-6
79,112,-1.9284707e-7,-8.812152e-9,1.930483e-7
79,113,1.3137479e-7,4.6109014e-7,4.7944076e-7
79,114,2.674507e-7,3.1261555e-7,4.114102e-7
79,115,3.3284667e-7,2.8160386e-7,4.3599042e-7
79,116,-2.548656e-7,1.4471235e-7,2.9308384e-7
79,117,-6.0968597e-7,3.0358413e-7,6.810876e-7
79,118,6.0977456e-8,-9.912104e-8,1.1637538e-7
79,119,-3.1978303e-8,-1.568994e-7,1.6012505e-7
79,120,1.0188367e-8,-1.677564e-7,1.680655e-7
79,121,-4.8216054e-7,-3.7204987e-7,6.090155e-7
79,122,-3.9031992e-8,2.253159e-7,2.2867171e-7
79,123,3.2846648e-7,-2.727452e-9,3.284778e-7
79,124,1.5769618e-8,-2.1951762e-7,2.2008331e-7
79,125,4.848543e-7,2.119169e-7,5.2914316e-7
79,126,-8.6470834e-8,-1.7990935e-7,1.9961107e-7
79,127,3.3346177e-7,-4.8249717e-7,5.8651534e-7
79,128,5.335496e-7,-2.3228449e-7,5.8192035e-7
80,1,1.242522e-7,2.2920737e-8,1.263486e-7
80,2,1.29807e-7,3.316328e-7,3.5613223e-7
80,3,-1.6173958e-8,-5.230984e-8,5.475323e-8
80,4,2.1680198e-7,-4.5956885e-8,2.2161935e-7
80,5,2.5861982e-7,1.9817764e-7,3.2581988e-7
80,6,4.816354e-7,2.3152286e-7,5.3439265e-7
80,7,2.3295857e-7,-8.576851e-8,2.482457e-7
80,8,2.869954e-7,-3.9598865e-7,4.8905355e-7
80,9,-3.7193235e-8,-1.7064976e-7,1.7465588e-7
80,10,-1.5823632e-7,-1.03148636e-7,1.888872e-7
80,11,-4.8293816e-7,-1.4050873e-7,5.029632e-7
80,12,-5.666078e-7,-1.9442564e-7,5.990373e-7
80,13,-9.936355e-7,-1.274198e-8,9.937172e-7
80,14,-2.785371e-7,-2.8002981e-8,2.7994122e-7
80,15,-1.8004918e-7,5.6001788e-8,1.8855744e-7
80,16,-6.601026e-8,1.5527083e-7,1.6871984e-7
80,17,6.0248203e-7,8.475434e-8,6.0841427e-7
80,18,1.0758266e-6,-1.3382193e-7,1.0841177e-6
80,19,1.6001077e-6,8.604195e-7,1.8167736e-6
80,20,5.1264226e-7,6.4491934e-7,8.238465e-7
80,21,-3.7525112e-8,4.854971e-7,4.869451e-7
80,22,3.0748163e-6,-6.987883e-7,3.1532206e-6
80,23,2.7292035e-6,-9.282089e-7,2.8827285e-6
80,24,4.5767792e-6,-1.7247817e-6,4.8909897e-6
80,25,3.1328734e-6,-9.68407e-7,3.2791322e-6
80,26,4.4708753e-7,1.1201997e-6,1.2061238e-6
80,27,2.8703118e-6,-5.2439214e-7,2.9178207e-6
80,28,4.531767e-6,-1.8446117e-6,4.8928014e-6
80,29,4.196045e-6,-2.9834418e-6,5.148565e-6
80,30,3.7458508e-6,-3.3348824e-6,5.0152607e-6
80,31,3.7298328e-6,-2.626522e-6,4.5618276e-6
80,32,4.6177797e-6,-3.074018e-6,5.5473847e-6
80,33,3.6994963e-6,-3.9914007e-6,5.442201e-6
80,34,3.8632725e-6,-4.258968e-6,5.750103e-6
80,35,3.4210373e-6,-4.5568518e-6,5.6981044e-6
80,36,3.9184283e-6,-4.9268697e-6,6.2950876e-6
80,37,2.4539638e-6,-4.7837557e-6,5.376454e-6
80,38,2.8774518e-6,-4.4847325e-6,5.3284666e-6
80,39,3.7423956e-6,-4.309461e-6,5.7076245e-6
80,40,3.284404e-6,-5.0210597e-6,5.9998624e-6
80,41,3.1893348e-6,-4.799051e-6,5.762183e-6
80,42,2.9832765e-6,-5.247128e-6,6.0359166e-6
80,43,3.7863042e-6,-5.04854e-6,6.3106145e-6
80,44,2.6735242e-6,-5.4283864e-6,6.051042e-6
80,45,1.7366813e-6,-5.577793e-6,5.8419037e-6
80,46,2.3695736e-6,-4.3874093e-6,4.9864057e-6
80,47,1.9462223e-6,-5.079879e-6,5.43994e-6
80,48,1.7167414e-6,-4.186702e-6,4.5250054e-6
80,49,1.8312678e-6,-5.3056056e-6,5.612753e-6
80,50,1.848287e-6,-4.8741585e-6,5.212829e-6
80,51,6.8546046e-7,-5.393147e-6,5.4365332e-6
80,52,1.1035803e-6,-4.7925987e-6,4.918017e-6
80,53,8.6263725e-7,-4.4350377e-6,4.5181523e-6
80,54,1.4641379e-6,-5.0854696e-6,5.2920414e-6
80,55,2.0993375e-6,-4.3405016e-6,4.821532e-6
80,56,1.3043112e-6,-4.419645e-6,4.6080895e-6
80,57,8.7645833e-7,-4.3615373e-6,4.4487288e-6
80,58,7.776054e-7,-4.540168e-6,4.606278e-6
80,59,1.6670033e-6,-4.933169e-6,5.207212e-6
80,60,8.7467527e-7,-4.825365e-6,4.903999e-6
80,61,9.042605e-7,-5.0193357e-6,5.100139e-6
80,62,8.6269216e-7,-4.9658147e-6,5.0401936e-6
80,63,1.1503699e-6,-4.117315e-6,4.2750007e-6
80,64,8.072512e-7,-4.8038587e-6,4.8712127e-6
80,65,1.459679e-6,-3.911731e-6,4.1752005e-6
80,66,5.5112616e-7,-5.220678e-6,5.2496875e-6
80,67,5.643585e-7,-4.5140687e-6,4.5492106e-6
80,68,4.4108543e-7,-4.8570096e-6,4.876997e-6
80,69,4.429994e-7,-4.274467e-6,4.2973616e-6
80,70,1.3731606e-6,-5.3188355e-6,5.4932307e-6
80,71,4.370898e-7,-5.5344576e-6,5.5516907e-6
80,72,5.3790217e-7,-5.193264e-6,5.2210466e-6
80,73,1.0926599e-6,-4.857349e-6,4.978729e-6
80,74,-4.5833926e-7,-3.936235e-6,3.96283e-6
80,75,6.77023e-7,-3.947282e-6,4.0049213e-6
80,76,9.600199e-7,-4.6176924e-6,4.716431e-6
80,77,2.0405523e-7,-5.2008522e-6,5.2048536e-6
80,78,2.2748867e-7,-5.0203575e-6,5.025509e-6
80,79,3.9589344e-7,-4.700864e-6,4.717505e-6
80,80,6.760181e-7,-5.4248803e-6,5.466839e-6
80,81,1.1442701e-6,-6.453837e-6,6.5544923e-6
80,82,5.493691e-7,-5.493989e-6,5.5213877e-6
80,83,1.3021676e-6,-4.7761814e-6,4.95051e-6
80,84,1.3156915e-6,-6.0225793e-6,6.1646174e-6
80,85,1.7049072e-6,-5.3937206e-6,5.6567596e-6
80,86,1.7265731e-6,-5.6973e-6,5.953174e-6
80,87,2.418815e-6,-5.3293743e-6,5.8525975e-6
80,88,1.9529934e-6,-6.770226e-6,7.0462856e-6
80,89,2.7292747e-6,-6.4689025e-6,7.0210854e-6
80,90,2.3890016e-6,-5.995091e-6,6.4535607e-6
80,91,2.9898313e-6,-6.0390557e-6,6.7386413e-6
80,92,3.4718364e-6,-6.503794e-6,7.3724477e-6
80,93,3.687143e-6,-6.5518625e-6,7.5181065e-6
80,94,3.8239223e-6,-7.1860673e-6,8.140144e-6
80,95,4.7761723e-6,-6.572986e-6,8.125021e-6
80,96,4.302808e-6,-6.138722e-6,7.496537e-6
80,97,4.5687502e-6,-6.3203956e-6,7.798774e-6
80,98,4.3382647e-6,-5.434249e-6,6.9535317e-6
80,99,5.138658e-6,-5.349345e-6,7.417634e-6
80,100,5.318999e-6,-6.0518137e-6,8.057059e-6
80,101,6.2225017e-6,-7.1027653e-6,9.442923e-6
80,102,5.407174e-6,-6.1812502e-6,8.212513e-6
80,103,6.3443467e-6,-4.715529e-6,7.904869e-6
80,104,2.540637e-6,-2.6541832e-6,3.6741699e-6
80,105,8.940749e-7,-4.4508928e-7,9.987364e-7
80,106,1.7014476e-6,-4.5181343e-7,1.7604145e-6
80,107,3.2578816e-6,-2.8528984e-6,4.330453e-6
80,108,1.8547505e-6,-3.139742e-6,3.646653e-6
80,109,4.996645e-6,-4.5210263e-6,6.738408e-6
80,110,4.6221267e-6,-3.7701957e-6,5.964766e-6
80,111,-2.183347e-7,3.5847407e-7,4.197305e-7
80,112,-9.057564e-8,-3.6394053e-7,3.750422e-7
80,113,-4.810714e-7,7.7630915e-7,9.1328286e-7
80,114,5.152812e-7,-5.279026e-8,5.179783e-7
80,115,-1.0395483e-7,1.5213987e-8,1.05062234e-7
80,116,-1.5345177e-7,-1.650861e-7,2.2539048e-7
80,117,-8.508155e-8,5.564124e-7,5.6287973e-7
80,118,2.3151941e-7,-1.9098154e-7,3.001253e-7
80,119,2.0163812e-7,6.421828e-8,2.1161739e-7
80,120,-1.9510856e-7,-3.0949587e-7,3.6586206e-7
80,121,-3.025122e-7,2.5424228e-7,3.951617e-7
80,122,-1.1417659e-7,3.1098634e-7,3.3128356e-7
80,123,-2.9857656e-8,-8.75398e-8,9.2491604e-8
80,124,2.0747584e-7,1.993576e-9,2.0748541e-7
80,125,2.2605275e-7,2.3371399e-7,3.251493e-7
80,126,-5.982032e-8,-3.2728005e-7,3.3270211e-7
80,127,4.1534257e-8,-1.1762438e-7,1.2474209e-7
80,128,1.6983309e-8,-4.708499e-7,4.7115608e-7
81,1,-1.5830612e-7,-3.6331944e-8,1.624218e-7
81,2,1.8385643e-7,-4.1984723e-8,1.8858924e-7
81,3,-4.4788912e-8,1.7695015e-7,1.8253056e-7
81,4,2.1102586e-7,1.3292161e-7,2.4939942e-7
81,5,-4.5059906e-8,1.0294584e-7,1.12375446e-7
81,6,7.3115496e-7,2.5129037e-7,7.7313285e-7
81,7,2.7533618e-8,2.577236e-8,3.7713587e-8
81,8,1.3791441e-7,2.3713705e-8,1.399383e-7
81,9,1.3777558e-8,-2.1514732e-7,2.1558802e-7
81,10,3.9196017e-8,-4.3514217e-7,4.3690392e-7
81,11,-6.566648e-8,-1.473132e-7,1.6128628e-7
81,12,-5.305516e-7,-5.4674864e-8,5.3336134e-7
81,13,-4.909131e-7,4.6115127e-7,6.7354006e-7
81,14,-3.0504458e-7,-1.2918521e-7,3.3127182e-7
81,15,-2.0834577e-7,-2.3836453e-8,2.0970488e-7
81,16,5.9729246e-8,3.7044637e-7,3.752307e-7
81,17,-2.0080168e-7,-2.6654552e-8,2.0256303e-7
81,18,7.2171423e-7,2.1907518e-8,7.2204665e-7
81,19,1.1371686e-6,-4.6119496e-7,1.2271321e-6
81,20,1.2733451e-6,-1.11437274e-7,1.278212e-6
81,21,1.9383799e-7,1.0393878e-6,1.057308e-6
81,22,1.9838117e-6,-4.098482e-7,2.025706e-6
81,23,2.3390971e-6,-1.0447696e-6,2.5618194e-6
81,24,3.3272947e-6,-1.2610874e-6,3.5582625e-6
81,25,3.90208e-6,-1.2958143e-6,4.111613e-6
81,26,1.6611509e-6,8.714238e-7,1.8758469e-6
81,27,9.630827e-8,2.993481e-7,3.1445916e-7
81,28,3.1101508e-6,-1.0663152e-6,3.2878665e-6
81,29,5.8630617e-6,-2.3232424e-6,6.3065795e-6
81,30,4.803763e-6,-3.641155e-6,6.0277816e-6
81,31,3.5397284e-6,-3.4563225e-6,4.9473065e-6
81,32,3.2208247e-6,-1.6506071e-6,3.6191457e-6
81,33,4.8201787e-6,-3.6777699e-6,6.063012e-6
81,34,3.6586957e-6,-3.919985e-6,5.3621206e-6
81,35,3.6921463e-6,-4.649727e-6,5.9373315e-6
81,36,3.5310447e-6,-4.2097217e-6,5.494546e-6
81,37,3.5472037e-6,-5.397949e-6,6.4591413e-6
81,38,3.856736e-6,-4.8911747e-6,6.228804e-6
81,39,3.8376847e-6,-5.5412274e-6,6.7404026e-6
81,40,3.586628e-6,-5.777413e-6,6.800177e-6
81,41,3.2726655e-6,-4.4957424e-6,5.560759e-6
81,42,3.248814e-6,-4.686275e-6,5.702277e-6
81,43,3.4914758e-6,-4.4542544e-6,5.6595745e-6
81,44,3.8066617e-6,-4.4773114e-6,5.8768182e-6
81,45,3.4994036e-6,-4.9044643e-6,6.0249145e-6
81,46,2.3962934e-6,-5.5162604e-6,6.0142625e-6
81,47,2.2065017e-6,-5.823292e-6,6.2273093e-6
81,48,1.9581908e-6,-5.4474745e-6,5.7887382e-6
81,49,1.930717e-6,-4.96336e-6,5.325656e-6
81,50,2.029527e-6,-4.5812117e-6,5.010637e-6
81,51,1.8579706e-6,-4.9097457e-6,5.249539e-6
81,52,1.114714e-6,-5.0029385e-6,5.12562e-6
81,53,1.0118322e-6,-4.87827e-6,4.9821e-6
81,54,1.3897743e-6,-4.149677e-6,4.376219e-6
81,55,1.5246961e-6,-4.225243e-6,4.491924e-6
81,56,1.39341e-6,-5.059172e-6,5.247553e-6
81,57,1.2063566e-6,-5.44158e-6,5.5736964e-6
81,58,8.9698267e-7,-5.0895e-6,5.1679385e-6
81,59,1.4884796e-6,-3.519642e-6,3.821446e-6
81,60,7.2881716e-7,-5.066182e-6,5.118337e-6
81,61,9.670201e-7,-4.7739127e-6,4.8708694e-6
81,62,3.6660256e-7,-4.388685e-6,4.40397e-6
81,63,7.644924e-7,-4.0860305e-6,4.1569333e-6
81,64,2.0517531e-7,-3.622728e-6,3.6285335e-6
81,65,9.700228e-7,-4.1995395e-6,4.310113e-6
81,66,1.3524026e-6,-4.4041067e-6,4.607076e-6
81,67,9.126283e-7,-4.848314e-6,4.9334612e-6
81,68,7.414819e-7,-4.475871e-6,4.536873e-6
81,69,6.3766885e-7,-3.923028e-6,3.974515e-6
81,70,1.0305379e-6,-4.7750696e-6,4.8850075e-6
81,71,8.543891e-7,-5.4595253e-6,5.5259748e-6
81,72,7.756194e-7,-4.6206337e-6,4.6852792e-6
81,73,4.2730116e-7,-5.008287e-6,5.0264825e-6
81,74,2.3096298e-7,-4.311708e-6,4.3178893e-6
81,75,9.4515286e-7,-5.725718e-6,5.8032024e-6
81,76,1.1099864e-6,-5.6139797e-6,5.7226603e-6
81,77,8.545191e-7,-4.501106e-6,4.581502e-6
81,78,1.2001971e-6,-5.2046507e-6,5.341242e-6
81,79,1.4552675e-6,-6.336824e-6,6.50178e-6
81,80,1.6059118e-6,-5.858503e-6,6.07462e-6
81,81,1.5367438e-6,-4.9918112e-6,5.223003e-6
81,82,1.2557825e-6,-4.982265e-6,5.138089e-6
81,83,1.7529301e-6,-6.307911e-6,6.546946e-6
81,84,1.6664997e-6,-6.899455e-6,7.097866e-6
81,85,2.1685807e-6,-6.561253e-6,6.910339e-6
81,86,2.2503384e-6,-6.139602e-6,6.539017e-6
81,87,2.5533886e-6,-6.6461375e-6,7.119757e-6
81,88,3.0449191e-6,-6.577608e-6,7.248204e-6
81,89,2.2799495e-6,-5.781917e-6,6.2152017e-6
81,90,2.659564e-6,-6.1749574e-6,6.723346e-6
81,91,3.6889412e-6,-6.398508e-6,7.3857427e-6
81,92,2.8418117e-6,-5.8209916e-6,6.4776414e-6
81,93,3.7485347e-6,-6.819514e-6,7.781856e-6
81,94,4.276473e-6,-5.9272493e-6,7.308933e-6
81,95,4.2145066e-6,-6.1248415e-6,7.4347663e-6
81,96,5.2520504e-6,-6.9908297e-6,8.743897e-6
81,97,4.4661524e-6,-6.969004e-6,8.27729e-6
81,98,4.1709077e-6,-4.659727e-6,6.253761e-6
81,99,4.8473435e-6,-5.9605914e-6,7.682798e-6
81,100,4.5302268e-6,-6.3871403e-6,7.830614e-6
81,101,5.5909195e-6,-5.611814e-6,7.921542e-6
81,102,6.720305e-6,-5.6903377e-6,8.805819e-6
81,103,4.5415686e-6,-4.3562627e-6,6.2930812e-6
81,104,2.0224176e-7,-2.5080118e-7,3.2218466e-7
81,105,1.3271562e-6,-9.9756434e-8,1.3309e-6
81,106,2.5186864e-6,-1.3289681e-6,2.8477953e-6
81,107,2.0866805e-6,-2.452187e-6,3.2198534e-6
81,108,3.72846e-6,-2.9141506e-6,4.732197e-6
81,109,6.746281e-6,-5.1028555e-6,8.458808e-6
81,110,1.5707659e-6,-1.4628251e-6,2.1464302e-6
81,111,-6.3578945e-8,1.5766716e-8,6.550474e-8
81,112,1.2953335e-8,7.82077e-7,7.8218426e-7
81,113,4.11057e-7,2.1496896e-7,4.6387444e-7
81,114,2.1209979e-7,-1.6083165e-7,2.6618252e-7
81,115,9.1745434e-8,-2.1059985e-7,2.2971618e-7
81,116,-5.9822e-7,2.0437217e-7,6.3216703e-7
81,117,1.2280424e-7,1.4047318e-7,1.8658402e-7
81,118,1.6387519e-7,-1.933093e-7,2.5342368e-7
81,119,1.2186993e-7,-6.349599e-8,1.3741914e-7
81,120,-3.9097029e-7,-2.238104e-8,3.9161037e-7
81,121,3.157603e-8,1.995524e-7,2.0203517e-7
81,122,-2.4887086e-8,-1.2279189e-7,1.2528852e-7
81,123,3.1096636e-7,3.1434192e-7,4.4216617e-7
81,124,1.2861113e-7,1.551457e-7,2.0152174e-7
81,125,2.955907e-7,-1.5748795e-7,3.3492734e-7
81,126,2.934391e-7,1.5338769e-7,3.3111067e-7
81,127,-4.416686e-7,-3.9722207e-7,5.9401725e-7
81,128,-2.9167861e-8,-1.2952614e-7,1.3276967e-7
82,1,-2.83897e-7,8.7635264e-8,2.971152e-7
82,2,3.936235e-7,-3.2887304e-8,3.94995e-7
82,3,2.8869928e-7,-5.1326765e-8,2.9322638e-7
82,4,-1.9014577e-9,-7.8233484e-8,7.825659e-8
82,5,3.5977195e-7,3.5141636e-7,5.029208e-7
82,6,1.6085353e-7,2.8475936e-8,1.6335464e-7
82,7,4.9038044e-7,1.1075003e-7,5.027311e-7
82,8,-1.5058814e-7,-1.1704828e-7,1.9072777e-7
82,9,-6.138898e-8,-9.5677265e-8,1.13678254e-7
82,10,-3.4061546e-7,-2.1435507e-7,4.0245124e-7
82,11,1.7688272e-7,-1.9973862e-7,2.6680146e-7
82,12,-7.8226215e-8,-9.709883e-8,1.246897e-7
82,13,-4.524875e-7,1.2338234e-8,4.526557e-7
82,14,-2.515026e-7,4.4372112e-7,5.1004116e-7
82,15,-2.868253e-7,1.6175963e-7,3.2929458e-7
82,16,-6.159254e-8,3.921544e-7,3.9696184e-7
82,17,1.0874571e-7,-1.815887e-8,1.1025141e-7
82,18,2.4184786e-7,-9.3567515e-8,2.5931692e-7
82,19,9.67347e-7,-2.2592418e-7,9.93379e-7
82,20,7.2595293e-7,-4.9070195e-7,8.762397e-7
82,21,6.5885223e-7,2.7388046e-8,6.5942123e-7
82,22,9.380537e-7,4.003069e-7,1.0198972e-6
82,23,2.2135232e-6,-1.185762e-6,2.5111185e-6
82,24,2.1717813e-6,-9.649417e-7,2.3764987e-6
82,25,4.079008e-6,-1.5461072e-6,4.362196e-6
82,26,3.409011e-6,-2.3719552e-7,3.4172529e-6
82,27,2.4110425e-6,9.184221e-7,2.5800437e-6
82,28,9.782051e-7,-1.9582271e-7,9.97613e-7
82,29,3.4817829e-6,-2.1449637e-6,4.0894597e-6
82,30,4.008243e-6,-2.9041123e-6,4.9497357e-6
82,31,5.141393e-6,-2.8456614e-6,5.876369e-6
82,32,2.788821e-6,-2.3282394e-6,3.6329354e-6
82,33,3.2294145e-6,-2.0199534e-6,3.8091114e-6
82,34,5.1643833e-6,-2.6154003e-6,5.7888838e-6
82,35,3.6709612e-6,-3.311356e-6,4.9437876e-6
82,36,2.8277796e-6,-4.2671354e-6,5.1190605e-6
82,37,3.2836172e-6,-4.901517e-6,5.8997466e-6
82,38,4.537108e-6,-5.543501e-6,7.1635013e-6
82,39,2.8636339e-6,-5.0992903e-6,5.848347e-6
82,40,2.6796547e-6,-4.9786813e-6,5.654009e-6
82,41,3.2420178e-6,-5.7656434e-6,6.6146295e-6
82,42,2.6218395e-6,-5.6339804e-6,6.2141594e-6
82,43,3.0559488e-6,-4.8035836e-6,5.6932627e-6
82,44,3.4810441e-6,-4.498711e-6,5.6882395e-6
82,45,3.3795766e-6,-4.2381516e-6,5.420652e-6
82,46,2.3227205e-6,-4.47477e-6,5.0416857e-6
82,47,2.0027676e-6,-4.8000325e-6,5.201095e-6
82,48,1.8902524e-6,-4.940079e-6,5.28937e-6
82,49,2.0124864e-6,-5.1761167e-6,5.553583e-6
82,50,2.4169785e-6,-4.723925e-6,5.306341e-6
82,51,1.8728617e-6,-4.2816177e-6,4.673314e-6
82,52,1.5935824e-6,-5.150388e-6,5.3912895e-6
82,53,1.4296165e-6,-4.735234e-6,4.9463365e-6
82,54,1.7754737e-6,-4.453417e-6,4.7942917e-6
82,55,1.9122235e-6,-4.4061867e-6,4.8032366e-6
82,56,1.2223002e-6,-4.639944e-6,4.798239e-6
82,57,7.4814324e-7,-5.0593408e-6,5.114357e-6
82,58,1.4035585e-6,-4.18804e-6,4.4169733e-6
82,59,1.1396847e-6,-3.5543585e-6,3.7326058e-6
82,60,9.273351e-7,-3.6074457e-6,3.7247303e-6
82,61,1.0547716e-6,-4.873633e-6,4.9864657e-6
82,62,9.210236e-7,-5.0769468e-6,5.159813e-6
82,63,1.0915301e-6,-4.4766616e-6,4.6078126e-6
82,64,7.2583833e-7,-4.0687705e-6,4.1330054e-6
82,65,1.2664325e-6,-3.5336523e-6,3.7537382e-6
82,66,1.0301916e-6,-3.9600545e-6,4.0918612e-6
82,67,7.7604454e-7,-5.3878525e-6,5.443455e-6
82,68,1.0919937e-6,-4.7761214e-6,4.8993656e-6
82,69,5.0553666e-7,-4.8466236e-6,4.872918e-6
82,70,9.585705e-7,-4.523955e-6,4.6243945e-6
82,71,1.0220186e-6,-4.3952246e-6,4.512485e-6
82,72,6.470437e-7,-4.121515e-6,4.171996e-6
82,73,1.1368206e-6,-4.55203e-6,4.6918376e-6
82,74,4.0278027e-7,-4.3247737e-6,4.3434893e-6
82,75,9.585092e-7,-4.779105e-6,4.8742777e-6
82,76,1.1220355e-6,-5.484253e-6,5.597856e-6
82,77,1.2926082e-6,-4.5310976e-6,4.711866e-6
82,78,1.6797958e-6,-5.2379187e-6,5.500682e-6
82,79,1.6530631e-6,-5.3353674e-6,5.5855853e-6
82,80,1.6569929e-6,-5.338052e-6,5.5893133e-6
82,81,1.4796992e-6,-5.529036e-6,5.7236134e-6
82,82,2.3231662e-6,-6.4188066e-6,6.8262857e-6
82,83,1.0020747e-6,-6.806423e-6,6.8797926e-6
82,84,1.5543108e-6,-6.364214e-6,6.5512672e-6
82,85,1.7824136e-6,-6.4768865e-6,6.7176675e-6
82,86,2.5239067e-6,-6.962489e-6,7.4058325e-6
82,87,2.3756047e-6,-6.576048e-6,6.9919884e-6
82,88,2.3635353e-6,-5.657258e-6,6.1311393e-6
82,89,2.3304606e-6,-5.622191e-6,6.086056e-6
82,90,3.7612645e-6,-5.6490558e-6,6.786674e-6
82,91,3.653344e-6,-6.3812695e-6,7.3530623e-6
82,92,3.763119e-6,-7.368656e-6,8.273944e-6
82,93,3.7283276e-6,-6.1872374e-6,7.223734e-6
82,94,4.3898062e-6,-6.825579e-6,8.115351e-6
82,95,5.3805848e-6,-6.4996457e-6,8.437777e-6
82,96,5.7322613e-6,-7.017813e-6,9.061375e-6
82,97,3.588649e-6,-6.670277e-6,7.574364e-6
82,98,5.657399e-6,-6.2857025e-6,8.456726e-6
82,99,5.3826593e-6,-6.1522774e-6,8.174567e-6
82,100,5.450594e-6,-4.744236e-6,7.226116e-6
82,101,5.7893067e-6,-4.7059593e-6,7.4607055e-6
82,102,7.4596446e-6,-6.3713087e-6,9.810192e-6
82,103,1.0081407e-6,-2.1719284e-6,2.3944979e-6
82,104,1.5210725e-6,3.8219252e-7,1.5683535e-6
82,105,1.9388008e-6,-1.3510873e-6,2.3631305e-6
82,106,2.8711245e-6,-1.8820999e-6,3.4330244e-6
82,107,1.832088e-6,-1.9033781e-6,2.6418543e-6
82,108,6.8672375e-6,-4.654576e-6,8.296025e-6
82,109,4.931861e-6,-4.588877e-6,6.7365454e-6
82,110,-2.3619288e-7,1.7734006e-7,2.9535838e-7
82,111,2.830285e-7,-2.2667405e-7,3.6261034e-7
82,112,-2.2454005e-7,6.7930284e-7,7.1545134e-7
82,113,1.11988165e-7,-4.546549e-7,4.6824397e-7
82,114,-3.3468925e-7,1.5839612e-7,3.7027857e-7
82,115,-4.3328322e-7,-4.0289126e-7,5.9165507e-7
82,116,-5.0040927e-7,5.122133e-7,7.1608093e-7
82,117,-3.0938235e-8,-1.04285846e-7,1.08778266e-7
82,118,7.70189e-8,1.5761836e-7,1.7542935e-7
82,119,-1.3251667e-7,-1.2159798e-7,1.7985198e-7
82,120,1.5752696e-7,4.0574776e-7,4.3525392e-7
82,121,-3.6259206e-7,-3.62094e-7,5.124306e-7
82,122,1.7491512e-7,2.6952347e-7,3.2130703e-7
82,123,1.4529496e-7,-4.0047902e-7,4.2602122e-7
82,124,3.173568e-7,1.0108049e-7,3.3306546e-7
82,125,3.3484483e-7,-2.6266022e-8,3.3587344e-7
82,126,-3.9139834e-8,-8.9419714e-8,9.761051e-8
82,127,-2.0336275e-8,2.5046805e-7,2.5129228e-7
82,128,-1.9145472e-7,1.3414682e-8,1.919241e-7
83,1,3.6080525e-7,2.7868023e-7,4.5589812e-7
83,2,-6.495826e-8,4.5588914e-7,4.6049374e-7
83,3,-5.7780976e-8,-9.871612e-8,1.1438319e-7
83,4,7.422379e-8,5.576693e-8,9.283922e-8
83,5,-4.6940204e-7,2.5730589e-7,5.352986e-7
83,6,1.9693863e-7,2.5615392e-7,3.2310936e-7
83,7,3.728231e-7,-2.757877e-7,4.6374123e-7
83,8,-2.5285402e-8,-4.314546e-7,4.321949e-7
83,9,3.0376336e-7,-3.6406973e-7,4.7415077e-7
83,10,2.5384136e-7,-2.2820457e-7,3.4133967e-7
83,11,-3.64929e-8,-9.378634e-8,1.0063602e-7
83,12,6.0649216e-7,-3.9557588e-7,7.240946e-7
83,13,-5.132443e-7,-3.1196643e-7,6.0061865e-7
83,14,-5.069894e-7,4.245675e-7,6.612835e-7
83,15,-3.3547778e-7,3.7623084e-7,5.0407834e-7
83,16,-4.989685e-7,8.785206e-8,5.066434e-7
83,17,9.9612464e-8,1.2598512e-8,1.00406005e-7
83,18,-4.9674238e-8,2.428338e-7,2.4786243e-7
83,19,1.8017262e-7,-1.3839673e-7,2.2719117e-7
83,20,5.006835e-7,6.972043e-8,5.055145e-7
83,21,4.4086522e-7,-1.12364354e-7,4.549592e-7
83,22,6.9527107e-7,-1.583748e-7,7.1308096e-7
83,23,8.4221136e-7,-2.2912216e-8,8.42523e-7
83,24,1.8572898e-6,-1.6644309e-6,2.4939638e-6
83,25,3.2052094e-6,-2.0266368e-6,3.7921793e-6
83,26,5.2335854e-6,-1.1233341e-6,5.352784e-6
83,27,4.188479e-6,-2.6529884e-8,4.1885633e-6
83,28,2.1858239e-6,3.6965085e-7,2.21686e-6
83,29,3.289011e-7,2.557619e-7,4.1664146e-7
83,30,4.09469e-6,-1.8302374e-6,4.485115e-6
83,31,4.4946296e-6,-2.1004587e-6,4.9612117e-6
83,32,4.700669e-6,-2.6024932e-6,5.373012e-6
83,33,2.6549199e-6,-2.7661454e-6,3.8340786e-6
83,34,2.873236e-6,-4.354701e-6,5.2171745e-6
83,35,4.406791e-6,-4.32563e-6,6.1750206e-6
83,36,4.5938973e-6,-5.972106e-6,7.534583e-6
83,37,3.4743687e-6,-6.4000856e-6,7.28233e-6
83,38,2.8038205e-6,-5.300894e-6,5.9967397e-6
83,39,4.170672e-6,-5.746119e-6,7.100168e-6
83,40,3.3953436e-6,-5.491341e-6,6.456252e-6
83,41,2.9196756e-6,-5.3944304e-6,6.133872e-6
83,42,4.1076755e-6,-5.501324e-6,6.86568e-6
83,43,2.5719658e-6,-4.8384904e-6,5.4795983e-6
83,44,1.7322574e-6,-4.849659e-6,5.149748e-6
83,45,2.6248774e-6,-5.0973736e-6,5.7335155e-6
83,46,2.8724805e-6,-5.8097085e-6,6.4810383e-6
83,47,2.496773e-6,-5.4632555e-6,6.006749e-6
83,48,3.7044017e-6,-4.5170277e-6,5.8417577e-6
83,49,3.7880461e-6,-5.0263557e-6,6.2939293e-6
83,50,3.0904089e-6,-4.761967e-6,5.676879e-6
83,51,2.4672086e-6,-4.5935426e-6,5.2141877e-6
83,52,1.8901505e-6,-3.832217e-6,4.273003e-6
83,53,1.1063619e-6,-3.859433e-6,4.01488e-6
83,54,9.2706154e-7,-4.31137e-6,4.4099156e-6
83,55,1.3053e-6,-5.5704577e-6,5.7213465e-6
83,56,9.583133e-7,-4.6731193e-6,4.770368e-6
83,57,1.2559163e-6,-4.3451205e-6,4.5229854e-6
83,58,1.7196968e-6,-4.5900138e-6,4.90159e-6
83,59,7.68073e-7,-4.489507e-6,4.5547345e-6
83,60,1.2439932e-6,-4.015681e-6,4.203952e-6
83,61,1.3019458e-6,-4.3632435e-6,4.5533457e-6
83,62,7.343597e-7,-4.791603e-6,4.84755e-6
83,63,1.3495993e-6,-4.89978e-6,5.0822496e-6
83,64,1.4659486e-6,-4.8699603e-6,5.0858152e-6
83,65,5.5333726e-7,-3.5820474e-6,3.6245337e-6
83,66,1.2158989e-6,-5.3902118e-6,5.5256487e-6
83,67,1.436888e-6,-4.4850312e-6,4.709581e-6
83,68,1.3668492e-6,-4.760971e-6,4.953294e-6
83,69,1.5148927e-6,-5.2314304e-6,5.446353e-6
83,70,1.1224625e-6,-5.4369734e-6,5.5516307e-6
83,71,7.552672e-7,-5.186285e-6,5.2409905e-6
83,72,7.6923277e-7,-5.1132797e-6,5.170817e-6
83,73,4.3910873e-7,-5.068623e-6,5.0876083e-6
83,74,1.1031091e-6,-4.4425506e-6,4.5774564e-6
83,75,6.3010935e-7,-4.90229e-6,4.9426194e-6
83,76,-1.091802e-7,-5.2705705e-6,5.271701e-6
83,77,1.4074453e-6,-4.2213323e-6,4.4497806e-6
83,78,2.4130052e-6,-4.6267533e-6,5.2181836e-6
83,79,1.7394387e-6,-4.2343804e-6,4.5777315e-6
83,80,1.4927396e-6,-5.2187333e-6,5.4280245e-6
83,81,2.8239972e-6,-6.03211e-6,6.660429e-6
83,82,1.7330323e-6,-6.1927653e-6,6.430688e-6
83,83,8.4141703e-7,-5.1034262e-6,5.1723246e-6
83,84,1.4913207e-6,-5.9660665e-6,6.149633e-6
83,85,1.4905767e-6,-6.8322747e-6,6.992982e-6
83,86,2.046053e-6,-6.154354e-6,6.485554e-6
83,87,1.9800502e-6,-6.482884e-6,6.778524e-6
83,88,2.109488e-6,-5.779838e-6,6.1527608e-6
83,89,2.7565163e-6,-4.689056e-6,5.439267e-6
83,90,3.993803e-6,-4.9693217e-6,6.3753137e-6
83,91,4.1382327e-6,-6.1631767e-6,7.423592e-6
83,92,3.3392919e-6,-5.8542464e-6,6.739664e-6
83,93,3.7448692e-6,-6.704768e-6,7.679711e-6
83,94,5.7281572e-6,-6.0078564e-6,8.300971e-6
83,95,7.3875403e-6,-6.814853e-6,1.005077e-5
83,96,5.8495016e-6,-8.704874e-6,1.04876835e-5
83,97,5.7046514e-6,-6.933353e-6,8.9785535e-6
83,98,6.515577e-6,-5.3513695e-6,8.4314825e-6
83,99,4.5292236e-6,-5.768712e-6,7.3342967e-6
83,100,5.6229173e-6,-3.922169e-6,6.855699e-6
83,101,8.296893e-6,-6.541381e-6,1.056542e-5
83,102,3.4099226e-6,-4.31141e-6,5.4968928e-6
83,103,4.892568e-7,-3.3785608e-7,5.945746e-7
83,104,7.3454817e-7,-9.105544e-7,1.1699018e-6
83,105,2.6287657e-6,-1.4430757e-6,2.9988125e-6
83,106,2.0281268e-6,-1.002741e-6,2.2624738e-6
83,107,5.165707e-6,-2.4684693e-6,5.725196e-6
83,108,7.869275e-6,-5.7284296e-6,9.733468e-6
83,109,1.1696081e-6,-9.0471724e-7,1.4786807e-6
83,110,3.174949e-7,-2.2442828e-7,3.8880725e-7
83,111,-2.483365e-7,7.920592e-7,8.3007757e-7
83,112,-8.6642096e-8,-3.60212e-8,9.383166e-8
83,113,-2.984288e-7,-7.713713e-8,3.0823674e-7
83,114,-3.9196456e-7,-5.115043e-7,6.444167e-7
83,115,-8.1014826e-7,8.8719055e-8,8.149916e-7
83,116,-3.4507528e-7,1.1456385e-7,3.635957e-7
83,117,-9.871769e-8,-3.9266897e-8,1.06240634e-7
83,118,2.8425083e-7,1.2488292e-8,2.8452502e-7
83,119,2.596491e-7,1.5272343e-7,3.012343e-7
83,120,-1.4521156e-7,-2.1576243e-7,2.6007658e-7
83,121,-2.4299786e-7,3.6699498e-7,4.401514e-7
83,122,8.092224e-8,-1.0530509e-7,1.3280652e-7
83,123,4.2164442e-7,-1.8450972e-8,4.2204792e-7
83,124,5.0293966e-7,-2.192871e-8,5.034175e-7
83,125,1.5308333e-7,2.9900994e-7,3.3591883e-7
83,126,1.2674451e-7,-3.045356e-7,3.298577e-7
83,127,4.0422685e-7,6.110455e-8,4.0881918e-7
83,128,-1.6732774e-7,1.7670462e-8,1.6825818e-7
84,1,-3.9581053e-7,2.3943417e-7,4.625956e-7
84,2,2.6481428e-7,5.586098e-8,2.7064192e-7
84,3,-1.6140734e-7,2.9759298e-7,3.3854676e-7
84,4,2.639407e-7,2.3987812e-7,3.566598e-7
84,5,2.5420206e-7,3.2134793e-7,4.097355e-7
84,6,3.773385e-7,7.1409556e-7,8.076613e-7
84,7,-1.6702298e-8,2.0973275e-7,2.1039675e-7
84,8,2.6597488e-7,-1.5036118e-8,2.6639955e-7
84,9,1.6276822e-7,-6.577912e-7,6.776302e-7
84,10,1.9667955e-7,-7.8362507e-7,8.079301e-7
84,11,-4.60818e-7,-2.0404602e-7,5.039722e-7
84,12,-1.4373371e-9,-5.8229443e-7,5.822962e-7
84,13,2.0944971e-7,1.1354769e-7,2.3824832e-7
84,14,-4.6842853e-8,1.3774947e-7,1.4549629e-7
84,15,-6.2292776e-7,4.2598072e-7,7.546513e-7
84,16,-3.2834873e-7,5.696195e-7,6.5747946e-7
84,17,-1.8740471e-7,4.137875e-7,4.542473e-7
84,18,4.7152395e-7,3.476293e-7,5.858165e-7
84,19,5.3455295e-7,4.6698916e-9,5.3457336e-7
84,20,7.2225885e-7,-6.5807285e-7,9.770965e-7
84,21,4.4091652e-7,3.265903e-7,5.486972e-7
84,22,1.0969238e-6,-7.043064e-7,1.303568e-6
84,23,-2.8227927e-7,-6.0230168e-9,2.8234354e-7
84,24,1.5643412e-6,-1.6547268e-7,1.5730685e-6
84,25,1.0199801e-6,-1.8150225e-6,2.0819862e-6
84,26,3.2849105e-6,-1.6685068e-6,3.6843658e-6
84,27,4.145998e-6,-1.4424807e-6,4.3897667e-6
84,28,2.0420603e-6,-6.04625e-7,2.1296905e-6
84,29,2.0037733e-6,4.740165e-7,2.0590771e-6
84,30,2.8160387e-6,-1.344795e-6,3.1206646e-6
84,31,6.015956e-6,-2.4882684e-6,6.5102386e-6
84,32,3.615279e-6,-5.554964e-7,3.6577067e-6
84,33,3.5102623e-6,-5.0821814e-7,3.5468615e-6
84,34,3.1402192e-6,-1.3042735e-6,3.4003097e-6
84,35,2.1496671e-6,-5.521265e-6,5.924984e-6
84,36,2.9027433e-6,-4.2345946e-6,5.133976e-6
84,37,3.7642135e-6,-3.8116198e-6,5.357028e-6
84,38,5.013033e-6,-3.7054124e-6,6.2338254e-6
84,39,4.170217e-6,-4.398948e-6,6.061473e-6
84,40,3.6270958e-6,-2.6943376e-6,4.518327e-6
84,41,2.0346665e-6,-4.351999e-6,4.80414e-6
84,42,2.7249582e-6,-5.1220363e-6,5.8017804e-6
84,43,3.4232412e-6,-3.990427e-6,5.2575742e-6
84,44,2.7924789e-6,-3.3308788e-6,4.3465725e-6
84,45,2.4575206e-6,-4.229881e-6,4.891963e-6
84,46,2.2309669e-6,-5.0127915e-6,5.4868287e-6
84,47,1.9515649e-6,-5.19521e-6,5.549668e-6
84,48,2.7676692e-6,-5.406223e-6,6.0734865e-6
84,49,2.3908276e-6,-5.2675014e-6,5.784689e-6
84,50,2.4124322e-6,-5.0428403e-6,5.590176e-6
84,51,2.7302478e-6,-4.5935462e-6,5.34368e-6
84,52,2.6404443e-6,-4.6286536e-6,5.3288254e-6
84,53,1.9896174e-6,-5.011948e-6,5.3924205e-6
84,54,1.2010089e-6,-3.9090432e-6,4.0893815e-6
84,55,9.1685234e-7,-4.400126e-6,4.494633e-6
84,56,1.4683751e-6,-4.8129627e-6,5.0319713e-6
84,57,9.017248e-7,-5.137514e-6,5.216048e-6
84,58,1.3341162e-6,-5.212028e-6,5.3800654e-6
84,59,9.497972e-7,-4.5786683e-6,4.6761434e-6
84,60,1.4667286e-6,-5.4683887e-6,5.6616755e-6
84,61,1.7272781e-6,-4.691102e-6,4.9989926e-6
84,62,1.0463737e-6,-4.746903e-6,4.8608626e-6
84,63,1.3624909e-6,-5.0060253e-6,5.188128e-6
84,64,1.8017282e-6,-4.6815835e-6,5.016318e-6
84,65,1.9835957e-6,-5.350873e-6,5.706706e-6
84,66,1.3064948e-6,-4.2890215e-6,4.483596e-6
84,67,1.2521502e-6,-4.6978794e-6,4.8618876e-6
84,68,1.5565643e-6,-4.523617e-6,4.7839317e-6
84,69,2.7379517e-6,-4.752115e-6,5.4844304e-6
84,70,6.770154e-7,-4.1504823e-6,4.205336e-6
84,71,6.8891427e-7,-4.6013893e-6,4.652675e-6
84,72,9.1145415e-7,-4.9433484e-6,5.026673e-6
84,73,3.9485172e-7,-5.5431037e-6,5.557149e-6
84,74,1.0369857e-6,-4.7733884e-6,4.8847287e-6
84,75,1.9580516e-6,-4.929507e-6,5.30415e-6
84,76,1.2550247e-6,-5.4313673e-6,5.574481e-6
84,77,1.5425449e-6,-4.706179e-6,4.952531e-6
84,78,2.0279192e-6,-4.8619586e-6,5.267931e-6
84,79,2.5239794e-6,-5.0932244e-6,5.6843123e-6
84,80,1.7673085e-6,-5.3042327e-6,5.590909e-6
84,81,2.4702515e-6,-5.6899253e-6,6.203015e-6
84,82,1.7383005e-6,-6.5832123e-6,6.8088452e-6
84,83,2.4588912e-6,-6.2771733e-6,6.7415913e-6
84,84,2.4721521e-6,-5.829954e-6,6.332448e-6
84,85,2.8949244e-6,-5.87779e-6,6.552023e-6
84,86,2.0899497e-6,-6.4438364e-6,6.7742835e-6
84,87,2.494308e-6,-5.88649e-6,6.3931475e-6
84,88,3.916549e-6,-5.8525916e-6,7.0421715e-6
84,89,3.538616e-6,-5.1226043e-6,6.225984e-6
84,90,4.072364e-6,-5.6370336e-6,6.9541566e-6
84,91,2.5499994e-6,-5.257483e-6,5.8432543e-6
84,92,3.5551543e-6,-5.9853164e-6,6.9615467e-6
84,93,6.1647224e-6,-5.6149647e-6,8.338563e-6
84,94,7.0417814e-6,-6.363245e-6,9.490921e-6
84,95,7.5510625e-6,-7.802499e-6,1.08580625e-5
84,96,6.0463026e-6,-6.548319e-6,8.912814e-6
84,97,7.2220714e-6,-6.0460557e-6,9.4187635e-6
84,98,4.9921655e-6,-5.2792448e-6,7.26582e-6
84,99,5.8262926e-6,-4.5226343e-6,7.375629e-6
84,100,8.621985e-6,-4.4946187e-6,9.72318e-6
84,101,4.499119e-6,-3.4102663e-6,5.645528e-6
84,102,1.7996803e-6,-4.4081258e-7,1.8528801e-6
84,103,8.4487306e-7,8.478979e-8,8.4911704e-7
84,104,2.8710854e-6,-1.8589047e-6,3.4203301e-6
84,105,2.7428032e-6,-1.9004375e-6,3.3368597e-6
84,106,3.2381713e-6,-1.3729609e-6,3.5172113e-6
84,107,8.991429e-6,-6.010031e-6,1.0815094e-5
84,108,3.3172623e-6,-3.029127e-6,4.4921976e-6
84,109,1.0692465e-7,1.1734519e-8,1.07566635e-7
84,110,9.562877e-8,4.7224384e-7,4.818289e-7
84,111,-4.3717698e-8,4.7053015e-7,4.7255674e-7
84,112,-2.0322406e-7,-3.746478e-7,4.2621707e-7
84,113,-3.0246392e-7,-3.379219e-7,4.5351476e-7
84,114,-9.595954e-7,-4.1919048e-7,1.0471599e-6
84,115,-3.6082736e-7,3.3874036e-7,4.949156e-7
84,116,-7.196233e-8,-2.9970156e-8,7.795375e-8
84,117,4.0677887e-7,-7.434544e-8,4.1351697e-7
84,118,-1.9265494e-8,2.7617168e-7,2.7684283e-7
84,119,-9.96716e-8,-5.7088386e-8,1.1486301e-7
84,120,-4.357823e-7,9.4651405e-8,4.4594296e-7
84,121,-7.2559865e-9,1.6848948e-7,1.6864564e-7
84,122,2.7082262e-7,-3.0818688e-7,4.1027315e-7
84,123,1.4992516e-7,-9.2948795e-8,1.764002e-7
84,124,1.9481007e-7,-1.6515587e-7,2.553966e-7
84,125,3.767998e-7,-1.00049384e-7,3.8985633e-7
84,126,-2.609343e-8,4.3838816e-7,4.3916404e-7
84,127,-7.3769506e-8,-2.8569548e-7,2.9506583e-7
84,128,2.7284473e-8,9.328631e-8,9.719454e-8
85,1,-1.6410853e-7,-2.6641476e-7,3.1290324e-7
85,2,-2.4799567e-7,-1.7632274e-7,3.0428862e-7
85,3,1.2489458e-7,-2.0603794e-7,2.409363e-7
85,4,8.6020876e-8,1.10828374e-7,1.402944e-7
85,5,5.0174e-7,2.799534e-7,5.7455804e-7
85,6,2.3910144e-7,-3.4221833e-7,4.1747202e-7
85,7,2.3618895e-7,4.7691117e-7,5.321931e-7
85,8,6.653243e-8,4.2332593e-7,4.2852236e-7
85,9,5.3104195e-8,1.1833524e-7,1.297046e-7
85,10,-2.9769314e-9,-1.2803021e-7,1.2806481e-7
85,11,1.733462e-7,-3.2579496e-7,3.69041e-7
85,12,3.1473274e-8,-4.7515417e-7,4.761954e-7
85,13,-1.6560605e-7,-8.698689e-7,8.854927e-7
85,14,-1.3292743e-7,-2.215593e-7,2.5837613e-7
85,15,-1.8113154e-7,-1.0916184e-7,2.1148273e-7
85,16,-4.212884e-7,1.479046e-7,4.4649713e-7
85,17,-1.562098e-7,1.06309386e-7,1.8895287e-7
85,18,-4.3636015e-7,4.768994e-8,4.3895844e-7
85,19,-3.7175892e-7,7.1766533e-7,8.082377e-7
85,20,1.2685601e-7,2.9462038e-7,3.2077034e-7
85,21,6.1212023e-7,-3.5880706e-7,7.095306e-7
85,22,1.0602967e-6,5.5998686e-7,1.199089e-6
85,23,1.000904e-6,6.188818e-8,1.0028156e-6
85,24,-4.642155e-7,3.7816e-7,5.987495e-7
85,25,2.3105417e-6,-6.5327737e-7,2.4011194e-6
85,26,1.8373909e-6,-1.6704485e-6,2.4832243e-6
85,27,3.1521079e-6,-2.2521283e-6,3.8739986e-6
85,28,3.1705965e-6,-1.8687404e-6,3.680336e-6
85,29,1.9277065e-6,7.209473e-8,1.9290542e-6
85,30,1.0910121e-6,4.4959776e-7,1.1800194e-6
85,31,3.990667e-6,-1.6670178e-6,4.324855e-6
85,32,4.958336e-6,-2.855305e-6,5.7217007e-6
85,33,3.9571787e-6,-1.9733109e-6,4.4219023e-6
85,34,4.3143054e-6,-8.4092426e-7,4.395496e-6
85,35,4.2925803e-6,-2.872617e-6,5.165092e-6
85,36,4.273894e-6,-5.069391e-6,6.630603e-6
85,37,4.7758e-6,-3.891549e-6,6.1605533e-6
85,38,5.6241797e-6,-2.8839972e-6,6.3205093e-6
85,39,4.4575736e-6,-2.7027932e-6,5.21297e-6
85,40,3.8474864e-6,-3.2860523e-6,5.059772e-6
85,41,3.614492e-6,-3.4627283e-6,5.005501e-6
85,42,2.7741248e-6,-6.1044675e-6,6.705244e-6
85,43,3.0121932e-6,-4.5377574e-6,5.446517e-6
85,44,3.6487618e-6,-3.6795343e-6,5.1819334e-6
85,45,2.659657e-6,-3.1377756e-6,4.113321e-6
85,46,3.1349477e-6,-3.9230754e-6,5.021794e-6
85,47,2.5411198e-6,-4.945739e-6,5.560362e-6
85,48,2.254884e-6,-5.3983167e-6,5.850327e-6
85,49,1.8840618e-6,-5.5289197e-6,5.8411165e-6
85,50,1.4934348e-6,-4.913984e-6,5.1359116e-6
85,51,1.4460635e-6,-4.167966e-6,4.4116937e-6
85,52,2.7370954e-6,-4.748074e-6,5.4805014e-6
85,53,2.9381815e-6,-4.9185282e-6,5.729296e-6
85,54,2.149091e-6,-5.240821e-6,5.6643444e-6
85,55,1.9255726e-6,-4.563547e-6,4.9531595e-6
85,56,2.0762475e-6,-5.002833e-6,5.4165616e-6
85,57,2.0867092e-6,-4.8344964e-6,5.265616e-6
85,58,2.3285484e-6,-5.3464046e-6,5.8314818e-6
85,59,1.9025222e-6,-4.9719847e-6,5.3235535e-6
85,60,1.5859833e-6,-4.8458783e-6,5.0988115e-6
85,61,1.962364e-6,-5.215289e-6,5.5722626e-6
85,62,1.6133857e-6,-5.298093e-6,5.5383034e-6
85,63,7.486278e-7,-5.2892287e-6,5.341946e-6
85,64,1.2155572e-6,-4.5192546e-6,4.6798764e-6
85,65,1.941127e-6,-4.27903e-6,4.6987307e-6
85,66,1.9935278e-6,-4.4867793e-6,4.909719e-6
85,67,1.7755876e-6,-5.902916e-6,6.1641813e-6
85,68,1.505046e-6,-5.4218517e-6,5.6268677e-6
85,69,1.0399299e-6,-4.758933e-6,4.8712313e-6
85,70,-7.630306e-8,-3.2652358e-6,3.2661271e-6
85,71,1.4165493e-6,-3.3673173e-6,3.6531408e-6
85,72,2.1578242e-6,-4.8704233e-6,5.3270282e-6
85,73,1.942842e-6,-5.286528e-6,5.6322297e-6
85,74,1.79378e-6,-5.3512895e-6,5.64393e-6
85,75,2.0824496e-6,-5.3289627e-6,5.721402e-6
85,76,7.56426e-7,-6.1864635e-6,6.2325366e-6
85,77,3.3657898e-7,-5.1715447e-6,5.182486e-6
85,78,2.05234e-6,-4.6250643e-6,5.0599724e-6
85,79,2.6429248e-6,-5.2964356e-6,5.91923e-6
85,80,1.5058807e-6,-6.036108e-6,6.2211157e-6
85,81,1.5178498e-6,-6.1201595e-6,6.3055704e-6
85,82,2.4777926e-6,-5.029922e-6,5.6071e-6
85,83,2.745897e-6,-5.5789774e-6,6.218114e-6
85,84,2.2302975e-6,-5.6006547e-6,6.028396e-6
85,85,2.461046e-6,-5.467415e-6,5.9957797e-6
85,86,2.7699787e-6,-6.4067353e-6,6.9799025e-6
85,87,3.4321772e-6,-5.61276e-6,6.5789754e-6
85,88,3.8467138e-6,-5.5185683e-6,6.726946e-6
85,89,4.226653e-6,-6.2328263e-6,7.530785e-6
85,90,3.034593e-6,-6.444489e-6,7.123215e-6
85,91,3.0659248e-6,-5.5778296e-6,6.36491e-6
85,92,5.6190343e-6,-4.098641e-6,6.9550274e-6
85,93,6.7495234e-6,-4.315901e-6,8.011433e-6
85,94,6.693189e-6,-5.6746308e-6,8.774977e-6
85,95,5.464706e-6,-6.852084e-6,8.764364e-6
85,96,6.513345e-6,-7.1491245e-6,9.671279e-6
85,97,5.6891686e-6,-6.7003693e-6,8.789857e-6
85,98,6.452057e-6,-3.9796014e-6,7.5806506e-6
85,99,8.297244e-6,-3.3158503e-6,8.935273e-6
85,100,4.6804444e-6,-2.996259e-6,5.5573487e-6
85,101,1.8671774e-6,1.4561386e-8,1.8672341e-6
85,102,8.2652156e-7,2.3270029e-7,8.5865435e-7
85,103,2.625055e-6,-1.2893133e-6,2.9245928e-6
85,104,4.0052387e-6,-1.7766274e-6,4.381591e-6
85,105,2.9274931e-6,-1.1554009e-6,3.1472475e-6
85,106,8.67395e-6,-4.9959967e-6,1.0009865e-5
85,107,5.67226e-6,-4.145706e-6,7.025768e-6
85,108,1.9643866e-7,-1.2216745e-7,2.3132884e-7
85,109,5.3598507e-7,1.1474567e-7,5.4813006e-7
85,110,-9.786808e-8,4.9899694e-7,5.085038e-7
85,111,3.056104e-7,-5.336016e-7,6.149215e-7
85,112,-6.541557e-9,-3.5919246e-7,3.5925203e-7
85,113,-1.7491948e-7,-1.9644652e-7,2.6303624e-7
85,114,-4.3167495e-7,-1.3706966e-7,4.529143e-7
85,115,-1.67388e-7,-2.6234252e-7,3.11195e-7
85,116,2.1638127e-7,-8.3523986e-8,2.3194204e-7
85,117,1.0174152e-7,7.6104484e-8,1.2705601e-7
85,118,-1.913424e-7,1.0428231e-7,2.1791446e-7
85,119,-5.567971e-7,-2.1115902e-7,5.9549234e-7
85,120,-2.4032195e-7,6.683971e-8,2.4944376e-7
85,121,-1.6239677e-7,-1.658982e-7,2.321528e-7
85,122,-2.6470666e-8,2.9098743e-7,2.9218896e-7
85,123,-2.838753e-7,-4.3349564e-7,5.181734e-7
85,124,2.74892e-7,1.03882314e-7,2.9386587e-7
85,125,1.0933639e-7,7.327835e-7,7.408955e-7
85,126,-2.8737153e-8,1.2296879e-7,1.26282e-7
85,127,4.7567033e-7,4.3298039e-7,6.432218e-7
85,128,3.6889384e-7,-1.95115e-9,3.68899e-7
86,1,3.8404434e-7,5.0797985e-7,6.368152e-7
86,2,-1.7396873e-7,1.176414e-7,2.10011e-7
86,3,-8.065725e-8,-2.2003535e-7,2.3435261e-7
86,4,1.7524182e-7,3.1861106e-8,1.7811465e-7
86,5,9.737512e-8,-3.93595e-7,4.0546138e-7
86,6,5.3178144e-7,-5.255783e-8,5.3437236e-7
86,7,1.9355981e-7,-1.6977451e-7,2.574661e-7
86,8,1.7243458e-7,6.7644116e-8,1.85228e-7
86,9,1.8352331e-7,3.8493067e-7,4.264416e-7
86,10,3.3439832e-7,1.00062024e-7,3.490482e-7
86,11,2.377856e-7,1.2826116e-7,2.7017202e-7
86,12,-6.841685e-8,-1.9024628e-7,2.0217446e-7
86,13,-3.112666e-7,-4.765634e-7,5.692096e-7
86,14,-1.6890243e-7,3.831995e-8,1.7319483e-7
86,15,-6.17071e-8,-1.8387964e-7,1.9395743e-7
86,16,-2.3351578e-7,-4.2958096e-8,2.3743424e-7
86,17,-4.750156e-7,-3.1381987e-7,5.6931776e-7
86,18,-2.705972e-7,-7.4418196e-8,2.8064375e-7
86,19,-3.294664e-7,1.8944533e-7,3.8004953e-7
86,20,-6.4803044e-7,-9.362461e-8,6.5475876e-7
86,21,-2.9617679e-8,1.0960622e-7,1.13537354e-7
86,22,2.704216e-7,-1.5227725e-7,3.1034853e-7
86,23,4.6576858e-7,3.287349e-7,5.7009385e-7
86,24,5.65953e-7,4.6688075e-7,7.3367596e-7
86,25,6.5598846e-7,4.3449901e-7,7.868356e-7
86,26,2.737671e-6,-4.1866758e-7,2.769499e-6
86,27,3.1806853e-6,-1.014691e-6,3.338616e-6
86,28,3.1147022e-6,-1.8019722e-6,3.5983987e-6
86,29,2.4253777e-6,-5.4206095e-7,2.4852136e-6
86,30,-1.15207094e-7,7.3932836e-7,7.4825067e-7
86,31,-1.1809215e-7,-6.456825e-7,6.563929e-7
86,32,4.1378476e-6,-1.8190883e-6,4.5200513e-6
86,33,5.415471e-6,-3.7425652e-6,6.582866e-6
86,34,4.4457443e-6,-2.2945703e-6,5.0029685e-6
86,35,3.7208392e-6,-2.0194461e-6,4.2335337e-6
86,36,4.4367534e-6,-3.5744358e-6,5.697488e-6
86,37,4.774377e-6,-4.184816e-6,6.348808e-6
86,38,4.24718e-6,-4.523238e-6,6.204694e-6
86,39,4.393814e-6,-4.0243476e-6,5.9582694e-6
86,40,4.5560073e-6,-2.7113006e-6,5.301731e-6
86,41,4.3046775e-6,-3.2792111e-6,5.4114207e-6
86,42,4.0930404e-6,-4.606895e-6,6.162504e-6
86,43,4.1352955e-6,-5.9873996e-6,7.2766493e-6
86,44,3.5094506e-6,-5.0424865e-6,6.143526e-6
86,45,3.4878574e-6,-4.7226504e-6,5.8709943e-6
86,46,3.8973844e-6,-4.3556374e-6,5.8447567e-6
86,47,3.1361917e-6,-3.7062841e-6,4.855125e-6
86,48,3.3760812e-6,-3.944969e-6,5.19237e-6
86,49,3.5078533e-6,-4.03565e-6,5.3471026e-6
86,50,2.8076524e-6,-4.54003e-6,5.338051e-6
86,51,1.9460804e-6,-4.689947e-6,5.07768e-6
86,52,1.7607038e-6,-4.716766e-6,5.0346757e-6
86,53,1.959743e-6,-5.181652e-6,5.5398655e-6
86,54,2.3563591e-6,-4.944381e-6,5.4771644e-6
86,55,1.9879456e-6,-4.5961647e-6,5.0076596e-6
86,56,2.2277584e-6,-5.2528794e-6,5.705756e-6
86,57,1.9464096e-6,-4.8121024e-6,5.190842e-6
86,58,1.8482986e-6,-4.5185493e-6,4.881956e-6
86,59,2.098879e-6,-4.6633277e-6,5.1138945e-6
86,60,2.5796314e-6,-5.1095685e-6,5.7238262e-6
86,61,2.5648485e-6,-5.866702e-6,6.402862e-6
86,62,1.8114683e-6,-5.6591175e-6,5.9419717e-6
86,63,1.6959458e-6,-4.9854616e-6,5.266029e-6
86,64,2.1726237e-6,-5.0069225e-6,5.457982e-6
86,65,1.5742844e-6,-4.5835827e-6,4.8464008e-6
86,66,2.4845365e-6,-5.7030347e-6,6.2207337e-6
86,67,2.030372e-6,-5.060589e-6,5.452703e-6
86,68,1.4889861e-6,-5.5028718e-6,5.700761e-6
86,69,8.868934e-7,-4.325333e-6,4.415324e-6
86,70,1.8356126e-6,-4.4687094e-6,4.8310285e-6
86,71,1.8967305e-6,-5.740482e-6,6.045719e-6
86,72,1.7443269e-6,-5.0871618e-6,5.3779077e-6
86,73,2.8383415e-6,-5.5271457e-6,6.2133345e-6
86,74,2.3145228e-6,-5.9684303e-6,6.401498e-6
86,75,2.3656169e-6,-5.703373e-6,6.1745127e-6
86,76,2.1704416e-6,-4.9966784e-6,5.4477164e-6
86,77,2.6008613e-6,-4.7688222e-6,5.4319557e-6
86,78,3.381543e-6,-4.430162e-6,5.5732544e-6
86,79,2.1420817e-6,-6.489924e-6,6.834298e-6
86,80,1.4671417e-6,-6.2750432e-6,6.4442743e-6
86,81,1.9907611e-6,-4.6452237e-6,5.0538333e-6
86,82,3.7955363e-6,-5.6989606e-6,6.8472073e-6
86,83,2.5007885e-6,-6.51425e-6,6.9777784e-6
86,84,2.4171984e-6,-5.263196e-6,5.791725e-6
86,85,2.8115087e-6,-4.93555e-6,5.6801614e-6
86,86,3.1141035e-6,-5.271537e-6,6.1226415e-6
86,87,3.551403e-6,-5.5225305e-6,6.565882e-6
86,88,3.801779e-6,-6.6860007e-6,7.691302e-6
86,89,3.6460078e-6,-7.894844e-6,8.696087e-6
86,90,4.245756e-6,-6.531679e-6,7.790332e-6
86,91,6.611774e-6,-4.654425e-6,8.085743e-6
86,92,6.198935e-6,-3.6294716e-6,7.183304e-6
86,93,5.487139e-6,-5.7015686e-6,7.913064e-6
86,94,6.1966653e-6,-6.14943e-6,8.730071e-6
86,95,5.699887e-6,-6.562997e-6,8.69262e-6
86,96,6.7583214e-6,-6.293329e-6,9.2347655e-6
86,97,5.9342624e-6,-5.579174e-6,8.1451e-6
86,98,7.866313e-6,-4.3735718e-6,9.00039e-6
86,99,4.9622927e-6,-2.4763447e-6,5.5458663e-6
86,100,1.1823981e-6,-2.7815665e-7,1.2146754e-6
86,101,1.4617082e-6,5.0100806e-7,1.545186e-6
86,102,3.2027924e-6,-1.5132657e-6,3.5422947e-6
86,103,4.2449587e-6,-1.8855861e-6,4.6449013e-6
86,104,2.0996176e-6,-1.1955935e-6,2.4161618e-6
86,105,7.845431e-6,-4.198406e-6,8.898169e-6
86,106,7.858848e-6,-4.8873235e-6,9.25459e-6
86,107,5.1192325e-7,1.9790154e-7,5.4884464e-7
86,108,3.2377568e-7,6.4736116e-7,7.238143e-7
86,109,-1.3700556e-7,7.377248e-7,7.5033887e-7
86,110,7.022773e-8,-4.5841898e-7,4.6376707e-7
86,111,-2.0941316e-7,-3.5239017e-7,4.0991793e-7
86,112,-2.1113524e-7,4.0193518e-7,4.540154e-7
86,113,-1.532845e-7,-2.9114395e-7,3.2903029e-7
86,114,4.8690987e-7,-2.5498588e-7,5.4963533e-7
86,115,1.7726751e-7,-2.6746864e-7,3.2087885e-7
86,116,1.4586865e-8,3.9763526e-7,3.9790274e-7
86,117,-2.692762e-7,7.101348e-8,2.7848264e-7
86,118,-1.2181162e-7,-3.3863785e-7,3.5988006e-7
86,119,-1.7653025e-7,-2.3361362e-9,1.7654571e-7
86,120,-1.4342287e-7,-2.7479214e-7,3.099691e-7
86,121,5.8773402e-8,8.673445e-8,1.0477203e-7
86,122,-7.519926e-8,-3.9782535e-7,4.0487026e-7
86,123,2.617592e-7,4.7183857e-8,2.659778e-7
86,124,-3.046512e-7,4.0924922e-7,5.101934e-7
86,125,8.734721e-8,4.1403763e-7,4.231509e-7
86,126,2.565984e-7,3.057118e-7,3.9912712e-7
86,127,-1.2814944e-7,1.4097705e-7,1.9051721e-7
86,128,1.1158367e-8,1.5724272e-7,1.5763814e-7
87,1,-6.882598e-8,4.774397e-8,8.376457e-8
87,2,2.3622222e-7,1.1312658e-7,2.6191327e-7
87,3,-1.6605334e-7,3.9669482e-7,4.3004707e-7
87,4,-2.6493322e-7,-1.5794316e-7,3.084407e-7
87,5,3.5775625e-7,-2.7522495e-8,3.5881334e-7
87,6,2.9475493e-7,-3.9229576e-8,2.9735403e-7
87,7,5.8210674e-7,-3.0735134e-8,5.8291755e-7
87,8,1.7253827e-8,-5.6615574e-9,1.8158959e-8
87,9,1.3912017e-7,1.3442428e-7,1.9345364e-7
87,10,4.159313e-7,-5.2304948e-8,4.192072e-7
87,11,3.7108077e-7,-1.4755331e-7,3.993406e-7
87,12,-2.3707834e-7,-2.4287127e-7,3.3940034e-7
87,13,-3.1971183e-7,2.5516478e-8,3.2072845e-7
87,14,-2.388951e-7,-1.6163696e-7,2.8843957e-7
87,15,2.1737131e-7,-1.7187895e-7,2.7711488e-7
87,16,-3.1081396e-7,-3.675335e-7,4.813379e-7
87,17,-6.805924e-7,1.16534494e-7,6.9049713e-7
87,18,-6.3292316e-7,-4.9692765e-8,6.3487096e-7
87,19,-2.7057584e-7,-4.031618e-8,2.7356293e-7
87,20,-4.349275e-8,7.533976e-8,8.699252e-8
87,21,9.1833236e-8,6.764588e-9,9.208205e-8
87,22,-2.5515652e-7,-1.498881e-7,2.9592448e-7
87,23,3.3435498e-7,9.205164e-8,3.46795e-7
87,24,9.544101e-7,3.760891e-7,1.025837e-6
87,25,6.963826e-7,5.0156945e-7,8.582078e-7
87,26,4.927018e-7,8.696207e-7,9.994975e-7
87,27,2.3320654e-6,-5.988968e-7,2.4077387e-6
87,28,3.0985223e-6,-1.2017774e-6,3.3234182e-6
87,29,4.4462136e-6,-1.6335214e-6,4.736793e-6
87,30,2.5566756e-6,-1.0797278e-6,2.7753201e-6
87,31,4.251794e-7,7.613857e-7,8.720583e-7
87,32,2.0109697e-7,1.1243611e-7,2.3039503e-7
87,33,4.339497e-6,-1.675788e-6,4.6518276e-6
87,34,5.5386618e-6,-2.1305154e-6,5.934296e-6
87,35,3.8577195e-6,-3.6035408e-6,5.2789683e-6
87,36,4.0472155e-6,-4.1824906e-6,5.820067e-6
87,37,4.058657e-6,-3.2290288e-6,5.186456e-6
87,38,4.2021434e-6,-3.1610637e-6,5.258358e-6
87,39,4.0226228e-6,-4.203385e-6,5.81807e-6
87,40,4.1507537e-6,-3.9428633e-6,5.724939e-6
87,41,3.1773923e-6,-3.2462128e-6,4.5424354e-6
87,42,2.7524336e-6,-4.2936567e-6,5.1001352e-6
87,43,3.2985806e-6,-4.237225e-6,5.369796e-6
87,44,3.3881563e-6,-4.4950098e-6,5.6289177e-6
87,45,4.4105404e-6,-4.506219e-6,6.305464e-6
87,46,3.5363666e-6,-4.575665e-6,5.782958e-6
87,47,2.6729745e-6,-4.3879086e-6,5.13795e-6
87,48,3.647412e-6,-4.990554e-6,6.1813626e-6
87,49,3.128229e-6,-4.4264334e-6,5.420252e-6
87,50,2.7231529e-6,-3.8720264e-6,4.733725e-6
87,51,2.3965079e-6,-4.072698e-6,4.7254757e-6
87,52,2.3540676e-6,-4.6182636e-6,5.1836273e-6
87,53,3.247931e-6,-4.75421e-6,5.75774e-6
87,54,2.8496415e-6,-5.3263316e-6,6.0407174e-6
87,55,2.5834117e-6,-4.917156e-6,5.554497e-6
87,56,2.4990932e-6,-5.112108e-6,5.690265e-6
87,57,2.7074498e-6,-5.218862e-6,5.8793544e-6
87,58,3.1555085e-6,-4.8901106e-6,5.8198293e-6
87,59,2.4008295e-6,-5.034671e-6,5.5778037e-6
87,60,2.3879468e-6,-4.90994e-6,5.459835e-6
87,61,2.218638e-6,-4.6885502e-6,5.1869893e-6
87,62,1.4905683e-6,-5.389562e-6,5.5918845e-6
87,63,2.2056636e-6,-4.82888e-6,5.3087692e-6
87,64,2.203235e-6,-4.4305525e-6,4.948135e-6
87,65,2.976824e-6,-5.404755e-6,6.170321e-6
87,66,2.4423437e-6,-5.2528417e-6,5.7928737e-6
87,67,2.7024398e-6,-5.3370404e-6,5.9822387e-6
87,68,3.2961898e-6,-4.7193253e-6,5.7564657e-6
87,69,2.1824535e-6,-4.630849e-6,5.119362e-6
87,70,2.160221e-6,-5.224229e-6,5.65324e-6
87,71,2.1678286e-6,-5.9534104e-6,6.335817e-6
87,72,2.7464712e-6,-5.725332e-6,6.3500024e-6
87,73,3.0541169e-6,-6.1021456e-6,6.823768e-6
87,74,1.9595857e-6,-5.900981e-6,6.2178415e-6
87,75,2.064088e-6,-4.6594473e-6,5.096166e-6
87,76,2.6623647e-6,-3.6750369e-6,4.5380702e-6
87,77,2.8692327e-6,-4.0676027e-6,4.977739e-6
87,78,3.2364208e-6,-5.423761e-6,6.31598e-6
87,79,1.6186827e-7,-6.085385e-6,6.0875373e-6
87,80,2.0338632e-6,-5.1459942e-6,5.5333403e-6
87,81,3.501783e-6,-6.0020952e-6,6.94893e-6
87,82,3.578361e-6,-6.4312194e-6,7.3597043e-6
87,83,3.292706e-6,-5.3201748e-6,6.25669e-6
87,84,3.1898685e-6,-4.7847493e-6,5.7505727e-6
87,85,3.1674144e-6,-5.2883597e-6,6.164354e-6
87,86,3.2922535e-6,-5.1936117e-6,6.14919e-6
87,87,4.414711e-6,-5.9942927e-6,7.444543e-6
87,88,4.2124375e-6,-6.7543115e-6,7.960236e-6
87,89,4.539139e-6,-6.9195185e-6,8.275477e-6
87,90,5.674505e-6,-5.4917737e-6,7.896809e-6
87,91,7.111208e-6,-5.0129047e-6,8.700488e-6
87,92,6.7084734e-6,-6.694734e-6,9.477504e-6
87,93,6.1225523e-6,-6.637574e-6,9.030118e-6
87,94,5.9036784e-6,-5.8244345e-6,8.293217e-6
87,95,5.660207e-6,-5.3542726e-6,7.791417e-6
87,96,7.2508133e-6,-5.147466e-6,8.892171e-6
87,97,7.251601e-6,-4.9159385e-6,8.760831e-6
87,98,2.076709e-6,-2.6557366e-6,3.371299e-6
87,99,1.0248112e-6,-1.5439005e-7,1.0363756e-6
87,100,8.1115127e-7,3.0278008e-7,8.658188e-7
87,101,2.1116487e-6,-1.313801e-6,2.4869928e-6
87,102,4.2303254e-6,-1.4472585e-6,4.4710414e-6
87,103,2.8725203e-6,-1.5560962e-6,3.2669263e-6
87,104,6.7845895e-6,-4.478124e-6,8.129222e-6
87,105,9.930165e-6,-6.408844e-6,1.1818691e-5
87,106,2.6921398e-6,-6.166581e-7,2.7618623e-6
87,107,5.688167e-7,9.303636e-7,1.0904719e-6
87,108,1.1264509e-7,9.088536e-7,9.1580773e-7
87,109,-3.5812883e-7,-8.483093e-8,3.6803877e-7
87,110,-1.605627e-7,-7.475163e-7,7.645659e-7
87,111,-2.826017e-7,-1.5769987e-7,3.2362473e-7
87,112,-2.6969334e-7,8.743322e-8,2.8351204e-7
87,113,-1.1690325e-7,-2.2458546e-7,2.5318965e-7
87,114,9.830662e-8,-2.844179e-7,3.0092812e-7
87,115,2.2939042e-7,1.4457979e-7,2.7115178e-7
87,116,-2.8363638e-7,2.4595795e-7,3.754263e-7
87,117,-3.875361e-7,2.5330934e-7,4.629793e-7
87,118,-2.1345868e-7,-4.1706645e-8,2.1749494e-7
87,119,2.0304047e-7,3.922734e-9,2.0307836e-7
87,120,1.7963944e-7,-1.9330574e-7,2.6388906e-7
87,121,-9.597983e-8,-4.0527027e-7,4.1648065e-7
87,122,-7.303604e-8,-4.626843e-9,7.318245e-8
87,123,1.1482161e-7,3.3368332e-7,3.5288605e-7
87,124,-1.5733836e-7,3.3957127e-7,3.7425127e-7
87,125,1.2727075e-7,7.241825e-8,1.4643172e-7
87,126,1.7710249e-7,4.8618324e-7,5.1743547e-7
87,127,-1.3434428e-7,1.735643e-7,2.1948337e-7
87,128,1.9451629e-7,3.7937284e-7,4.263336e-7
88,1,1.1884703e-7,2.7141937e-7,2.96299e-7
88,2,1.7109807e-7,2.414535e-8,1.7279336e-7
88,3,-1.3072514e-7,1.1109013e-7,1.7155197e-7
88,4,-7.0736576e-8,9.277418e-8,1.1666496e-7
88,5,9.272284e-8,5.905116e-7,5.97747e-7
88,6,7.419815e-8,-7.982297e-8,1.0898198e-7
88,7,2.6652089e-7,-1.7955192e-7,3.2136003e-7
88,8,8.647483e-8,-9.931813e-8,1.3168898e-7
88,9,-1.2915777e-7,8.716503e-8,1.5581871e-7
88,10,3.102567e-7,1.4432283e-7,3.4218166e-7
88,11,3.3652069e-7,-1.513054e-7,3.6897086e-7
88,12,4.8682705e-7,-2.43224e-7,5.4420445e-7
88,13,1.5937188e-7,-9.632643e-8,1.8622077e-7
88,14,-1.7900724e-7,-2.0742787e-7,2.739889e-7
88,15,-8.705778e-8,-9.1179295e-8,1.2606634e-7
88,16,1.3497504e-7,-4.568624e-8,1.4249734e-7
88,17,-3.9939653e-8,2.2901977e-8,4.6039943e-8
88,18,-2.0072034e-7,-2.4369382e-7,3.15714e-7
88,19,-9.1669193e-7,-9.2219935e-8,9.2131893e-7
88,20,-6.0494517e-7,2.3413116e-7,6.4867254e-7
88,21,-1.9637634e-8,3.565479e-7,3.5708828e-7
88,22,-4.407712e-7,1.6094027e-7,4.6923452e-7
88,23,2.4285526e-7,1.3243243e-7,2.7661713e-7
88,24,8.33045e-8,-2.6377234e-7,2.7661432e-7
88,25,7.872561e-8,3.2566487e-7,3.3504526e-7
88,26,6.182849e-7,3.6770945e-7,7.193653e-7
88,27,7.981134e-7,7.4810487e-7,1.093913e-6
88,28,2.2729296e-6,-1.0607451e-6,2.508264e-6
88,29,2.459883e-6,-9.699285e-7,2.6441985e-6
88,30,4.4950725e-6,-1.3694702e-6,4.699056e-6
88,31,3.783091e-6,-6.850846e-7,3.844622e-6
88,32,5.6154875e-7,1.265002e-6,1.38404e-6
88,33,1.1921976e-7,7.422106e-7,7.5172466e-7
88,34,3.020582e-6,-1.0131151e-6,3.1859563e-6
88,35,3.753764e-6,-1.1977281e-6,3.9402153e-6
88,36,5.046335e-6,-2.2494446e-6,5.5249884e-6
88,37,5.125796e-6,-3.082085e-6,5.9810563e-6
88,38,4.669446e-6,-3.14442e-6,5.629485e-6
88,39,3.6479619e-6,-2.116769e-6,4.217622e-6
88,40,4.2050497e-6,-2.9415103e-6,5.1317566e-6
88,41,5.109353e-6,-3.3152512e-6,6.0906796e-6
88,42,4.153291e-6,-3.2594166e-6,5.2795476e-6
88,43,2.859291e-6,-3.595753e-6,4.5940164e-6
88,44,3.1555737e-6,-4.0729938e-6,5.1523707e-6
88,45,3.351146e-6,-3.8621133e-6,5.1133256e-6
88,46,3.7338739e-6,-4.41121e-6,5.779324e-6
88,47,3.5109665e-6,-4.575257e-6,5.7671364e-6
88,48,3.83086e-6,-4.9356245e-6,6.24787e-6
88,49,3.7107768e-6,-4.8117936e-6,6.0764482e-6
88,50,2.7173064e-6,-4.571958e-6,5.3185104e-6
88,51,2.9676603e-6,-4.8084257e-6,5.6504837e-6
88,52,2.6631296e-6,-5.208156e-6,5.8495425e-6
88,53,2.9477303e-6,-5.2327773e-6,6.0059197e-6
88,54,3.0869828e-6,-4.024542e-6,5.0721196e-6
88,55,2.4526091e-6,-3.9583e-6,4.656547e-6
88,56,2.9421983e-6,-4.294734e-6,5.205888e-6
88,57,3.1514737e-6,-5.283969e-6,6.1524074e-6
88,58,2.4493395e-6,-5.6527506e-6,6.160589e-6
88,59,2.5822862e-6,-4.698166e-6,5.36106e-6
88,60,2.4309222e-6,-4.985521e-6,5.546603e-6
88,61,2.8405473e-6,-5.381815e-6,6.085445e-6
88,62,2.610667e-6,-5.4900925e-6,6.079202e-6
88,63,2.923953e-6,-5.1984325e-6,5.9643276e-6
88,64,3.261946e-6,-5.5487903e-6,6.436565e-6
88,65,2.4632736e-6,-5.2570463e-6,5.805536e-6
88,66,2.9016314e-6,-5.3810286e-6,6.1135042e-6
88,67,2.860105e-6,-4.9211226e-6,5.6918934e-6
88,68,3.0944918e-6,-4.617203e-6,5.5582773e-6
88,69,2.1868261e-6,-5.470021e-6,5.8909536e-6
88,70,2.5168827e-6,-5.069481e-6,5.6598883e-6
88,71,2.1026392e-6,-4.5072334e-6,4.9735545e-6
88,72,3.0879814e-6,-4.8082825e-6,5.714474e-6
88,73,2.8231664e-6,-4.5492657e-6,5.354072e-6
88,74,3.0290557e-6,-5.5968476e-6,6.363952e-6
88,75,2.6664052e-6,-5.3226304e-6,5.95316e-6
88,76,2.0567388e-6,-5.2543332e-6,5.6425342e-6
88,77,2.842672e-6,-5.4905563e-6,6.182798e-6
88,78,2.1922342e-6,-5.6773274e-6,6.08588e-6
88,79,3.0378726e-6,-5.6379395e-6,6.404298e-6
88,80,3.7158948e-6,-6.102998e-6,7.1452405e-6
88,81,3.3375488e-6,-7.2922394e-6,8.019725e-6
88,82,2.4761878e-6,-4.927341e-6,5.514544e-6
88,83,3.2890393e-6,-4.366048e-6,5.466274e-6
88,84,3.3913939e-6,-5.754475e-6,6.679486e-6
88,85,3.3323367e-6,-5.3949548e-6,6.3411358e-6
88,86,4.301008e-6,-5.533611e-6,7.008532e-6
88,87,5.2080973e-6,-5.5895016e-6,7.639817e-6
88,88,4.25573e-6,-6.095075e-6,7.4337863e-6
88,89,4.841573e-6,-4.45649e-6,6.5803597e-6
88,90,6.1364212e-6,-5.2283076e-6,8.061691e-6
88,91,5.233977e-6,-6.2883914e-6,8.181588e-6
88,92,5.09789e-6,-6.5046256e-6,8.264299e-6
88,93,5.232029e-6,-5.5600312e-6,7.634662e-6
88,94,5.3605127e-6,-5.331995e-6,7.5607713e-6
88,95,6.140822e-6,-4.7807143e-6,7.782347e-6
88,96,5.699791e-6,-3.5418818e-6,6.7106293e-6
88,97,1.1114234e-6,-1.1838989e-6,1.6238469e-6
88,98,6.011428e-7,4.520347e-7,7.5213563e-7
88,99,7.3277306e-7,-1.1015e-7,7.4100564e-7
88,100,2.6278817e-6,-2.4087885e-6,3.5648316e-6
88,101,4.139954e-6,-1.5821216e-6,4.4319668e-6
88,102,2.971163e-6,-1.277548e-6,3.2341827e-6
88,103,6.1731125e-6,-3.9249976e-6,7.315253e-6
88,104,1.0267301e-5,-5.6186855e-6,1.1704149e-5
88,105,3.9102133e-6,-1.6084691e-6,4.228113e-6
88,106,1.2668735e-7,5.9011444e-7,6.0356007e-7
88,107,1.7058868e-7,3.852635e-7,4.2134127e-7
88,108,-5.062997e-7,1.5043311e-7,5.281757e-7
88,109,2.7014112e-8,-1.2843716e-7,1.3124735e-7
88,110,-5.37359e-7,3.959261e-7,6.67467e-7
88,111,-3.4034846e-7,2.1048471e-7,4.0017608e-7
88,112,-1.4255278e-7,-9.971509e-8,1.7396664e-7
88,113,6.8159955e-10,-5.0053774e-8,5.0058414e-8
88,114,1.8552531e-7,4.18002e-7,4.573241e-7
88,115,-5.7930496e-8,8.831034e-9,5.859974e-8
88,116,9.77997e-9,-1.3984078e-8,1.7064648e-8
88,117,3.5400355e-8,-2.209924e-7,2.238098e-7
88,118,1.7787745e-7,-7.928765e-8,1.9474835e-7
88,119,1.490477e-7,-1.5442868e-7,2.1462392e-7
88,120,1.9487297e-7,-1.9722422e-7,2.7725957e-7
88,121,-4.1320636e-8,-1.860015e-7,1.9053596e-7
88,122,1.4444129e-7,4.533606e-7,4.7581418e-7
88,123,-3.5474346e-7,1.1732116e-7,3.7364043e-7
88,124,6.9215204e-8,1.4808656e-7,1.6346367e-7
88,125,-3.5533844e-7,4.479114e-8,3.5815032e-7
88,126,-1.1857225e-7,-6.0864856e-8,1.3328132e-7
88,127,2.3572267e-7,5.425018e-7,5.9150096e-7
88,128,5.46105e-9,4.2108863e-7,4.2112404e-7
89,1,-2.250474e-8,1.3015352e-7,1.3208484e-7
89,2,-1.3353232e-7,5.3231137e-8,1.437513e-7
89,3,1.3450206e-7,-2.6973668e-8,1.3718011e-7
89,4,-2.557931e-8,3.9382442e-7,3.9465425e-7
89,5,-2.396023e-7,-8.280048e-8,2.5350576e-7
89,6,1.3362103e-7,1.05510296e-7,1.7025569e-7
89,7,-2.4507523e-7,2.161307e-8,2.4602642e-7
89,8,3.7752343e-7,-9.254521e-9,3.7763684e-7
89,9,-1.7752399e-8,5.1867865e-8,5.482174e-8
89,10,7.546618e-8,-5.7025666e-8,9.458896e-8
89,11,1.6714468e-7,2.668017e-9,1.6716596e-7
89,12,2.0939689e-7,5.287407e-8,2.1596927e-7
89,13,3.6059504e-7,4.103811e-7,5.4629794e-7
89,14,1.9131406e-7,-7.438635e-8,2.0526664e-7
89,15,3.385579e-8,-2.548278e-7,2.5706694e-7
89,16,-1.5789423e-7,2.4744905e-8,1.5982147e-7
89,17,3.011373e-7,2.5957056e-7,3.975683e-7
89,18,-2.3127267e-7,4.938292e-8,2.3648619e-7
89,19,-2.0787277e-7,-1.0488476e-7,2.328345e-7
89,20,-2.3722292e-7,-1.9530202e-7,3.0727446e-7
89,21,-2.8328387e-7,2.9064492e-7,4.0586232e-7
89,22,-7.0813178e-9,1.3938231e-7,1.3956208e-7
89,23,-7.5031943e-7,-2.1863518e-7,7.8152453e-7
89,24,-8.201093e-8,-8.1367045e-7,8.17793e-7
89,25,7.261425e-7,-2.4065042e-7,7.6498077e-7
89,26,5.528088e-7,-4.78252e-7,7.309737e-7
89,27,1.18277306e-7,4.8627584e-7,5.004535e-7
89,28,1.1877945e-7,-2.6892087e-8,1.2178563e-7
89,29,2.6807195e-6,-1.1101679e-6,2.9015048e-6
89,30,2.9084965e-6,-1.2965185e-6,3.1843856e-6
89,31,3.77975e-6,-2.3548168e-6,4.4532767e-6
89,32,3.908518e-6,-1.8428248e-6,4.3211708e-6
89,33,1.4673507e-6,6.43462e-7,1.6022364e-6
89,34,9.933729e-7,5.148217e-7,1.1188525e-6
89,35,1.7048802e-7,6.225425e-8,1.8149865e-7
89,36,3.5646956e-6,-1.4654933e-6,3.854183e-6
89,37,3.9900983e-6,-2.9058747e-6,4.9360906e-6
89,38,4.1665844e-6,-1.9999554e-6,4.6217147e-6
89,39,4.4922404e-6,-2.1675098e-6,4.987817e-6
89,40,4.8853017e-6,-3.1449617e-6,5.8100736e-6
89,41,3.9266506e-6,-3.9474335e-6,5.5678374e-6
89,42,3.6261217e-6,-3.2684616e-6,4.881762e-6
89,43,4.148174e-6,-3.346048e-6,5.3294825e-6
89,44,3.6580377e-6,-4.2476768e-6,5.605711e-6
89,45,3.8276935e-6,-4.709885e-6,6.069123e-6
89,46,3.7070695e-6,-4.519871e-6,5.8456476e-6
89,47,3.7894658e-6,-4.0175696e-6,5.5227633e-6
89,48,3.8018002e-6,-5.196772e-6,6.4389533e-6
89,49,3.8990192e-6,-4.2097654e-6,5.7379852e-6
89,50,3.2971934e-6,-3.1081292e-6,4.5312195e-6
89,51,4.379924e-6,-4.185425e-6,6.058178e-6
89,52,4.2823704e-6,-4.5912516e-6,6.2783984e-6
89,53,3.7551752e-6,-4.91675e-6,6.1867418e-6
89,54,3.2408227e-6,-4.314275e-6,5.395915e-6
89,55,3.3081064e-6,-4.50911e-6,5.592463e-6
89,56,3.2831547e-6,-4.9944856e-6,5.976955e-6
89,57,3.2582934e-6,-5.221655e-6,6.1548485e-6
89,58,3.3723643e-6,-4.4187555e-6,5.558619e-6
89,59,2.2313502e-6,-3.7473171e-6,4.3613427e-6
89,60,2.112372e-6,-3.2488826e-6,3.8752232e-6
89,61,2.7677672e-6,-3.6489973e-6,4.5799256e-6
89,62,3.0543024e-6,-4.4756225e-6,5.4184834e-6
89,63,3.46831e-6,-5.0140916e-6,6.096744e-6
89,64,3.1997595e-6,-4.864868e-6,5.8228347e-6
89,65,2.7660487e-6,-5.1269826e-6,5.825545e-6
89,66,3.544736e-6,-4.3983214e-6,5.6489275e-6
89,67,2.6088394e-6,-4.099938e-6,4.8595816e-6
89,68,2.3586495e-6,-4.5927122e-6,5.162967e-6
89,69,2.9779087e-6,-4.065502e-6,5.0394688e-6
89,70,3.7383038e-6,-4.502976e-6,5.852496e-6
89,71,3.137565e-6,-6.152501e-6,6.906344e-6
89,72,2.5103977e-6,-5.357959e-6,5.9169097e-6
89,73,2.639299e-6,-5.388653e-6,6.00029e-6
89,74,3.2169053e-6,-5.596997e-6,6.4556066e-6
89,75,3.187379e-6,-5.627311e-6,6.4673036e-6
89,76,2.9354396e-6,-5.3734366e-6,6.122959e-6
89,77,2.45791e-6,-5.524705e-6,6.0467914e-6
89,78,3.3949962e-6,-5.392083e-6,6.3718567e-6
89,79,1.6135795e-6,-4.676277e-6,4.946838e-6
89,80,3.417111e-6,-3.989585e-6,5.2529454e-6
89,81,4.3472514e-6,-5.545211e-6,7.046131e-6
89,82,3.870913e-6,-5.1531856e-6,6.4450983e-6
89,83,4.3833106e-6,-5.575529e-6,7.0922447e-6
89,84,4.206193e-6,-4.944003e-6,6.491165e-6
89,85,3.9682036e-6,-5.5453115e-6,6.8188797e-6
89,86,3.4979544e-6,-5.1097713e-6,6.19237e-6
89,87,4.0725895e-6,-6.030925e-6,7.2772273e-6
89,88,3.9486436e-6,-5.861946e-6,7.0678284e-6
89,89,6.3459815e-6,-5.8752457e-6,8.6481205e-6
89,90,4.503398e-6,-6.2396057e-6,7.695016e-6
89,91,4.107102e-6,-4.777605e-6,6.3003017e-6
89,92,5.697162e-6,-5.5552196e-6,7.957268e-6
89,93,5.986067e-6,-5.9233726e-6,8.4213625e-6
89,94,3.753595e-6,-3.3241827e-6,5.013947e-6
89,95,1.843855e-6,-3.4880676e-7,1.8765573e-6
89,96,2.2994281e-7,-2.1432913e-9,2.299528e-7
89,97,9.284133e-8,-4.8143795e-7,4.903081e-7
89,98,9.037098e-7,-6.075861e-7,1.0889685e-6
89,99,3.593449e-6,-1.8423541e-6,4.0382106e-6
89,100,4.1071903e-6,-1.1815039e-6,4.273753e-6
89,101,3.99495e-6,-1.039974e-6,4.1280955e-6
89,102,7.713984e-6,-4.235462e-6,8.800266e-6
89,103,1.0374165e-5,-5.8873884e-6,1.1928312e-5
89,104,4.342817e-6,-1.7967831e-6,4.6998393e-6
89,105,-2.0480209e-7,7.974213e-7,8.2330104e-7
89,106,5.5887472e-8,8.0132446e-7,8.03271e-7
89,107,-8.7885184e-7,5.138892e-7,1.0180681e-6
89,108,-3.1091741e-7,-3.0776793e-8,3.1243695e-7
89,109,-5.0443697e-7,2.1773701e-8,5.0490667e-7
89,110,-8.116421e-8,9.110588e-8,1.2201603e-7
89,111,-4.2298097e-8,-6.65846e-8,7.8883694e-8
89,112,4.5131793e-7,5.4765374e-9,4.5135116e-7
89,113,4.044093e-7,2.2373045e-7,4.6217116e-7
89,114,3.7904826e-7,-5.1257278e-8,3.8249823e-7
89,115,-3.2482112e-7,-1.2115265e-7,3.4667957e-7
89,116,-1.9911243e-7,-1.3812878e-7,2.4233307e-7
89,117,3.581777e-8,-1.8816074e-7,1.9153948e-7
89,118,2.1861288e-9,-2.1441521e-7,2.1442635e-7
89,119,3.0755203e-8,-1.1699481e-8,3.2905323e-8
89,120,-1.445741e-7,-1.7416846e-7,2.2635442e-7
89,121,-8.144945e-8,4.888349e-7,4.95574e-7
89,122,-2.7478004e-7,3.0559917e-8,2.764742e-7
89,123,-7.8707274e-8,1.9296661e-7,2.0840093e-7
89,124,-3.2897438e-7,-1.6257705e-7,3.6695428e-7
89,125,-1.5572134e-7,-2.011821e-7,2.544079e-7
89,126,6.347776e-8,-1.6071378e-7,1.7279568e-7
89,127,-2.8093256e-8,2.4922839e-8,3.755501e-8
89,128,5.0631726e-8,-1.16081814e-7,1.2664343e-7
90,1,-1.6681047e-7,1.1469324e-7,2.0243584e-7
90,2,3.158883e-7,2.5310038e-7,4.0477798e-7
90,3,6.329597e-8,4.53466e-7,4.5786217e-7
90,4,-5.328835e-8,1.9010853e-8,5.6577917e-8
90,5,1.6394857e-7,1.4475158e-7,2.1870564e-7
90,6,-2.1386916e-7,-1.1017505e-7,2.4057962e-7
90,7,-1.8413029e-7,-6.444639e-8,1.950828e-7
90,8,7.399733e-8,-1.068893e-7,1.3000357e-7
90,9,1.3681384e-7,-1.12619425e-7,1.7720373e-7
90,10,1.4402366e-7,6.347283e-8,1.5739e-7
90,11,1.7168708e-7,2.322583e-8,1.7325095e-7
90,12,5.9577996e-8,-1.8735223e-8,6.2454355e-8
90,13,4.0705297e-7,2.9956027e-7,5.053993e-7
90,14,1.7772157e-7,3.0021022e-7,3.4887123e-7
90,15,-9.5146376e-8,-1.2175205e-7,1.5451988e-7
90,16,-1.0040011e-7,-1.781407e-7,2.0448543e-7
90,17,-2.9149075e-7,-1.6124366e-7,3.3311616e-7
90,18,-4.965727e-8,9.6440004e-8,1.08473586e-7
90,19,-3.0202784e-7,-3.184853e-7,4.3892334e-7
90,20,-4.1728254e-7,-1.9688007e-7,4.613962e-7
90,21,-3.4046104e-7,1.19205104e-7,3.6072646e-7
90,22,-3.2926627e-7,9.499629e-8,3.4269604e-7
90,23,1.3670802e-9,3.008261e-7,3.0082919e-7
90,24,6.991252e-8,-2.0486493e-7,2.1646571e-7
90,25,1.3840967e-7,-1.2771035e-7,1.883273e-7
90,26,7.113526e-7,1.3113653e-7,7.23339e-7
90,27,1.0499764e-6,-2.07655e-7,1.0703135e-6
90,28,5.7927133e-7,8.014233e-8,5.847889e-7
90,29,3.5774121e-7,3.946637e-7,5.326708e-7
90,30,2.384539e-6,-5.1648937e-7,2.4398335e-6
90,31,3.2585694e-6,-1.5863645e-6,3.6242002e-6
90,32,2.9675343e-6,-1.9864265e-6,3.5710152e-6
90,33,4.760018e-6,-2.0169257e-6,5.169696e-6
90,34,2.737395e-6,-1.0841613e-6,2.944272e-6
90,35,-2.920325e-7,5.857886e-7,6.545466e-7
90,36,4.459152e-7,5.557437e-7,7.125247e-7
90,37,2.2888282e-6,-3.3230663e-7,2.3128257e-6
90,38,2.4527174e-6,-1.6396531e-6,2.9503024e-6
90,39,4.3059804e-6,-1.8884145e-6,4.7018693e-6
90,40,5.3758095e-6,-3.83783e-6,6.6051693e-6
90,41,4.690911e-6,-2.983523e-6,5.5593214e-6
90,42,4.9104347e-6,-3.3440774e-6,5.940978e-6
90,43,3.563054e-6,-3.1454206e-6,4.752791e-6
90,44,3.892959e-6,-3.6512058e-6,5.3372682e-6
90,45,4.2382753e-6,-3.868073e-6,5.738028e-6
90,46,4.549562e-6,-4.0926034e-6,6.1194705e-6
90,47,4.8460943e-6,-4.2040338e-6,6.4154915e-6
90,48,4.199793e-6,-3.4383484e-6,5.4277525e-6
90,49,3.4243726e-6,-4.369622e-6,5.5515693e-6
90,50,3.1323898e-6,-4.3465734e-6,5.357664e-6
90,51,2.960065e-6,-5.204981e-6,5.9878053e-6
90,52,3.7312184e-6,-4.504623e-6,5.849241e-6
90,53,4.0483255e-6,-4.851152e-6,6.3184348e-6
90,54,4.3893065e-6,-3.8125277e-6,5.8138953e-6
90,55,4.469072e-6,-4.2364595e-6,6.157937e-6
90,56,3.9774336e-6,-5.0203107e-6,6.4049586e-6
90,57,3.5065823e-6,-4.708813e-6,5.871034e-6
90,58,2.6686587e-6,-4.6909518e-6,5.396922e-6
90,59,2.111251e-6,-4.237525e-6,4.7343424e-6
90,60,2.812551e-6,-4.5138595e-6,5.3183994e-6
90,61,3.7726584e-6,-5.9701374e-6,7.062258e-6
90,62,3.6819254e-6,-6.415446e-6,7.3969263e-6
90,63,3.7104826e-6,-6.82069e-6,7.764631e-6
90,64,2.8697684e-6,-5.7250945e-6,6.404083e-6
90,65,4.1880007e-6,-5.3843155e-6,6.8213053e-6
90,66,3.0903739e-6,-4.980204e-6,5.8611295e-6
90,67,3.5747507e-6,-5.7842817e-6,6.7997616e-6
90,68,2.8455966e-6,-4.735581e-6,5.524776e-6
90,69,2.505912e-6,-3.8995836e-6,4.635337e-6
90,70,3.0423978e-6,-4.0603854e-6,5.0737476e-6
90,71,3.0208182e-6,-4.6049227e-6,5.5073274e-6
90,72,2.8803872e-6,-5.5946466e-6,6.292591e-6
90,73,2.7023978e-6,-5.258418e-6,5.9121835e-6
90,74,3.7758655e-6,-5.0516464e-6,6.3068446e-6
90,75,3.765673e-6,-5.8409673e-6,6.949618e-6
90,76,3.407011e-6,-5.258843e-6,6.2660315e-6
90,77,3.922688e-6,-4.4894587e-6,5.9617714e-6
90,78,4.709712e-6,-5.7326342e-6,7.4191967e-6
90,79,3.3687593e-6,-4.4722806e-6,5.599092e-6
90,80,4.089954e-6,-4.457587e-6,6.049612e-6
90,81,4.4520634e-6,-4.9326036e-6,6.6446555e-6
90,82,5.0022422e-6,-4.830793e-6,6.954063e-6
90,83,4.4509397e-6,-5.0250987e-6,6.7128594e-6
90,84,5.358761e-6,-4.69417e-6,7.1240124e-6
90,85,4.9033574e-6,-5.5770415e-6,7.426056e-6
90,86,4.5774254e-6,-5.11736e-6,6.865872e-6
90,87,4.7707204e-6,-6.116751e-6,7.757217e-6
90,88,5.1381444e-6,-5.491825e-6,7.5206826e-6
90,89,4.767229e-6,-5.5645114e-6,7.3273636e-6
90,90,5.328217e-6,-6.4109804e-6,8.3361e-6
90,91,5.8242863e-6,-5.56586e-6,8.056122e-6
90,92,5.1737516e-6,-3.963219e-6,6.5172703e-6
90,93,2.772834e-6,-1.6436978e-6,3.2234068e-6
90,94,9.692467e-7,1.0541681e-6,1.4320299e-6
90,95,1.6721909e-6,-3.8767894e-8,1.6726402e-6
90,96,2.448812e-6,3.165067e-7,2.4691815e-6
90,97,2.1538876e-6,-1.4749786e-6,2.610516e-6
90,98,3.7036887e-6,-1.7054322e-6,4.0774758e-6
90,99,3.718715e-6,-1.9403644e-6,4.194503e-6
90,100,4.3296163e-6,-2.144218e-6,4.831485e-6
90,101,8.170741e-6,-5.0194312e-6,9.589354e-6
90,102,9.3845865e-6,-4.735833e-6,1.0511831e-5
90,103,3.8124524e-6,-1.9127297e-6,4.2653637e-6
90,104,-1.8418022e-7,9.5005583e-7,9.67744e-7
90,105,-3.903954e-7,5.6582184e-7,6.8743213e-7
90,106,-6.6471387e-7,7.858837e-7,1.0292996e-6
90,107,-5.6109127e-7,2.8644482e-7,6.299794e-7
90,108,-7.915708e-7,4.013495e-7,8.8750534e-7
90,109,-4.9325814e-7,1.923678e-7,5.294421e-7
90,110,-2.6017102e-7,3.4219568e-8,2.6241176e-7
90,111,3.8119842e-7,2.1637801e-7,4.3832827e-7
90,112,8.069636e-8,1.637594e-7,1.8256243e-7
90,113,4.3385754e-7,-1.2391075e-7,4.5120532e-7
90,114,5.885696e-8,-4.8486854e-8,7.625691e-8
90,115,3.0049597e-7,1.054555e-7,3.18463e-7
90,116,3.3797924e-8,1.10381414e-7,1.1543984e-7
90,117,1.406438e-7,-3.9225963e-8,1.4601149e-7
90,118,2.3903473e-8,-7.931975e-8,8.2843215e-8
90,119,4.7495398e-8,-3.8770548e-8,6.131042e-8
90,120,-2.8901152e-7,3.8615843e-7,4.823339e-7
90,121,-2.9242933e-8,1.654937e-7,1.6805747e-7
90,122,1.4811775e-7,1.4829425e-7,2.0959497e-7
90,123,3.6210807e-8,7.821225e-8,8.6188045e-8
90,124,-2.2848718e-7,-4.023798e-9,2.2852261e-7
90,125,-1.2811779e-7,2.875129e-7,3.147663e-7
90,126,-1.6173183e-7,3.2564802e-7,3.6359842e-7
90,127,1.16996276e-7,-2.038409e-7,2.350303e-7
90,128,2.2300071e-7,3.804455e-7,4.4098536e-7
91,1,1.8035729e-7,1.3884599e-7,2.2761142e-7
91,2,-1.3304889e-7,2.3266323e-7,2.68019e-7
91,3,-2.0152834e-8,5.689899e-7,5.693467e-7
91,4,3.5593427e-8,6.596966e-7,6.606561e-7
91,5,4.5974403e-8,1.1354948e-7,1.225036e-7
91,6,6.217879e-8,-7.521162e-8,9.7585804e-8
91,7,6.420137e-8,1.05397575e-7,1.2341177e-7
91,8,-4.592523e-8,-5.137464e-8,6.8909216e-8
91,9,-3.9189025e-9,-8.8169585e-8,8.8256634e-8
91,10,1.4652396e-7,-1.303717e-7,1.9612764e-7
91,11,6.368226e-8,-1.944633e-7,2.0462504e-7
91,12,1.8039515e-7,3.6808703e-7,4.099152e-7
91,13,-1.5738112e-7,-3.7345863e-8,1.6175144e-7
91,14,1.245458e-8,1.534587e-7,1.5396327e-7
91,15,1.8098167e-7,-6.40906e-9,1.8109512e-7
91,16,3.3268498e-7,5.383769e-8,3.3701303e-7
91,17,1.0998096e-7,-1.2950679e-7,1.6990532e-7
91,18,-9.5646804e-8,-3.512277e-7,3.6401815e-7
91,19,-1.2023638e-7,-3.167812e-8,1.2433941e-7
91,20,1.2394051e-7,1.3031628e-7,1.7984321e-7
91,21,-3.514738e-7,-7.473775e-8,3.5933212e-7
91,22,-6.2878473e-7,-2.1203759e-7,6.635738e-7
91,23,-8.5447596e-7,-1.8711391e-7,8.7472324e-7
91,24,-3.1355688e-7,4.4794686e-7,5.4678543e-7
91,25,1.1614835e-7,6.149945e-7,6.2586633e-7
91,26,-1.7268839e-7,5.0522264e-8,1.7992714e-7
91,27,1.243966e-7,1.586246e-7,2.0158443e-7
91,28,7.0372715e-7,4.2995427e-7,8.246773e-7
91,29,1.2176762e-6,9.85603e-7,1.5665722e-6
91,30,9.2143546e-7,6.935375e-7,1.1532726e-6
91,31,9.949969e-7,-2.3410301e-7,1.0221659e-6
91,32,3.4957807e-6,-9.4031594e-7,3.6200381e-6
91,33,4.7004996e-6,-1.7142231e-6,5.0033245e-6
91,34,4.018886e-6,-2.0755563e-6,4.5232046e-6
91,35,3.5699131e-6,-8.860023e-7,3.678217e-6
91,36,1.4785287e-6,-1.9123775e-7,1.4908451e-6
91,37,5.172878e-7,8.2285607e-7,9.719458e-7
91,38,1.381594e-6,9.177828e-7,1.6586522e-6
91,39,3.7772948e-6,-9.882971e-7,3.9044444e-6
91,40,4.572761e-6,-2.1818096e-6,5.0666004e-6
91,41,4.0819305e-6,-3.6417803e-6,5.470349e-6
91,42,3.926396e-6,-3.120489e-6,5.01538e-6
91,43,4.1284106e-6,-2.0409836e-6,4.605365e-6
91,44,4.6809464e-6,-3.4803354e-6,5.833009e-6
91,45,4.578182e-6,-4.100862e-6,6.146285e-6
91,46,4.436884e-6,-4.3151526e-6,6.189223e-6
91,47,4.1751077e-6,-3.957474e-6,5.752662e-6
91,48,4.3653195e-6,-3.232087e-6,5.431611e-6
91,49,3.8583003e-6,-3.475739e-6,5.192999e-6
91,50,2.826375e-6,-2.9718055e-6,4.101222e-6
91,51,3.5764576e-6,-3.149887e-6,4.7657986e-6
91,52,4.096588e-6,-3.6248139e-6,5.470037e-6
91,53,3.2449218e-6,-2.8157533e-6,4.2962756e-6
91,54,1.3880177e-6,-2.8449058e-6,3.1654513e-6
91,55,3.3228064e-6,-4.025935e-6,5.220076e-6
91,56,4.1700946e-6,-4.338098e-6,6.0173734e-6
91,57,3.2049245e-6,-3.1299046e-6,4.479715e-6
91,58,2.508163e-6,-3.800394e-6,4.5534466e-6
91,59,3.0133265e-6,-3.9168663e-6,4.94186e-6
91,60,3.3766505e-6,-4.6210844e-6,5.7233024e-6
91,61,4.2571396e-6,-4.8676598e-6,6.4666337e-6
91,62,4.9076693e-6,-4.9393316e-6,6.9629173e-6
91,63,3.9981796e-6,-5.0899125e-6,6.472453e-6
91,64,3.850739e-6,-4.410109e-6,5.854678e-6
91,65,2.7403876e-6,-4.7935227e-6,5.5215564e-6
91,66,3.7767863e-6,-5.513885e-6,6.6833404e-6
91,67,5.049698e-6,-5.8183323e-6,7.704053e-6
91,68,4.063697e-6,-4.5832244e-6,6.1253227e-6
91,69,4.2625093e-6,-4.242836e-6,6.0142033e-6
91,70,3.8617072e-6,-5.094166e-6,6.3924417e-6
91,71,3.5433236e-6,-5.1333136e-6,6.2374716e-6
91,72,4.2704673e-6,-5.1982356e-6,6.7274473e-6
91,73,3.879513e-6,-4.763167e-6,6.143157e-6
91,74,3.4065229e-6,-5.599142e-6,6.5539903e-6
91,75,3.857412e-6,-5.560992e-6,6.7678848e-6
91,76,3.7351647e-6,-4.9470045e-6,6.1987344e-6
91,77,4.4338176e-6,-4.9727364e-6,6.662345e-6
91,78,3.3804413e-6,-4.8801244e-6,5.936581e-6
91,79,3.736971e-6,-4.2397196e-6,5.6515637e-6
91,80,4.4589815e-6,-5.02432e-6,6.717612e-6
91,81,4.943998e-6,-5.1740917e-6,7.1564195e-6
91,82,4.651485e-6,-5.8591195e-6,7.4810155e-6
91,83,5.60538e-6,-5.5201544e-6,7.867172e-6
91,84,5.9619074e-6,-5.5002793e-6,8.11156e-6
91,85,5.9906747e-6,-5.4699713e-6,8.112261e-6
91,86,5.5234614e-6,-5.9027298e-6,8.083987e-6
91,87,4.9868386e-6,-5.728497e-6,7.595014e-6
91,88,5.0132912e-6,-5.8969376e-6,7.739959e-6
91,89,6.397611e-6,-5.6488684e-6,8.534585e-6
91,90,5.841455e-6,-4.6168916e-6,7.445689e-6
91,91,2.4903188e-6,-1.4675231e-6,2.8905556e-6
91,92,1.628891e-6,4.3669402e-7,1.6864127e-6
91,93,1.5526589e-6,-1.9534143e-7,1.5648986e-6
91,94,1.7174199e-6,-1.4929522e-6,2.275618e-6
91,95,2.8150334e-6,-9.31506e-8,2.8165741e-6
91,96,2.998074e-6,-1.0767196e-6,3.185557e-6
91,97,3.4573577e-6,-1.2175955e-6,3.665496e-6
91,98,3.4833888e-6,-9.867089e-7,3.6204408e-6
91,99,4.808174e-6,-2.8863933e-6,5.608012e-6
91,100,9.0985595e-6,-4.7223343e-6,1.0251059e-5
91,101,8.717187e-6,-4.2933925e-6,9.717127e-6
91,102,2.7908766e-6,-4.7496846e-7,2.8310046e-6
91,103,-6.8764855e-8,1.1208515e-6,1.1229589e-6
91,104,-4.8205795e-8,1.6371469e-7,1.7066428e-7
91,105,-6.130092e-7,1.4569117e-7,6.300843e-7
91,106,-6.160118e-7,-1.5375404e-8,6.1620364e-7
91,107,-5.7179494e-7,4.3351017e-7,7.1755176e-7
91,108,-5.3123443e-7,1.4473378e-7,5.5059775e-7
91,109,1.282397e-7,-2.60598e-7,2.9044233e-7
91,110,3.1561666e-7,1.621845e-7,3.5484882e-7
91,111,2.6633955e-7,5.360221e-8,2.7167988e-7
91,112,2.1704189e-7,-5.816677e-8,2.2470103e-7
91,113,-1.4960753e-8,-5.8923785e-8,6.079339e-8
91,114,2.3112656e-7,-9.3031005e-8,2.4914706e-7
91,115,-1.935044e-8,-9.208892e-8,9.409999e-8
91,116,3.3243772e-8,-2.7723573e-7,2.7922178e-7
91,117,-1.5748388e-7,-3.9439243e-7,4.246723e-7
91,118,1.289821e-7,5.3856684e-8,1.3977454e-7
91,119,-1.4768149e-7,2.926642e-7,3.278142e-7
91,120,-5.333801e-9,2.7153283e-7,2.715852e-7
91,121,-5.1705012e-8,-2.610949e-7,2.6616527e-7
91,122,-7.320342e-8,1.4960914e-7,1.665582e-7
91,123,-4.0568505e-8,3.134035e-8,5.1264227e-8
91,124,2.2297618e-7,7.742583e-8,2.360363e-7
91,125,-2.1594757e-7,-5.406294e-8,2.2261212e-7
91,126,-2.3282965e-7,-2.1304531e-7,3.1559142e-7
91,127,-2.473141e-7,3.5530087e-7,4.3290063e-7
91,128,-9.360971e-8,-2.9370096e-7,3.0825805e-7
92,1,-3.7646703e-7,1.00720165e-7,3.8970754e-7
92,2,-2.4018698e-7,1.5206048e-7,2.8427482e-7
92,3,1.3698144e-7,9.808231e-8,1.6847568e-7
92,4,8.946261e-8,5.598498e-7,5.669527e-7
92,5,-1.4902278e-7,2.3413384e-7,2.7753637e-7
92,6,1.5650856e-7,2.444462e-7,2.9025657e-7
92,7,-1.1271416e-7,5.822596e-8,1.2686506e-7
92,8,3.3181755e-7,-1.0881149e-7,3.4920313e-7
92,9,-4.638597e-8,2.4648623e-8,5.252821e-8
92,10,-3.465733e-8,-2.5166656e-7,2.540417e-7
92,11,1.2033973e-8,-4.0710174e-7,4.0727957e-7
92,12,1.408839e-7,-1.06121185e-7,1.7638021e-7
92,13,1.5193471e-7,2.969019e-7,3.3351895e-7
92,14,-1.7385489e-7,1.5528016e-7,2.3310395e-7
92,15,-1.6302256e-7,8.2154244e-8,1.8255321e-7
92,16,-1.3810343e-7,1.3408022e-7,1.9248394e-7
92,17,3.5147437e-7,3.925106e-7,5.268765e-7
92,18,-6.1255655e-8,8.9238576e-8,1.0823945e-7
92,19,-2.5724415e-7,-3.525057e-7,4.363884e-7
92,20,-1.8581877e-8,-2.0667564e-7,2.0750929e-7
92,21,-1.8378226e-9,-3.5014676e-8,3.5062875e-8
92,22,-2.928161e-8,4.7473048e-8,5.577726e-8
92,23,-6.407451e-7,-1.6306015e-7,6.611678e-7
92,24,-8.844959e-7,-3.6739723e-7,9.57765e-7
92,25,-9.207246e-8,6.002402e-8,1.0991006e-7
92,26,-6.9771424e-8,1.5209697e-7,1.6733661e-7
92,27,-5.4388824e-8,3.851903e-7,3.890112e-7
92,28,1.8093658e-7,-7.769848e-8,1.9691394e-7
92,29,1.0497968e-6,5.480889e-7,1.1842612e-6
92,30,2.4660746e-6,3.929987e-7,2.4971928e-6
92,31,6.829766e-7,3.7822193e-7,7.807105e-7
92,32,7.2325247e-7,3.6275506e-7,8.091263e-7
92,33,1.3756105e-6,-1.140429e-6,1.7868639e-6
92,34,2.0785633e-6,-1.9822062e-6,2.8722059e-6
92,35,3.9539664e-6,-2.6998864e-6,4.7878216e-6
92,36,4.2769693e-6,-2.0825257e-6,4.7570347e-6
92,37,2.5605805e-6,-2.4762928e-6,3.5621058e-6
92,38,1.2740485e-6,-1.0838421e-6,1.6726964e-6
92,39,3.735478e-7,1.4368767e-6,1.4846389e-6
92,40,1.1584665e-6,-2.2270984e-7,1.1796798e-6
92,41,1.8521822e-6,-1.8275433e-7,1.8611765e-6
92,42,1.8202394e-6,-1.293802e-6,2.2332028e-6
92,43,3.1702618e-6,-2.401415e-6,3.977104e-6
92,44,5.83003e-6,-4.1185526e-6,7.1380477e-6
92,45,4.404132e-6,-4.3070963e-6,6.160151e-6
92,46,3.7172633e-6,-3.7039854e-6,5.247624e-6
92,47,3.5538442e-6,-2.8415418e-6,4.5501833e-6
92,48,4.194241e-6,-2.8996685e-6,5.0989934e-6
92,49,3.7911575e-6,-3.469037e-6,5.1387833e-6
92,50,4.9706046e-6,-2.8354325e-6,5.7224634e-6
92,51,5.4685174e-6,-3.187663e-6,6.329761e-6
92,52,4.080781e-6,-3.3181204e-6,5.2595337e-6
92,53,3.58025e-6,-2.5378272e-6,4.38848e-6
92,54,3.0065169e-6,-2.438368e-6,3.871018e-6
92,55,3.983726e-6,-3.630465e-6,5.3898375e-6
92,56,4.7451913e-6,-2.6033288e-6,5.412408e-6
92,57,3.7635598e-6,-3.9472534e-6,5.453915e-6
92,58,3.865524e-6,-4.886136e-6,6.230297e-6
92,59,4.6196824e-6,-5.6176214e-6,7.273179e-6
92,60,5.0291655e-6,-5.0225694e-6,7.1076515e-6
92,61,4.339748e-6,-5.6828176e-6,7.1503728e-6
92,62,3.9272504e-6,-6.261346e-6,7.3910587e-6
92,63,4.1785243e-6,-4.906348e-6,6.444557e-6
92,64,3.07207e-6,-3.9277165e-6,4.986439e-6
92,65,3.999293e-6,-4.5489383e-6,6.0569946e-6
92,66,4.8314964e-6,-4.5588895e-6,6.642803e-6
92,67,4.3447344e-6,-4.7733924e-6,6.4546102e-6
92,68,4.1055864e-6,-4.989499e-6,6.4614965e-6
92,69,4.093399e-6,-3.961154e-6,5.6961967e-6
92,70,3.473173e-6,-4.905539e-6,6.010594e-6
92,71,4.5638276e-6,-5.268354e-6,6.970228e-6
92,72,2.499544e-6,-5.191004e-6,5.7614448e-6
92,73,2.7773028e-6,-4.960678e-6,5.685221e-6
92,74,3.682132e-6,-4.805284e-6,6.053829e-6
92,75,4.759945e-6,-4.9930645e-6,6.898389e-6
92,76,4.9822556e-6,-4.9074106e-6,6.9932503e-6
92,77,5.1930188e-6,-4.915603e-6,7.150566e-6
92,78,4.851796e-6,-4.023118e-6,6.302809e-6
92,79,5.3559042e-6,-4.082867e-6,6.73465e-6
92,80,5.493894e-6,-4.7563562e-6,7.26676e-6
92,81,5.0599965e-6,-5.2305095e-6,7.2774856e-6
92,82,4.824087e-6,-4.7607778e-6,6.7776705e-6
92,83,5.0706963e-6,-4.79451e-6,6.9784874e-6
92,84,5.1615934e-6,-5.1605307e-6,7.298844e-6
92,85,5.035563e-6,-5.469724e-6,7.434701e-6
92,86,4.808058e-6,-4.809892e-6,6.8009176e-6
92,87,4.884221e-6,-4.364638e-6,6.5502427e-6
92,88,6.308361e-6,-4.272989e-6,7.6193082e-6
92,89,4.3198647e-6,-3.4705981e-6,5.541325e-6
92,90,1.0538413e-6,-2.1203654e-7,1.0749609e-6
92,91,8.630127e-7,7.7285785e-7,1.1584905e-6
92,92,2.0254781e-6,-4.891955e-7,2.0837163e-6
92,93,1.7285087e-6,-8.2551867e-7,1.9155216e-6
92,94,1.2777077e-6,-2.109925e-7,1.2950115e-6
92,95,3.0686776e-6,-1.3176209e-6,3.3395968e-6
92,96,3.6289832e-6,-1.3386845e-6,3.8680223e-6
92,97,4.0446052e-6,-1.214217e-6,4.222932e-6
92,98,6.8157165e-6,-4.4181697e-6,8.122452e-6
92,99,9.613489e-6,-5.5704245e-6,1.1110752e-5
92,100,6.642097e-6,-2.7916258e-6,7.204903e-6
92,101,1.3547269e-6,6.882321e-7,1.5195225e-6
92,102,-1.3226143e-7,1.0497001e-6,1.0579997e-6
92,103,1.3182685e-8,3.917476e-7,3.9196934e-7
92,104,-8.367801e-7,2.462443e-7,8.722598e-7
92,105,-4.99742e-7,6.6405613e-7,8.310912e-7
92,106,-3.6990113e-7,4.7125377e-7,5.990884e-7
92,107,-2.6425238e-7,-2.7162636e-7,3.7895936e-7
92,108,1.2009853e-7,-1.995235e-7,2.3288041e-7
92,109,3.2089963e-7,1.8403239e-7,3.6992498e-7
92,110,7.98012e-8,1.573863e-7,1.7646154e-7
92,111,1.7616628e-7,-3.1401697e-7,3.6005724e-7
92,112,6.602031e-8,-3.1459794e-7,3.214507e-7
92,113,1.5857539e-7,-1.1966479e-7,1.9866005e-7
92,114,-6.213695e-8,4.403924e-8,7.616072e-8
92,115,-7.511374e-8,-1.5107561e-7,1.6871844e-7
92,116,-2.3487772e-8,-8.010496e-8,8.3477424e-8
92,117,2.1352331e-8,2.2216385e-7,2.2318758e-7
92,118,6.2257236e-8,2.55545e-7,2.630194e-7
92,119,-1.01509706e-7,1.8468371e-7,2.1074224e-7
92,120,-3.404304e-7,-1.2002005e-7,3.6096768e-7
92,121,-1.7233842e-7,1.1348313e-7,2.0634668e-7
92,122,-1.0777112e-7,-1.8177147e-7,2.1131844e-7
92,123,1.5478791e-7,1.830261e-7,2.3970367e-7
92,124,-2.7203237e-7,-2.0651521e-7,3.4154084e-7
92,125,-1.3011264e-7,-1.5326243e-7,2.0104396e-7
92,126,1.268701e-7,1.2463255e-7,1.7784627e-7
92,127,-1.2008657e-7,-8.648141e-8,1.4798587e-7
92,128,-1.14609016e-7,1.758494e-7,2.0990053e-7
93,1,-4.4428964e-7,-9.1114785e-8,4.535363e-7
93,2,-1.8991585e-7,2.4071377e-7,3.0661238e-7
93,3,-1.962659e-7,3.1747018e-7,3.7323937e-7
93,4,-7.763493e-8,-9.544711e-8,1.2303387e-7
93,5,1.0575146e-7,1.6630115e-7,1.9707726e-7
93,6,-1.8034787e-7,1.9424559e-7,2.650598e-7
93,7,2.2809772e-7,2.1694497e-7,3.147915e-7
93,8,9.882429e-8,7.8692565e-8,1.2632799e-7
93,9,-4.161364e-8,-5.4815906e-8,6.882208e-8
93,10,-8.9479016e-8,-6.20372e-8,1.0888117e-7
93,11,-2.2860921e-7,1.1239306e-7,2.5474372e-7
93,12,-2.9797644e-7,1.7195878e-8,2.984722e-7
93,13,1.861772e-8,1.3852066e-7,1.3976621e-7
93,14,-1.2937812e-7,5.9369043e-8,1.423495e-7
93,15,-4.7420794e-8,1.6897997e-7,1.7550772e-7
93,16,-2.2070824e-7,2.3720372e-7,3.2400268e-7
93,17,-4.5751552e-8,1.2605474e-7,1.3410072e-7
93,18,7.269331e-9,2.385259e-7,2.3863663e-7
93,19,1.9989096e-7,-1.1289776e-8,2.0020953e-7
93,20,4.6971074e-8,-1.06926024e-7,1.1678808e-7
93,21,-1.10472705e-7,-1.9891696e-7,2.27535e-7
93,22,-2.4794584e-8,-2.0849961e-7,2.0996872e-7
93,23,-1.0703172e-7,1.7321787e-7,2.0361783e-7
93,24,5.1095082e-8,2.3482406e-7,2.4031863e-7
93,25,-2.5842732e-7,7.06614e-8,2.6791363e-7
93,26,-6.957453e-7,2.6082427e-7,7.430282e-7
93,27,-3.3873715e-8,6.0260436e-7,6.035557e-7
93,28,1.7046906e-7,4.9738327e-7,5.2578497e-7
93,29,5.276028e-7,1.879539e-8,5.279375e-7
93,30,-5.052563e-8,-5.565414e-7,5.588302e-7
93,31,6.802755e-7,-7.0604665e-7,9.804471e-7
93,32,7.603972e-7,1.5032865e-7,7.751146e-7
93,33,6.695008e-7,-5.5479177e-7,8.694971e-7
93,34,1.0409724e-6,-7.487293e-7,1.2822711e-6
93,35,1.0132222e-6,-1.4265374e-6,1.7497509e-6
93,36,3.646572e-6,-1.9379718e-6,4.129555e-6
93,37,4.5707984e-6,-2.6283662e-6,5.2726186e-6
93,38,4.8882284e-6,-2.471779e-6,5.4776333e-6
93,39,4.3888913e-6,-3.233037e-7,4.400783e-6
93,40,1.34471e-6,5.703757e-7,1.4606757e-6
93,41,7.9834786e-7,1.7620507e-6,1.934472e-6
93,42,1.3308343e-6,1.0446754e-6,1.6918825e-6
93,43,1.3481764e-6,7.986888e-7,1.5669982e-6
93,44,2.948111e-6,-1.377875e-6,3.2542123e-6
93,45,5.176366e-6,-1.9631295e-6,5.5361215e-6
93,46,5.9788767e-6,-2.8968543e-6,6.6436987e-6
93,47,6.8362547e-6,-3.1903583e-6,7.544055e-6
93,48,6.0857515e-6,-3.3997671e-6,6.9709963e-6
93,49,4.1464546e-6,-2.5595943e-6,4.872844e-6
93,50,5.443311e-6,-2.9087378e-6,6.171741e-6
93,51,5.0721887e-6,-4.3005675e-6,6.649961e-6
93,52,3.1534576e-6,-3.1491932e-6,4.456648e-6
93,53,2.8768652e-6,-2.517338e-6,3.8227404e-6
93,54,1.3855929e-6,-2.951922e-6,3.260937e-6
93,55,3.419697e-6,-2.7423569e-6,4.3834743e-6
93,56,5.34235e-6,-3.939054e-6,6.6375333e-6
93,57,5.5614623e-6,-4.397278e-6,7.0898463e-6
93,58,3.5362864e-6,-5.635835e-6,6.6534167e-6
93,59,4.5302304e-6,-3.7300315e-6,5.86823e-6
93,60,4.4960384e-6,-4.506791e-6,6.3659663e-6
93,61,4.152611e-6,-5.297717e-6,6.731269e-6
93,62,4.902698e-6,-5.068849e-6,7.0519272e-6
93,63,5.1056354e-6,-4.473564e-6,6.788246e-6
93,64,3.5761266e-6,-5.1220713e-6,6.246943e-6
93,65,4.898224e-6,-3.866553e-6,6.2404188e-6
93,66,4.8246598e-6,-5.098325e-6,7.0192777e-6
93,67,5.2292903e-6,-4.908177e-6,7.171867e-6
93,68,5.1767697e-6,-4.401063e-6,6.794726e-6
93,69,4.3856426e-6,-4.2979295e-6,6.140526e-6
93,70,4.237156e-6,-4.156011e-6,5.935143e-6
93,71,3.1647953e-6,-4.732445e-6,5.693151e-6
93,72,3.0492545e-6,-4.379499e-6,5.3364747e-6
93,73,3.1733055e-6,-3.3141862e-6,4.588431e-6
93,74,4.1007956e-6,-4.450237e-6,6.05154e-6
93,75,4.15068e-6,-4.6704613e-6,6.248308e-6
93,76,4.5386987e-6,-4.6955297e-6,6.530527e-6
93,77,4.621279e-6,-3.7942505e-6,5.979344e-6
93,78,5.6581725e-6,-4.1894295e-6,7.0403294e-6
93,79,5.7777274e-6,-5.5031196e-6,7.979126e-6
93,80,5.742463e-6,-5.416994e-6,7.894283e-6
93,81,5.726398e-6,-5.6566078e-6,8.049152e-6
93,82,6.478986e-6,-5.803671e-6,8.698267e-6
93,83,7.3109863e-6,-4.9018186e-6,8.802179e-6
93,84,6.4283286e-6,-4.9521077e-6,8.114603e-6
93,85,5.5450264e-6,-4.54711e-6,7.17102e-6
93,86,5.0799595e-6,-3.297657e-6,6.0564453e-6
93,87,6.1446394e-6,-1.9990896e-6,6.4616524e-6
93,88,4.039456e-6,-1.2388135e-6,4.2251468e-6
93,89,6.422211e-7,3.4604105e-7,7.2951514e-7
93,90,1.8567195e-6,2.4103977e-7,1.8723e-6
93,91,2.1973235e-6,-8.688016e-8,2.1990404e-6
93,92,1.5870173e-6,1.3220438e-7,1.5925143e-6
93,93,3.1142697e-6,-1.0334473e-7,3.1159839e-6
93,94,5.1403085e-6,-9.917642e-7,5.2351093e-6
93,95,4.3407044e-6,-1.5763113e-6,4.6180594e-6
93,96,5.461454e-6,-3.3225635e-6,6.3927228e-6
93,97,7.71062e-6,-5.313641e-6,9.36421e-6
93,98,7.995634e-6,-4.8695406e-6,9.361763e-6
93,99,3.6374156e-6,-1.2755039e-6,3.854569e-6
93,100,-2.8712984e-7,6.005835e-7,6.656907e-7
93,101,-5.2305506e-7,5.950965e-7,7.9229187e-7
93,102,-4.438889e-7,-5.2976773e-8,4.47039e-7
93,103,-3.5985065e-7,1.5953458e-7,3.9362897e-7
93,104,-2.6310585e-7,5.3425765e-7,5.9552997e-7
93,105,2.7906734e-7,1.5234234e-7,3.1794144e-7
93,106,5.451328e-7,-2.4516554e-8,5.4568386e-7
93,107,3.7662687e-7,-4.8087824e-8,3.796844e-7
93,108,8.566637e-8,4.6393063e-7,4.7177363e-7
93,109,-3.1470407e-7,6.471926e-8,3.2128995e-7
93,110,-2.3046974e-8,-2.7274132e-7,2.7371334e-7
93,111,2.3997098e-8,-7.8352784e-8,8.1945224e-8
93,112,3.088202e-8,-2.894814e-7,2.91124e-7
93,113,-1.4221436e-7,-7.652523e-8,1.6149625e-7
93,114,-8.704053e-8,-2.4493588e-7,2.599416e-7
93,115,1.8419453e-7,1.4550079e-7,2.3472985e-7
93,116,4.3507782e-8,1.7326617e-7,1.7864517e-7
93,117,9.614917e-8,6.590979e-8,1.1657085e-7
93,118,-8.734479e-8,-2.3262079e-7,2.4847847e-7
93,119,-4.6861338e-8,-8.484753e-9,4.762327e-8
93,120,-1.8077972e-7,1.8915338e-7,2.616492e-7
93,121,-1.4323662e-7,-8.6874664e-8,1.6752294e-7
93,122,9.058273e-8,2.7623906e-7,2.9071163e-7
93,123,-1.2764521e-7,-1.0733624e-7,1.667764e-7
93,124,-9.761888e-8,-1.7190528e-8,9.912094e-8
93,125,-1.292493e-7,3.1071028e-7,3.3652083e-7
93,126,-2.6915762e-7,2.1822358e-7,3.4650736e-7
93,127,-2.599496e-7,-3.43729e-8,2.622123e-7
93,128,-1.1566567e-7,-4.5977853e-8,1.2446891e-7
94,1,-1.07283874e-7,-4.061481e-8,1.14714396e-7
94,2,-3.9842203e-7,6.8307635e-8,4.0423515e-7
94,3,-1.935762e-7,-7.6794755e-8,2.0825269e-7
94,4,-2.8899862e-7,4.4227144e-7,5.283221e-7
94,5,-3.8518973e-8,1.04607686e-7,1.1147412e-7
94,6,-2.7224783e-7,-2.1932292e-8,2.7312984e-7
94,7,-1.4815546e-7,3.7194255e-7,4.0036397e-7
94,8,1.6705656e-7,3.3174675e-7,3.714348e-7
94,9,-5.020247e-9,1.267472e-7,1.2684657e-7
94,10,1.2624271e-7,-3.2029734e-9,1.2628334e-7
94,11,-7.4685325e-8,1.3279356e-7,1.5235494e-7
94,12,2.3825557e-8,2.3312143e-7,2.3433577e-7
94,13,-1.4688204e-7,1.5367782e-8,1.4768379e-7
94,14,-1.3648538e-7,1.4918166e-7,2.021965e-7
94,15,-2.698869e-7,7.547873e-8,2.8024272e-7
94,16,-1.5167986e-7,1.6000334e-7,2.2047188e-7
94,17,-1.7081488e-8,5.7750828e-8,6.0224046e-8
94,18,-2.9558127e-8,-7.355933e-8,7.927583e-8
94,19,-3.2544378e-9,4.318236e-8,4.3304823e-8
94,20,1.3854218e-7,-1.1576287e-8,1.3902498e-7
94,21,2.716593e-7,-9.606035e-8,2.8814296e-7
94,22,8.3716536e-8,-2.0978042e-7,2.2586785e-7
94,23,-1.1767791e-7,-1.7564219e-7,2.1141965e-7
94,24,-2.6303206e-7,8.579477e-8,2.766706e-7
94,25,9.8782166e-8,6.890433e-8,1.2043971e-7
94,26,-3.3221022e-7,-1.8257026e-7,3.7907193e-7
94,27,-7.5276387e-7,2.4272026e-7,7.909277e-7
94,28,-4.6538054e-7,2.7400753e-7,5.4005477e-7
94,29,2.2894274e-7,7.6259624e-7,7.9622095e-7
94,30,2.6822437e-7,3.072449e-7,4.078526e-7
94,31,-9.5257116e-7,-1.3888499e-7,9.626426e-7
94,32,-4.5495943e-7,-6.866351e-8,4.601117e-7
94,33,7.092612e-7,2.551391e-7,7.5375556e-7
94,34,8.783384e-7,-3.4721793e-8,8.7902447e-7
94,35,4.270801e-7,-4.1864485e-7,5.9804756e-7
94,36,2.2498791e-6,-2.6800276e-7,2.265785e-6
94,37,3.4295153e-6,-8.915788e-7,3.5435135e-6
94,38,3.9780525e-6,-1.5987476e-6,4.287295e-6
94,39,5.198169e-6,-1.5718751e-6,5.430631e-6
94,40,6.285621e-6,-2.1892515e-6,6.6559637e-6
94,41,3.445725e-6,-1.3760169e-6,3.710316e-6
94,42,2.3673945e-6,-2.8061118e-7,2.383967e-6
94,43,7.6164963e-7,5.5677754e-7,9.4345717e-7
94,44,1.4790561e-7,1.766111e-6,1.7722936e-6
94,45,-4.242904e-7,9.588816e-7,1.0485592e-6
94,46,7.104431e-7,7.19787e-8,7.1408004e-7
94,47,2.366839e-6,-1.5419992e-6,2.8248342e-6
94,48,3.5313228e-6,-1.7906957e-6,3.959398e-6
94,49,2.8232287e-6,-2.15621e-6,3.5524445e-6
94,50,2.4306833e-6,-1.1023217e-6,2.6689574e-6
94,51,2.5186e-6,-1.1502157e-6,2.768816e-6
94,52,1.8808233e-6,-8.9628315e-7,2.0834634e-6
94,53,6.4411523e-7,-7.253174e-7,9.70036e-7
94,54,-7.843382e-7,-8.597461e-7,1.1637653e-6
94,55,7.508833e-7,-2.1283692e-7,7.804648e-7
94,56,2.2142801e-6,-1.9770515e-7,2.2230888e-6
94,57,2.2244926e-6,-9.676016e-7,2.4258236e-6
94,58,2.3697835e-6,-2.8076317e-6,3.6740537e-6
94,59,4.881689e-6,-3.618642e-6,6.0766324e-6
94,60,5.7680118e-6,-4.1358157e-6,7.0975298e-6
94,61,5.5613714e-6,-4.284163e-6,7.020178e-6
94,62,4.990346e-6,-3.5519683e-6,6.12536e-6
94,63,3.6781146e-6,-4.257334e-6,5.626137e-6
94,64,3.849899e-6,-3.8615613e-6,5.452832e-6
94,65,4.1080025e-6,-3.827921e-6,5.615039e-6
94,66,5.8089104e-6,-4.3971368e-6,7.2854823e-6
94,67,4.7926096e-6,-3.9058045e-6,6.18259e-6
94,68,4.848483e-6,-4.5745437e-6,6.6659013e-6
94,69,3.9582756e-6,-3.2952541e-6,5.1504026e-6
94,70,4.4595226e-6,-3.0956694e-6,5.4286747e-6
94,71,5.1094216e-6,-4.278505e-6,6.6642174e-6
94,72,5.1602947e-6,-4.2306606e-6,6.6728653e-6
94,73,5.2242276e-6,-3.260759e-6,6.158336e-6
94,74,5.142697e-6,-3.7854654e-6,6.3856933e-6
94,75,5.4077836e-6,-4.053567e-6,6.7583674e-6
94,76,5.8755036e-6,-3.6811396e-6,6.9334214e-6
94,77,5.5389614e-6,-1.7978681e-6,5.8234373e-6
94,78,4.997807e-6,-3.5907094e-6,6.1539636e-6
94,79,6.14008e-6,-4.6212404e-6,7.684819e-6
94,80,5.0945573e-6,-4.6184705e-6,6.8763934e-6
94,81,5.3868685e-6,-5.4001166e-6,7.627556e-6
94,82,5.5596365e-6,-5.5205364e-6,7.834914e-6
94,83,4.6006758e-6,-5.573662e-6,7.2271655e-6
94,84,4.7730355e-6,-3.7532448e-6,6.0719613e-6
94,85,3.3583601e-6,-2.0033622e-6,3.9105043e-6
94,86,2.5931727e-6,-7.6508275e-7,2.703682e-6
94,87,-3.259745e-8,-1.0258861e-6,1.0264039e-6
94,88,-4.119088e-7,-3.5770512e-8,4.1345905e-7
94,89,1.3738913e-6,-3.2232768e-7,1.4111954e-6
94,90,1.7912674e-6,-1.1934203e-6,2.1524152e-6
94,91,3.0244003e-6,-8.513437e-7,3.1419395e-6
94,92,3.7379966e-6,-1.4220439e-6,3.9993533e-6
94,93,5.1060633e-6,-2.0105958e-6,5.487657e-6
94,94,4.898953e-6,-2.9799194e-6,5.734079e-6
94,95,6.963507e-6,-4.4047433e-6,8.239672e-6
94,96,8.748616e-6,-4.824549e-6,9.990723e-6
94,97,6.7817523e-6,-3.0039278e-6,7.41726e-6
94,98,2.0860464e-6,3.1874316e-7,2.1102576e-6
94,99,-6.651677e-7,1.2570507e-6,1.42219e-6
94,100,-8.2700063e-7,1.1884285e-6,1.4478579e-6
94,101,-6.814615e-7,7.991193e-8,6.8613093e-7
94,102,-1.0576557e-6,1.5770456e-7,1.0693485e-6
94,103,-3.4294675e-7,-2.5506426e-7,4.273994e-7
94,104,1.2604349e-7,-2.985319e-7,3.2404975e-7
94,105,4.8277064e-7,-7.365007e-8,4.8835625e-7
94,106,4.6984024e-7,-8.2065235e-8,4.769534e-7
94,107,4.6036158e-7,8.991381e-8,4.6905998e-7
94,108,2.78176e-7,1.2539228e-7,3.051313e-7
94,109,2.6662357e-7,-2.137293e-8,2.6747884e-7
94,110,-1.713272e-7,1.483095e-7,2.2660255e-7
94,111,-1.8318912e-7,-3.068681e-7,3.5738813e-7
94,112,1.0184751e-7,-1.3229707e-7,1.6695937e-7
94,113,6.553642e-8,-2.7332112e-8,7.100751e-8
94,114,1.13930675e-7,9.558442e-8,1.4871644e-7
94,115,-1.002763e-7,2.0243553e-7,2.2591034e-7
94,116,2.6084189e-8,2.388456e-7,2.4026568e-7
94,117,-1.575061e-7,-1.18201065e-7,1.9692553e-7
94,118,-1.6615113e-8,-6.310553e-10,1.6627093e-8
94,119,-2.299181e-7,-3.3447571e-7,4.0587724e-7
94,120,-1.04545364e-7,-3.1896587e-7,3.3566198e-7
94,121,7.5076365e-8,-1.6649783e-7,1.8264168e-7
94,122,1.56565e-7,-6.9788435e-8,1.7141477e-7
94,123,9.0245734e-8,1.9655216e-7,2.1628001e-7
94,124,-1.8712362e-7,4.1886963e-7,4.5876683e-7
94,125,-3.0984623e-7,2.8037863e-7,4.1787183e-7
94,126,-3.1129835e-7,6.4191305e-8,3.1784774e-7
94,127,-3.3889836e-7,2.0620993e-7,3.967047e-7
94,128,-3.1433584e-7,-2.575295e-8,3.1538903e-7
95,1,-2.5513353e-7,1.063633e-7,2.7641684e-7
95,2,-2.528737e-7,-8.909539e-8,2.6811023e-7
95,3,-2.4104088e-7,3.9462478e-8,2.4424986e-7
95,4,-2.2519033e-7,1.236871e-7,2.5692253e-7
95,5,-1.2153342e-7,1.1196332e-7,1.6524575e-7
95,6,-7.123083e-8,1.8416728e-8,7.357314e-8
95,7,-1.7364897e-7,-8.6625306e-8,1.9405645e-7
95,8,-2.4296992e-7,2.613395e-7,3.568371e-7
95,9,-6.294831e-8,1.8839887e-7,1.9863691e-7
95,10,-8.2112805e-8,-4.0080618e-8,9.137269e-8
95,11,7.102795e-8,8.313871e-8,1.09348136e-7
95,12,6.7224185e-8,1.320282e-7,1.4815714e-7
95,13,-5.335228e-8,4.7876324e-7,4.817268e-7
95,14,6.796634e-8,2.4553052e-7,2.5476393e-7
95,15,4.425482e-9,5.0230682e-8,5.0425253e-8
95,16,-2.826243e-7,5.892068e-8,2.887008e-7
95,17,-4.93194e-8,9.3086626e-8,1.0534478e-7
95,18,-1.03945396e-7,-1.6073788e-7,1.914192e-7
95,19,1.01875045e-7,-2.0634599e-7,2.301243e-7
95,20,9.281805e-8,-2.5339529e-7,2.698599e-7
95,21,-1.7649826e-8,-1.5316823e-7,1.5418179e-7
95,22,3.1253114e-7,-6.11676e-8,3.1846065e-7
95,23,8.526595e-8,-2.383647e-9,8.529926e-8
95,24,-4.1741597e-8,5.075157e-8,6.571212e-8
95,25,5.096785e-8,9.5518395e-8,1.0826581e-7
95,26,2.690786e-7,1.3764483e-7,3.0224064e-7
95,27,-1.840186e-8,-1.1167384e-7,1.1317984e-7
95,28,-2.5254874e-7,5.7012127e-8,2.5890395e-7
95,29,-1.8502016e-7,-2.3418005e-8,1.8649628e-7
95,30,-1.5555554e-7,3.5142153e-7,3.8431057e-7
95,31,4.0198657e-8,2.4357975e-8,4.7002583e-8
95,32,-1.2871752e-6,-3.8556684e-7,1.3436822e-6
95,33,-1.0526154e-6,4.2124262e-7,1.1337745e-6
95,34,1.4624818e-7,5.340825e-7,5.537442e-7
95,35,1.9183841e-7,-7.5761227e-7,7.8152306e-7
95,36,-1.3582383e-7,-1.5340842e-7,2.0489571e-7
95,37,1.4120005e-6,2.9161177e-7,1.4417985e-6
95,38,3.3553665e-6,5.7703795e-7,3.404623e-6
95,39,3.626312e-6,-1.06880904e-7,3.6278868e-6
95,40,4.359005e-6,-9.98601e-7,4.4719263e-6
95,41,5.872568e-6,-2.8157854e-6,6.512734e-6
95,42,5.011918e-6,-2.9301616e-6,5.8056153e-6
95,43,4.034428e-6,-2.6549521e-6,4.8296356e-6
95,44,4.028102e-6,-8.185272e-7,4.110425e-6
95,45,2.952541e-6,4.4454e-8,2.9528758e-6
95,46,1.1240319e-6,5.464204e-7,1.2498092e-6
95,47,-1.6523869e-7,1.3187595e-6,1.3290712e-6
95,48,6.180432e-7,1.54623e-6,1.6651741e-6
95,49,5.983065e-7,1.5842375e-6,1.6934517e-6
95,50,-1.2631195e-7,8.1434945e-7,8.2408724e-7
95,51,1.7179228e-7,4.93346e-7,5.224011e-7
95,52,2.0431153e-7,8.860605e-7,9.093109e-7
95,53,-9.460539e-8,1.1473927e-6,1.1512864e-6
95,54,5.5289667e-7,-2.6529312e-7,6.1324965e-7
95,55,-2.1421452e-7,-1.214757e-6,1.2335001e-6
95,56,2.1833541e-6,-1.5134237e-6,2.656593e-6
95,57,1.5516696e-6,-1.8857469e-6,2.4420729e-6
95,58,1.3763039e-6,-2.196873e-6,2.5923857e-6
95,59,1.3852765e-6,-2.1641604e-6,2.5695488e-6
95,60,3.656297e-6,-2.426214e-6,4.3880545e-6
95,61,4.35497e-6,-2.300735e-6,4.925357e-6
95,62,3.928456e-6,-2.4706844e-6,4.6408027e-6
95,63,3.092217e-6,-2.3841233e-6,3.9045935e-6
95,64,3.1993834e-6,-2.7704866e-6,4.232216e-6
95,65,5.3985177e-6,-3.4218046e-6,6.391615e-6
95,66,5.602072e-6,-3.0115316e-6,6.3602306e-6
95,67,5.8403234e-6,-3.5762766e-6,6.848294e-6
95,68,5.365187e-6,-3.5247513e-6,6.419432e-6
95,69,4.19099e-6,-2.350922e-6,4.8053334e-6
95,70,3.0745455e-6,-2.9559844e-6,4.2650527e-6
95,71,3.5687974e-6,-2.73407e-6,4.495715e-6
95,72,3.8826533e-6,-3.0279396e-6,4.92376e-6
95,73,3.3597607e-6,-3.0224444e-6,4.519199e-6
95,74,3.5212356e-6,-1.8244848e-6,3.965835e-6
95,75,2.0460968e-6,-1.9070924e-6,2.7970545e-6
95,76,2.8863337e-6,-1.4645959e-6,3.2366593e-6
95,77,2.9681803e-6,-8.527562e-8,2.969405e-6
95,78,2.5144757e-6,-3.1244267e-7,2.533813e-6
95,79,2.5720783e-6,-1.5619064e-6,3.0091758e-6
95,80,3.199696e-6,-2.8187476e-6,4.264199e-6
95,81,1.6249792e-6,-2.207517e-6,2.7411108e-6
95,82,1.5312839e-6,-1.467286e-6,2.120792e-6
95,83,1.293812e-6,-7.9732024e-7,1.5197596e-6
95,84,2.0930513e-7,1.1135961e-6,1.1330953e-6
95,85,-1.9482705e-7,1.1641151e-6,1.1803057e-6
95,86,-9.702982e-7,1.6585866e-6,1.9215588e-6
95,87,-3.512061e-7,8.5970265e-7,9.2867344e-7
95,88,1.4907671e-6,-1.0488992e-6,1.8227935e-6
95,89,3.1621182e-6,-1.1148453e-6,3.35289e-6
95,90,3.8624194e-6,-1.4008613e-6,4.1086123e-6
95,91,3.7979335e-6,-1.0612055e-6,3.9434067e-6
95,92,4.468632e-6,-1.5662176e-6,4.735157e-6
95,93,5.98519e-6,-3.3430997e-6,6.8555682e-6
95,94,7.656213e-6,-5.141833e-6,9.222583e-6
95,95,7.738231e-6,-4.1662147e-6,8.78849e-6
95,96,3.14828e-6,-1.0526612e-6,3.319603e-6
95,97,-1.2383053e-7,6.0836203e-7,6.2083683e-7
95,98,-4.2412555e-7,7.7603084e-7,8.8436775e-7
95,99,-1.6950803e-7,5.9406216e-7,6.1777246e-7
95,100,-3.4958057e-7,3.2880692e-7,4.799173e-7
95,101,-4.335941e-7,4.354239e-8,4.3577492e-7
95,102,5.1962836e-8,4.6711076e-8,6.9871746e-8
95,103,2.1619452e-7,7.737331e-8,2.2962296e-7
95,104,5.7938865e-7,-2.4081817e-8,5.7988893e-7
95,105,3.609195e-7,-1.8604156e-7,4.0604723e-7
95,106,2.5219882e-7,-1.7704552e-7,3.0813854e-7
95,107,-1.4240302e-7,3.0877252e-9,1.4243649e-7
95,108,7.1802745e-8,-2.5955725e-8,7.635008e-8
95,109,-8.001783e-8,-9.8834796e-8,1.2716592e-7
95,110,-1.3577225e-7,-3.675907e-7,3.9186352e-7
95,111,-3.8332047e-8,-2.8978428e-7,2.9230853e-7
95,112,-3.2350012e-8,3.0855656e-8,4.4705647e-8
95,113,1.2153293e-7,5.0320825e-8,1.3153874e-7
95,114,7.3514435e-8,1.0129483e-7,1.2515996e-7
95,115,-7.20539e-8,2.324801e-8,7.571152e-8
95,116,-1.1091824e-7,-8.7803485e-8,1.4146487e-7
95,117,-1.1244089e-7,9.663916e-8,1.4826355e-7
95,118,-1.2064824e-7,-8.561678e-9,1.2095164e-7
95,119,-2.9249557e-8,-1.1921551e-7,1.2275127e-7
95,120,-2.1647644e-8,-1.8191372e-7,1.8319722e-7
95,121,9.7260894e-8,6.7382155e-10,9.7263225e-8
95,122,9.696592e-8,8.655212e-8,1.299756e-7
95,123,7.1162916e-8,1.3934857e-7,1.5646783e-7
95,124,-1.9881371e-7,1.9890585e-7,2.812302e-7
95,125,-1.5848353e-7,3.2406223e-7,3.6074002e-7
95,126,-1.7596072e-7,2.4704926e-7,3.0330762e-7
95,127,-2.5654768e-7,6.5945095e-8,2.6488766e-7
95,128,-1.4939147e-7,1.6974451e-7,2.2612167e-7
96,1,-1.8318894e-7,6.959729e-8,1.9596422e-7
96,2,-4.1474426e-8,1.6475083e-7,1.6989104e-7
96,3,-1.1326502e-7,8.2986546e-8,1.4041271e-7
96,4,1.6104453e-7,-1.2752648e-7,2.0542235e-7
96,5,-3.9970626e-8,-2.2930453e-7,2.3276215e-7
96,6,-1.1169294e-7,-3.8365195e-7,3.9957993e-7
96,7,5.67139e-8,-2.2838086e-7,2.353174e-7
96,8,1.0077335e-8,9.939142e-8,9.990099e-8
96,9,-6.3932184e-8,6.782349e-8,9.3205955e-8
96,10,-1.6394438e-7,1.5316097e-8,1.6465826e-7
96,11,-1.5830231e-7,5.008201e-8,1.6603563e-7
96,12,-1.0239228e-7,2.1295371e-7,2.3629104e-7
96,13,8.476177e-8,2.5125775e-7,2.6516977e-7
96,14,2.3564721e-9,1.0365341e-7,1.0368019e-7
96,15,1.4237251e-7,-2.135487e-8,1.4396515e-7
96,16,2.765648e-7,5.5448446e-8,2.8206847e-7
96,17,-7.978485e-9,-1.4365474e-8,1.6432379e-8
96,18,8.6617966e-8,1.4159757e-7,1.6598959e-7
96,19,-2.537867e-7,-8.5570285e-8,2.678245e-7
96,20,-1.3510363e-7,-1.5908603e-7,2.0871357e-7
96,21,1.6483742e-7,-1.6613487e-7,2.3403454e-7
96,22,-1.3816026e-7,-1.258724e-7,1.8690136e-7
96,23,1.19167545e-7,4.925527e-8,1.2894567e-7
96,24,2.9257572e-7,-5.560076e-8,2.9781202e-7
96,25,4.529044e-7,-1.1611182e-8,4.5305322e-7
96,26,2.8445405e-7,1.6891164e-7,3.308251e-7
96,27,-1.6374314e-7,-4.3980062e-8,1.6954664e-7
96,28,-4.883135e-7,-9.237031e-8,4.969732e-7
96,29,-1.1258507e-8,-2.8538147e-7,2.8560348e-7
96,30,-2.9638358e-7,-5.189794e-7,5.976477e-7
96,31,-7.112146e-7,-6.5650404e-8,7.142382e-7
96,32,-2.643765e-7,-1.7844758e-7,3.1896468e-7
96,33,-3.3375767e-7,-4.2487965e-8,3.364512e-7
96,34,-1.9134738e-8,6.53371e-7,6.536511e-7
96,35,1.6155322e-7,8.731588e-7,8.8797844e-7
96,36,3.9315108e-7,-9.176715e-9,3.9325818e-7
96,37,3.4159712e-7,-2.914205e-7,4.4901503e-7
96,38,2.4516652e-7,-8.1006567e-7,8.4635275e-7
96,39,8.0490395e-7,-2.222008e-7,8.350111e-7
96,40,9.380615e-7,-1.9275475e-7,9.576605e-7
96,41,2.4835826e-6,-7.7278594e-7,2.6010346e-6
96,42,3.1221964e-6,-2.0890297e-6,3.756615e-6
96,43,4.8186675e-6,-2.0770892e-6,5.2472715e-6
96,44,5.6916106e-6,-1.5539349e-6,5.8999276e-6
96,45,3.7648438e-6,-1.573013e-6,4.0802474e-6
96,46,3.683488e-6,-3.009445e-6,4.756558e-6
96,47,3.942729e-6,-2.1839408e-6,4.5071843e-6
96,48,4.66522e-6,-7.754078e-7,4.7292215e-6
96,49,5.981012e-6,-9.843756e-8,5.9818217e-6
96,50,5.565898e-6,-1.0668304e-7,5.56692e-6
96,51,4.20472e-6,-1.8929861e-6,4.611189e-6
96,52,2.1613141e-6,-2.5811628e-6,3.366553e-6
96,53,2.4192857e-6,-1.6502324e-6,2.9285168e-6
96,54,1.8808881e-6,-1.6438719e-6,2.4980102e-6
96,55,1.1163447e-6,-2.692592e-7,1.148358e-6
96,56,2.2731342e-6,-4.221478e-7,2.3120008e-6
96,57,1.6254219e-6,-1.3372938e-6,2.10484e-6
96,58,9.994533e-7,-2.0149387e-6,2.2491965e-6
96,59,-1.7482849e-7,-1.3339828e-6,1.3453904e-6
96,60,-4.0966518e-7,-1.1047927e-6,1.1783006e-6
96,61,-2.2670896e-7,-4.726975e-7,5.2425173e-7
96,62,3.117268e-7,-1.9035821e-7,3.6525313e-7
96,63,1.926684e-6,-5.432316e-7,2.0018022e-6
96,64,1.5391834e-6,-7.397747e-7,1.707733e-6
96,65,9.377932e-7,-4.480467e-7,1.0393276e-6
96,66,4.3659284e-7,-1.6997177e-6,1.7548941e-6
96,67,8.568849e-7,-1.46775e-6,1.6995712e-6
96,68,7.541502e-8,-1.4433074e-6,1.4452763e-6
96,69,-7.827966e-9,-3.2828163e-7,3.2837494e-7
96,70,1.8879861e-7,-6.8464226e-7,7.101971e-7
96,71,1.1674799e-6,-4.6365275e-7,1.256178e-6
96,72,2.733193e-6,-2.4712784e-7,2.7443425e-6
96,73,9.474076e-7,-4.6092393e-7,1.0535806e-6
96,74,1.1022977e-6,4.9802946e-7,1.2095841e-6
96,75,1.4378519e-6,-7.140577e-8,1.4396238e-6
96,76,6.9138537e-7,-1.3377211e-6,1.5058258e-6
96,77,1.0431075e-6,-2.313213e-6,2.5375239e-6
96,78,4.6738478e-7,-1.5570434e-6,1.6256791e-6
96,79,-2.0774011e-7,-2.8654334e-8,2.09707e-7
96,80,-1.7880167e-7,-4.7186484e-7,5.046052e-7
96,81,-7.533534e-7,-4.3982217e-7,8.7234446e-7
96,82,-8.352846e-7,9.651211e-7,1.2763852e-6
96,83,1.7540559e-7,1.8398039e-6,1.8481464e-6
96,84,1.2126335e-6,3.2008035e-7,1.2541657e-6
96,85,1.7534594e-6,-7.5081937e-7,1.9074457e-6
96,86,2.5034683e-6,-9.072107e-7,2.6627777e-6
96,87,3.5120033e-6,-1.3811873e-6,3.773837e-6
96,88,3.5333803e-6,-1.7881536e-6,3.9600845e-6
96,89,4.471168e-6,-1.2594918e-6,4.645176e-6
96,90,5.6690146e-6,-2.4154715e-6,6.1621613e-6
96,91,6.0138987e-6,-3.9512784e-6,7.195803e-6
96,92,7.153241e-6,-4.323999e-6,8.358577e-6
96,93,6.9282464e-6,-4.0876835e-6,8.044238e-6
96,94,3.3279794e-6,-1.9798372e-6,3.872364e-6
96,95,-6.605379e-8,7.6178384e-7,7.646422e-7
96,96,-1.4163586e-6,1.090435e-6,1.78749e-6
96,97,-7.2390196e-7,9.278218e-7,1.1768124e-6
96,98,-3.259984e-7,2.4942278e-7,4.104713e-7
96,99,-1.2040117e-7,2.690494e-7,2.9476095e-7
96,100,-1.6316963e-7,3.8607513e-7,4.1913998e-7
96,101,4.3864978e-7,3.2389332e-7,5.4527106e-7
96,102,4.2542368e-7,-1.4139252e-7,4.4830475e-7
96,103,7.2380925e-7,-2.0362249e-7,7.5190553e-7
96,104,1.1568545e-7,3.7989768e-8,1.2176349e-7
96,105,5.1410733e-8,-1.9740723e-7,2.0399186e-7
96,106,-1.2877531e-7,2.8209188e-8,1.3182883e-7
96,107,7.696728e-8,-1.7151335e-7,1.8799146e-7
96,108,4.515245e-9,-7.331664e-8,7.3455546e-8
96,109,1.2077234e-7,1.2670309e-7,1.7504179e-7
96,110,-4.480225e-8,5.18634e-8,6.853505e-8
96,111,-1.0944419e-7,1.9227664e-7,2.2124271e-7
96,112,-4.847836e-8,-7.532303e-8,8.957517e-8
96,113,-2.3412648e-8,-1.6167566e-7,1.6336209e-7
96,114,-2.7281337e-7,-1.2829203e-7,3.0147302e-7
96,115,-2.3220544e-7,-2.1961213e-7,3.1960735e-7
96,116,-4.223745e-8,-1.9844052e-7,2.0288579e-7
96,117,1.5022974e-7,-1.1231444e-7,1.8757267e-7
96,118,1.1150895e-7,-3.0186335e-8,1.1552256e-7
96,119,-6.304314e-8,-1.558865e-7,1.6815183e-7
96,120,-4.628888e-8,1.5371667e-7,1.6053497e-7
96,121,-1.4797699e-7,1.5993001e-7,2.1788712e-7
96,122,1.1454772e-7,3.2665247e-7,3.4615462e-7
96,123,-7.276241e-8,3.728524e-8,8.175915e-8
96,124,2.0835071e-7,8.771494e-8,2.2606179e-7
96,125,1.1832287e-8,6.021645e-8,6.136794e-8
96,126,-1.3057395e-8,3.90196e-8,4.1146382e-8
96,127,-5.983145e-8,3.531085e-8,6.9474154e-8
96,128,5.9097268e-8,3.3380368e-7,3.3899468e-7
97,1,1.3225859e-7,-1.8551695e-7,2.2783519e-7
97,2,1.0599862e-8,-5.0431428e-8,5.153335e-8
97,3,4.719172e-8,-6.452899e-8,7.994404e-8
97,4,-8.497885e-8,1.08518734e-7,1.3783222e-7
97,5,2.9567026e-8,-2.9916986e-8,4.2062275e-8
97,6,-8.7488836e-8,-3.5661667e-8,9.447778e-8
97,7,-1.4837114e-7,2.6843423e-8,1.5077985e-7
97,8,-2.0823776e-7,-8.602263e-8,2.2530615e-7
97,9,-1.0639266e-7,8.7688605e-8,1.3787201e-7
97,10,-4.3206494e-8,2.3653065e-7,2.4044448e-7
97,11,-1.3111287e-7,2.5746203e-7,2.8892435e-7
97,12,-5.717956e-8,2.7033792e-7,2.7631881e-7
97,13,1.022395e-7,8.1337475e-8,1.3064724e-7
97,14,9.703917e-8,8.798699e-8,1.3098973e-7
97,15,1.25291e-7,-3.187965e-8,1.292832e-7
97,16,1.1697436e-7,5.8774024e-8,1.3090984e-7
97,17,1.7876211e-7,-1.01321774e-7,2.054799e-7
97,18,1.4613366e-7,-1.05867876e-7,1.8045236e-7
97,19,7.398335e-8,1.6791175e-7,1.8348813e-7
97,20,-6.728723e-8,1.16841285e-7,1.3483123e-7
97,21,-5.9666334e-8,2.2594259e-7,2.3368808e-7
97,22,3.3126835e-8,8.776434e-8,9.380814e-8
97,23,-1.884199e-9,-3.844327e-8,3.8489418e-8
97,24,-1.8782481e-7,2.8345553e-8,1.8995165e-7
97,25,1.201332e-7,-1.595958e-7,1.9975685e-7
97,26,1.4388901e-7,-2.7632046e-7,3.115398e-7
97,27,1.7085614e-7,-2.0093425e-7,2.6375443e-7
97,28,2.0328493e-7,-2.5713078e-7,3.2778195e-7
97,29,-3.4739872e-7,-2.968739e-7,4.5696825e-7
97,30,-9.0432934e-8,2.1327917e-9,9.045808e-8
97,31,-1.6493195e-7,-3.1219525e-7,3.5308415e-7
97,32,-2.42386e-7,-1.0953574e-7,2.6598693e-7
97,33,-2.6174166e-7,-6.6048784e-8,2.6994655e-7
97,34,-1.7260113e-7,-6.813211e-8,1.8556167e-7
97,35,-1.7636566e-7,1.5751887e-7,2.3646784e-7
97,36,1.7022789e-7,4.9995015e-7,5.2813607e-7
97,37,3.2047075e-7,6.654578e-7,7.386038e-7
97,38,-2.4335162e-7,1.2131436e-8,2.4365383e-7
97,39,-9.128494e-7,-2.5516636e-7,9.4784167e-7
97,40,-6.137337e-7,3.4555505e-8,6.147057e-7
97,41,-2.5860908e-7,-5.499387e-7,6.077098e-7
97,42,9.1178606e-7,-2.3802696e-7,9.4234315e-7
97,43,1.7303196e-6,-1.5621799e-6,2.3311825e-6
97,44,3.577814e-6,-1.7300607e-6,3.9741494e-6
97,45,4.286324e-6,-1.4423684e-6,4.5224992e-6
97,46,4.8705547e-6,-2.517734e-6,5.4828174e-6
97,47,4.985733e-6,-2.86644e-6,5.751001e-6
97,48,5.893721e-6,-3.5588482e-6,6.884864e-6
97,49,6.4385767e-6,-3.544843e-6,7.3499104e-6
97,50,5.7921698e-6,-2.98943e-6,6.5181225e-6
97,51,5.516648e-6,-2.5212926e-6,6.0655025e-6
97,52,4.9696882e-6,-2.9019739e-6,5.7549328e-6
97,53,5.4178927e-6,-2.8054324e-6,6.1011483e-6
97,54,4.854297e-6,-2.7099215e-6,5.559485e-6
97,55,5.745572e-6,-3.1756058e-6,6.5647596e-6
97,56,5.5941337e-6,-2.5773413e-6,6.1593037e-6
97,57,4.1293256e-6,-2.1945236e-6,4.6762448e-6
97,58,2.3298683e-6,-1.2498411e-6,2.6439343e-6
97,59,2.2344489e-6,-6.8236227e-7,2.3363177e-6
97,60,1.7331794e-6,-3.0854335e-7,1.7604289e-6
97,61,8.081828e-7,-5.875204e-7,9.991695e-7
97,62,8.4751446e-7,-6.783411e-7,1.085554e-6
97,63,1.2915982e-7,-5.669302e-7,5.814569e-7
97,64,6.599344e-7,-2.581293e-7,7.086213e-7
97,65,3.848444e-7,5.6957436e-8,3.8903647e-7
97,66,5.118635e-7,-2.7462146e-8,5.125997e-7
97,67,6.868466e-7,-7.7255146e-7,1.0337282e-6
97,68,1.5569702e-6,-1.2387848e-6,1.9896593e-6
97,69,1.6248044e-6,-1.7152462e-6,2.362638e-6
97,70,1.3697484e-6,-1.1000433e-6,1.7567885e-6
97,71,9.3878907e-7,1.2698148e-8,9.3887496e-7
97,72,3.3878592e-7,-6.674403e-7,7.4850016e-7
97,73,8.7034357e-7,-5.6918276e-7,1.039936e-6
97,74,7.3210896e-7,-1.0931628e-6,1.3156704e-6
97,75,1.4898587e-6,-1.7007168e-6,2.260999e-6
97,76,1.0941444e-6,-1.7106217e-6,2.0306104e-6
97,77,5.662262e-7,-6.996569e-7,9.0007325e-7
97,78,2.1521069e-7,4.2582986e-8,2.1938311e-7
97,79,9.4348064e-7,3.194496e-7,9.960943e-7
97,80,1.0234778e-6,-6.316372e-8,1.025425e-6
97,81,9.576132e-7,3.6538017e-7,1.0249516e-6
97,82,2.5033542e-6,-2.503466e-7,2.5158408e-6
97,83,3.2789499e-6,-1.5076428e-6,3.608947e-6
97,84,3.273622e-6,-2.0032567e-6,3.837921e-6
97,85,3.3091364e-6,-1.4212875e-6,3.60145e-6
97,86,3.3680253e-6,-1.2928731e-6,3.6076467e-6
97,87,4.6760383e-6,-1.8759836e-6,5.0383182e-6
97,88,5.9303998e-6,-2.65672e-6,6.4982924e-6
97,89,6.58935e-6,-4.4125245e-6,7.930315e-6
97,90,6.9600037e-6,-4.722134e-6,8.41072e-6
97,91,5.4582406e-6,-3.3903646e-6,6.425493e-6
97,92,2.5204715e-6,-1.2281787e-6,2.803783e-6
97,93,2.1690906e-7,6.770654e-7,7.1096207e-7
97,94,-1.0833016e-6,1.0493749e-6,1.5082209e-6
97,95,-6.934496e-7,1.0067838e-6,1.2224917e-6
97,96,-4.033589e-7,5.5131187e-7,6.831129e-7
97,97,-2.7970088e-7,1.7024186e-7,3.2743682e-7
97,98,2.2909012e-7,2.1337537e-7,3.130676e-7
97,99,4.6979798e-7,-3.9650047e-8,4.714682e-7
97,100,4.992525e-7,-3.8607887e-8,5.0074306e-7
97,101,5.9135465e-7,-8.363311e-8,5.972393e-7
97,102,2.6794203e-7,3.4461053e-8,2.7014903e-7
97,103,-1.2590216e-7,1.09083565e-7,1.6658505e-7
97,104,-4.81478e-8,-2.795211e-7,2.8363752e-7
97,105,-2.3409315e-7,-1.7834218e-7,2.9428818e-7
97,106,4.3435676e-8,-1.7629456e-7,1.815666e-7
97,107,-3.0289195e-7,-4.9890815e-8,3.0697333e-7
97,108,3.7634713e-8,-7.518213e-8,8.407571e-8
97,109,2.004998e-7,6.7398496e-8,2.1152476e-7
97,110,3.6350404e-8,2.1020311e-7,2.1332299e-7
97,111,-1.7025766e-9,2.5134888e-8,2.5192486e-8
97,112,-1.4934267e-7,3.4354926e-8,1.5324325e-7
97,113,-2.0443517e-7,-2.555333e-8,2.0602599e-7
97,114,-1.1926136e-7,-1.918148e-7,2.2586764e-7
97,115,-2.8880146e-7,-1.3692771e-7,3.196177e-7
97,116,-6.738009e-8,-9.280504e-8,1.1468588e-7
97,117,-2.4537385e-8,1.2080429e-7,1.2327108e-7
97,118,8.7040615e-9,1.5512833e-7,1.5537233e-7
97,119,-3.236527e-8,1.7386343e-7,1.7685022e-7
97,120,-3.5579983e-10,2.8204033e-7,2.8204056e-7
97,121,4.603081e-8,2.4417378e-7,2.484747e-7
97,122,4.8592327e-8,-2.278763e-8,5.36702e-8
97,123,2.2954926e-7,-1.2683e-7,2.6225695e-7
97,124,1.7893615e-7,-1.4310747e-7,2.2912418e-7
97,125,6.1608986e-8,-1.755112e-7,1.8601035e-7
97,126,-4.06925e-9,-1.10232826e-7,1.1030791e-7
97,127,9.2262994e-8,-9.2114675e-8,1.3037474e-7
97,128,1.48456705e-8,-2.1085098e-7,2.1137296e-7
98,1,-2.5333168e-7,-1.199163e-7,2.8027995e-7
98,2,1.367729e-7,-7.606384e-8,1.565009e-7
98,3,1.2164939e-7,-7.746718e-8,1.4422115e-7
98,4,1.5697753e-7,2.9229753e-8,1.596757e-7
98,5,6.6242464e-8,3.0816476e-8,7.3059695e-8
98,6,1.288129e-7,1.3011172e-7,1.8308965e-7
98,7,6.734681e-8,-9.856194e-9,6.806422e-8
98,8,-1.97448e-9,8.5639286e-8,8.5662045e-8
98,9,-1.247262e-7,-1.6747077e-8,1.258455e-7
98,10,3.46033e-9,-8.526264e-8,8.533283e-8
98,11,-4.540514e-8,-1.4241455e-7,1.4947753e-7
98,12,8.2914156e-8,-6.190542e-8,1.0347482e-7
98,13,-2.166909e-7,-1.4499457e-8,2.1717547e-7
98,14,-2.598974e-7,1.8750117e-7,3.2047365e-7
98,15,-3.976363e-8,1.1360363e-7,1.2036168e-7
98,16,-2.6038065e-9,4.0210487e-8,4.0294704e-8
98,17,-2.0499976e-7,1.7571653e-8,2.0575146e-7
98,18,-2.086702e-7,3.6667835e-8,2.1186737e-7
98,19,-7.343993e-8,2.8524285e-9,7.34953e-8
98,20,2.8855206e-7,5.352737e-8,2.934748e-7
98,21,1.13945084e-7,-1.1696364e-8,1.1454382e-7
98,22,-1.3910353e-7,1.6975761e-7,2.1947082e-7
98,23,-1.6843921e-7,2.0963645e-7,2.6892232e-7
98,24,-8.557106e-8,2.4635517e-7,2.6079354e-7
98,25,-7.964682e-8,1.07230214e-7,1.335737e-7
98,26,-1.4225512e-7,7.7318084e-8,1.6190924e-7
98,27,-1.573406e-7,-1.9108974e-7,2.475305e-7
98,28,8.694007e-9,-1.6019106e-7,1.6042681e-7
98,29,3.3460282e-7,-5.456436e-8,3.390226e-7
98,30,4.005148e-7,-2.4935073e-7,4.7179222e-7
98,31,7.3585284e-8,-5.0758548e-8,8.9393644e-8
98,32,2.2520685e-7,-1.2348416e-7,2.5683937e-7
98,33,-1.0531414e-8,-2.8937131e-7,2.895629e-7
98,34,-1.1446466e-7,2.0138829e-7,2.3164499e-7
98,35,6.969083e-8,-1.419272e-7,1.5811433e-7
98,36,-1.124411e-7,-4.5860457e-7,4.7218762e-7
98,37,-2.4269724e-7,-6.0521745e-7,6.5206603e-7
98,38,-1.7421739e-7,5.6475095e-8,1.8314239e-7
98,39,6.976875e-8,5.432351e-7,5.47697e-7
98,40,-6.03409e-9,2.777044e-7,2.7776994e-7
98,41,-5.418726e-7,1.5488614e-7,5.63574e-7
98,42,-3.6851705e-7,-2.4534725e-7,4.4271897e-7
98,43,-9.229962e-7,9.5721205e-8,9.279464e-7
98,44,6.03103e-8,4.921195e-7,4.958013e-7
98,45,1.5302294e-6,-5.226793e-7,1.6170329e-6
98,46,3.4071804e-6,-1.5240324e-6,3.7324996e-6
98,47,4.6913588e-6,-1.2553329e-6,4.856409e-6
98,48,5.717905e-6,-2.073403e-6,6.082223e-6
98,49,4.972772e-6,-2.4382614e-6,5.5383734e-6
98,50,5.0283747e-6,-2.820302e-6,5.7652974e-6
98,51,5.1103584e-6,-3.3994888e-6,6.1377755e-6
98,52,5.7448547e-6,-2.8986524e-6,6.4347137e-6
98,53,5.730339e-6,-2.6148005e-6,6.2987274e-6
98,54,5.3813646e-6,-1.3329022e-6,5.54398e-6
98,55,5.812272e-6,-1.0287528e-6,5.902613e-6
98,56,5.1536467e-6,-2.1883102e-6,5.5989976e-6
98,57,6.098387e-6,-2.8053782e-6,6.71271e-6
98,58,6.0412717e-6,-3.035241e-6,6.760891e-6
98,59,5.860856e-6,-2.677585e-6,6.443531e-6
98,60,6.385854e-6,-2.2952581e-6,6.785819e-6
98,61,5.2125993e-6,-2.9673008e-6,5.9980052e-6
98,62,4.687802e-6,-2.8368074e-6,5.4793218e-6
98,63,4.7661783e-6,-1.4819967e-6,4.991269e-6
98,64,3.6207464e-6,-9.805318e-7,3.751166e-6
98,65,3.0119254e-6,-1.6182089e-6,3.4191073e-6
98,66,1.4207845e-6,-1.8016071e-6,2.2944319e-6
98,67,2.17135e-6,-4.7948294e-7,2.2236602e-6
98,68,2.1310843e-6,-5.249743e-7,2.1947935e-6
98,69,2.1627486e-6,-1.2899193e-6,2.5182082e-6
98,70,1.1895434e-6,-8.203674e-7,1.4449969e-6
98,71,2.446275e-7,3.365093e-7,4.160302e-7
98,72,8.1184015e-7,-2.5550285e-8,8.122421e-7
98,73,6.720604e-7,1.35560185e-8,6.7219713e-7
98,74,4.4127538e-7,-3.311693e-7,5.517219e-7
98,75,8.6916486e-7,-9.257378e-7,1.2698181e-6
98,76,1.375082e-6,-2.4556346e-7,1.3968364e-6
98,77,2.1194069e-6,-1.9709331e-7,2.1285514e-6
98,78,3.004376e-6,-1.3177264e-6,3.280652e-6
98,79,3.5226572e-6,-9.105163e-7,3.6384274e-6
98,80,3.6357148e-6,-1.2730235e-6,3.852144e-6
98,81,5.1291813e-6,-1.5005924e-6,5.344182e-6
98,82,5.285021e-6,-2.1713174e-6,5.7136735e-6
98,83,4.254862e-6,-1.2522368e-6,4.435307e-6
98,84,4.2770866e-6,-1.9351987e-6,4.6945142e-6
98,85,4.778679e-6,-1.6761995e-6,5.0641306e-6
98,86,6.487453e-6,-2.4166961e-6,6.922967e-6
98,87,7.020872e-6,-3.238173e-6,7.73165e-6
98,88,5.6614435e-6,-2.8474349e-6,6.337178e-6
98,89,3.3503725e-6,-1.159594e-6,3.5453709e-6
98,90,1.3444634e-6,5.4576276e-7,1.451013e-6
98,91,-4.46716e-7,1.1348425e-6,1.2195994e-6
98,92,-7.9445465e-7,7.856392e-7,1.1173124e-6
98,93,-2.2735361e-7,1.13525694e-7,2.5412152e-7
98,94,2.5125763e-7,-5.2848293e-8,2.567554e-7
98,95,4.00767e-8,-1.6184497e-7,1.6673313e-7
98,96,2.6982966e-7,-4.81815e-7,5.5222614e-7
98,97,9.1117855e-8,-7.399967e-8,1.173815e-7
98,98,4.3808814e-7,-3.4021667e-8,4.394072e-7
98,99,-1.139143e-8,-3.4780123e-7,3.4798774e-7
98,100,-1.4264757e-8,-2.7951987e-7,2.798836e-7
98,101,-3.6049775e-7,-1.8228468e-7,4.0396327e-7
98,102,-1.5395213e-7,-4.651413e-8,1.6082544e-7
98,103,2.5177084e-7,-1.0648307e-8,2.519959e-7
98,104,-2.1664055e-8,3.6580335e-8,4.251414e-8
98,105,-1.6802709e-7,1.5199875e-7,2.2657608e-7
98,106,-1.5813475e-7,3.3532382e-7,3.707407e-7
98,107,-6.0322186e-8,3.0691973e-7,3.1279146e-7
98,108,-5.9514594e-8,1.08629465e-7,1.2386423e-7
98,109,-2.0286164e-7,7.009538e-9,2.029827e-7
98,110,-1.9462918e-7,-1.0144562e-7,2.194806e-7
98,111,-6.4995405e-8,-8.766377e-8,1.0912992e-7
98,112,8.691737e-9,-4.451095e-8,4.5351637e-8
98,113,2.2969681e-7,-6.1273695e-8,2.3772903e-7
98,114,1.1358395e-7,-1.559956e-8,1.1465016e-7
98,115,2.103482e-7,1.3412634e-7,2.4947192e-7
98,116,9.657586e-8,-2.9196718e-8,1.0089274e-7
98,117,-7.0026104e-8,2.400667e-7,2.5007134e-7
98,118,-2.985772e-8,-1.603509e-8,3.3891112e-8
98,119,-9.480078e-9,-8.929601e-8,8.979782e-8
98,120,-8.1788984e-9,-6.750581e-8,6.799947e-8
98,121,-6.86433e-8,-5.706178e-8,8.9263374e-8
98,122,-4.1761716e-8,-8.1054615e-8,9.1180546e-8
98,123,9.2170644e-9,5.4544955e-8,5.5318228e-8
98,124,-2.8724833e-7,-1.0640789e-7,3.0632376e-7
98,125,-1.4155913e-7,7.544097e-9,1.4176001e-7
98,126,-2.4199426e-7,1.2378742e-7,2.7181713e-7
98,127,-2.0742058e-7,-2.8113318e-8,2.0931712e-7
98,128,-7.355328e-8,-1.2411937e-8,7.4593174e-8
99,1,-1.4942957e-7,5.839081e-8,1.6043279e-7
99,2,-6.819778e-8,3.098684e-8,7.490742e-8
99,3,-1.4251119e-8,-5.098392e-8,5.2938216e-8
99,4,-1.0358114e-7,-2.612791e-7,2.8106194e-7
99,5,-6.3412394e-8,1.2559578e-7,1.4069623e-7
99,6,-1.0418723e-7,-3.408075e-8,1.0961969e-7
99,7,-1.5533047e-8,2.3728383e-8,2.836039e-8
99,8,-1.4471166e-7,2.1263833e-7,2.572091e-7
99,9,-4.7533057e-8,7.928077e-8,9.2438256e-8
99,10,-5.7902298e-8,6.2060465e-8,8.487743e-8
99,11,-2.1087278e-7,3.933241e-8,2.145096e-7
99,12,-1.3432026e-7,-5.3946927e-8,1.4474875e-7
99,13,-1.5058437e-7,-6.1469727e-9,1.5070978e-7
99,14,-2.2246171e-8,1.5572677e-8,2.7155117e-8
99,15,-1.1598546e-7,-1.7126042e-7,2.0683994e-7
99,16,-2.0589073e-7,-9.053586e-8,2.2491717e-7
99,17,-1.7292697e-7,1.9961561e-8,1.7407528e-7
99,18,-9.857922e-8,1.7788118e-7,2.0337053e-7
99,19,-4.663115e-8,9.852079e-8,1.0899913e-7
99,20,-1.7041512e-7,2.9005724e-9,1.704398e-7
99,21,-1.034293e-7,3.954604e-8,1.107317e-7
99,22,1.0961645e-7,2.0867641e-7,2.357151e-7
99,23,1.6032587e-7,2.1268048e-7,2.663407e-7
99,24,1.4085752e-7,1.0122133e-7,1.734549e-7
99,25,7.008097e-8,1.0884593e-7,1.294557e-7
99,26,1.3376219e-7,1.9509046e-7,2.3654304e-7
99,27,-2.6581393e-8,3.6160987e-8,4.4879698e-8
99,28,-1.2894317e-8,-3.0587014e-8,3.3193807e-8
99,29,-6.763919e-8,-1.8053386e-7,1.9278883e-7
99,30,-5.881062e-8,-9.9054006e-8,1.1519716e-7
99,31,1.6744654e-7,-9.66459e-8,1.9333591e-7
99,32,8.41953e-8,-1.3698309e-7,1.6078936e-7
99,33,1.4862712e-7,-5.1627218e-8,1.5733846e-7
99,34,1.8460146e-7,-1.6072379e-7,2.4476486e-7
99,35,1.5370622e-8,-1.1892555e-7,1.1991473e-7
99,36,2.2545326e-7,-2.3600935e-8,2.266852e-7
99,37,-9.302628e-8,4.0320202e-8,1.013884e-7
99,38,-1.5640659e-7,-2.801832e-7,3.208826e-7
99,39,-1.8566483e-7,-2.830839e-7,3.3853792e-7
99,40,-1.3665209e-7,-1.4273401e-7,1.976026e-7
99,41,-3.973648e-7,2.1446624e-7,4.5154684e-7
99,42,-5.3849436e-7,2.9902642e-7,6.1594886e-7
99,43,-2.737208e-7,3.5146726e-7,4.4547986e-7
99,44,-2.2251903e-8,2.7792555e-7,2.7881492e-7
99,45,-8.5680176e-7,4.327271e-7,9.59876e-7
99,46,-3.2399186e-7,-3.4675864e-8,3.258422e-7
99,47,8.2915426e-7,-9.460385e-7,1.2579688e-6
99,48,2.556643e-6,-1.9584954e-7,2.5641334e-6
99,49,4.023726e-6,-8.375718e-7,4.109975e-6
99,50,4.5133625e-6,-1.1748429e-6,4.6637642e-6
99,51,5.4171987e-6,-1.8584354e-6,5.727113e-6
99,52,6.1539763e-6,-2.8369263e-6,6.7763985e-6
99,53,6.092e-6,-3.4018012e-6,6.9774433e-6
99,54,6.385501e-6,-4.308969e-6,7.703366e-6
99,55,7.105471e-6,-3.3824624e-6,7.869484e-6
99,56,5.975708e-6,-3.0981116e-6,6.7310757e-6
99,57,4.804629e-6,-2.04521e-6,5.2218143e-6
99,58,4.8727175e-6,-1.7622311e-6,5.181586e-6
99,59,5.428184e-6,-1.6237107e-6,5.665829e-6
99,60,5.2624314e-6,-2.1326189e-6,5.6781378e-6
99,61,5.4259713e-6,-2.031628e-6,5.7938482e-6
99,62,5.0207664e-6,-1.0287735e-6,5.125082e-6
99,63,5.7211355e-6,-1.6051201e-6,5.9420368e-6
99,64,6.655408e-6,-1.36774e-6,6.7944957e-6
99,65,5.5940777e-6,-1.5843842e-6,5.814119e-6
99,66,5.5367545e-6,-2.219163e-6,5.9649255e-6
99,67,5.065424e-6,-2.2016752e-6,5.523214e-6
99,68,5.5097703e-6,-1.6692456e-6,5.7570783e-6
99,69,5.5314254e-6,-4.464628e-6,7.1084155e-6
99,70,5.927458e-6,-2.6666896e-6,6.4996916e-6
99,71,5.8053006e-6,-2.6266503e-6,6.371876e-6
99,72,6.3344837e-6,-2.4885808e-6,6.8057857e-6
99,73,4.781168e-6,-2.1141889e-6,5.227749e-6
99,74,5.9394083e-6,-1.8420259e-6,6.218491e-6
99,75,5.4383777e-6,-1.5226375e-6,5.6475105e-6
99,76,4.7585486e-6,-1.4044099e-6,4.961467e-6
99,77,5.1045135e-6,-1.8931021e-6,5.4442535e-6
99,78,6.6472157e-6,-2.8405866e-6,7.228721e-6
99,79,6.273123e-6,-2.9059518e-6,6.9135103e-6
99,80,5.043812e-6,-1.4186032e-6,5.2395108e-6
99,81,5.642568e-6,-4.967465e-7,5.664391e-6
99,82,4.811882e-6,-4.5697635e-7,4.8335323e-6
99,83,6.0982475e-6,-2.0196983e-6,6.424002e-6
99,84,6.0612797e-6,-2.8979896e-6,6.7184415e-6
99,85,5.420121e-6,-2.512297e-6,5.974056e-6
99,86,3.7705258e-6,-1.8898063e-6,4.21761e-6
99,87,1.7742632e-6,-2.9893792e-7,1.7992703e-6
99,88,-2.0955247e-7,2.9723282e-7,3.636751e-7
99,89,-1.0292226e-6,8.4140515e-7,1.329384e-6
99,90,-4.0391913e-7,5.438221e-7,6.7741655e-7
99,91,1.4097785e-7,1.5676993e-7,2.108354e-7
99,92,3.3638977e-7,-1.5392132e-8,3.3674175e-7
99,93,-6.594695e-8,-5.3841948e-8,8.513493e-8
99,94,1.2114142e-8,-2.1476852e-8,2.465781e-8
99,95,4.2655182e-7,-1.946615e-7,4.688705e-7
99,96,3.6426208e-8,-2.3433842e-8,4.3312973e-8
99,97,4.7022723e-8,-2.8198005e-7,2.858739e-7
99,98,-6.74377e-8,-2.4096224e-7,2.5022118e-7
99,99,-1.3879895e-7,-1.9732943e-7,2.4125515e-7
99,100,-1.6270887e-7,2.998311e-8,1.6544837e-7
99,101,-1.5059616e-7,1.0673913e-7,1.8458724e-7
99,102,-2.4404583e-8,6.7411484e-8,7.169304e-8
99,103,-1.10588076e-7,-2.0937588e-8,1.1255268e-7
99,104,-6.1577104e-8,4.1471363e-8,7.424024e-8
99,105,-1.1421273e-8,1.6304574e-7,1.6344528e-7
99,106,2.4241272e-8,1.6662258e-7,1.6837673e-7
99,107,2.2172101e-7,-2.4965805e-8,2.2312216e-7
99,108,-8.183584e-8,-9.152547e-8,1.2277629e-7
99,109,7.2046774e-8,-5.9638744e-8,9.3528165e-8
99,110,6.841794e-8,7.2264434e-8,9.951464e-8
99,111,-5.8314118e-8,-3.1334487e-8,6.61996e-8
99,112,9.997309e-8,-9.231379e-8,1.3607519e-7
99,113,-4.1775266e-8,-1.1703641e-8,4.338373e-8
99,114,-9.981157e-8,4.319711e-8,1.0875817e-7
99,115,1.7592496e-8,5.2302386e-8,5.518184e-8
99,116,-1.11672385e-7,-4.537062e-8,1.205372e-7
99,117,3.698359e-8,2.855747e-8,4.6725955e-8
99,118,-5.2555116e-9,-3.1029245e-8,3.1471167e-8
99,119,-5.6804023e-8,-6.347827e-8,8.518326e-8
99,120,-1.265723e-7,4.0767734e-8,1.3297577e-7
99,121,-4.155704e-8,-5.6256777e-8,6.994149e-8
99,122,-8.1605215e-8,6.2887686e-8,1.0302559e-7
99,123,-1.988493e-7,-1.3626483e-7,2.410584e-7
99,124,-1.0377619e-7,2.0190724e-8,1.057221e-7
99,125,-2.1335234e-7,-1.6065832e-9,2.1335839e-7
99,126,6.7246575e-8,6.3648387e-10,6.724959e-8
99,127,1.7565233e-8,2.0910951e-8,2.7309436e-8
99,128,-1.2928805e-7,2.8465198e-8,1.3238454e-7
100,1,-1.7950468e-7,1.3500679e-7,2.2460802e-7
100,2,-2.6920776e-7,2.150242e-7,3.445406e-7
100,3,-1.971779e-7,2.1100145e-7,2.8879185e-7
100,4,-7.421219e-8,2.005628e-7,2.1385249e-7
100,5,-1.9156576e-7,-5.9030175e-8,2.004545e-7
100,6,3.377165e-8,5.264412e-8,6.25454e-8
100,7,-5.5315347e-8,1.0388357e-8,5.6282374e-8
100,8,8.5235e-9,-1.7329109e-8,1.9311864e-8
100,9,1.2380731e-7,-8.48189e-8,1.5007497e-7
100,10,4.333522e-8,-1.02415015e-7,1.1120601e-7
100,11,7.429236e-8,-7.291571e-9,7.464932e-8
100,12,8.711448e-9,9.758557e-8,9.797363e-8
100,13,-6.03968e-8,6.779608e-8,9.0796924e-8
100,14,-1.3808047e-7,-3.115936e-8,1.4155253e-7
100,15,-3.1140186e-8,8.6074216e-8,9.153405e-8
100,16,-9.14621e-9,9.429789e-8,9.474041e-8
100,17,-6.688669e-8,1.0800417e-8,6.775307e-8
100,18,-1.210515e-7,-7.497689e-8,1.423903e-7
100,19,-1.6236598e-7,-1.0964051e-7,1.9591772e-7
100,20,-1.0668441e-7,-7.121994e-8,1.2827253e-7
100,21,-7.67865e-8,-6.89133e-8,1.0317562e-7
100,22,-2.9842832e-7,-1.8110713e-7,3.4908345e-7
100,23,-4.4839897e-8,-6.940198e-8,8.262718e-8
100,24,-6.638805e-8,-2.762586e-9,6.64455e-8
100,25,-5.2044186e-8,5.358123e-8,7.469635e-8
100,26,-4.396502e-8,1.3502371e-7,1.4200114e-7
100,27,-6.484642e-8,1.9232753e-7,2.0296537e-7
100,28,-7.5208526e-8,2.91764e-7,3.0130144e-7
100,29,2.3856896e-7,2.8988558e-7,3.7543148e-7
100,30,-1.6070883e-8,-1.5688027e-8,2.2458572e-8
100,31,-6.4677174e-8,6.383191e-8,9.087161e-8
100,32,5.729879e-8,-3.2398155e-8,6.582395e-8
100,33,-1.3620624e-8,-4.38e-9,1.4307543e-8
100,34,3.417063e-8,-1.0165007e-8,3.5650515e-8
100,35,2.2435277e-7,-5.4869428e-8,2.3096499e-7
100,36,-5.4206712e-8,-1.966339e-7,2.0396877e-7
100,37,2.1373735e-7,-1.290087e-7,2.4965357e-7
100,38,1.2251077e-7,4.6396195e-8,1.310019e-7
100,39,5.226442e-7,-7.6893194e-8,5.2827033e-7
100,40,2.3760538e-7,-7.998924e-8,2.5070818e-7
100,41,5.3055714e-7,-3.9825827e-7,6.634007e-7
100,42,9.781614e-8,-1.807977e-7,2.0556217e-7
100,43,1.0335397e-7,-2.2054115e-8,1.05680776e-7
100,44,-3.729905e-7,-9.1258e-8,3.8399213e-7
100,45,-1.5617714e-7,-1.8694445e-7,2.4359704e-7
100,46,-6.019183e-7,-3.7774498e-8,6.031025e-7
100,47,-9.78147e-7,1.5723552e-7,9.90704e-7
100,48,-1.174518e-6,3.7061625e-8,1.1751026e-6
100,49,-5.215986e-7,-1.2441996e-7,5.362326e-7
100,50,2.0895271e-7,-6.74157e-8,2.195589e-7
100,51,1.9298664e-6,1.5038779e-7,1.9357171e-6
100,52,2.6782393e-6,3.1688575e-7,2.696921e-6
100,53,3.4899667e-6,-5.66104e-8,3.4904258e-6
100,54,4.1875974e-6,-4.139752e-7,4.20801e-6
100,55,4.992441e-6,-1.8120757e-6,5.3111285e-6
100,56,5.5711853e-6,-1.5684016e-6,5.7877446e-6
100,57,6.5519293e-6,-2.0837372e-6,6.8752993e-6
100,58,7.102212e-6,-1.4133775e-6,7.241481e-6
100,59,6.569551e-6,-1.9040706e-6,6.839918e-6
100,60,6.506074e-6,-1.5972671e-6,6.699273e-6
100,61,6.062036e-6,-1.0738732e-6,6.1564183e-6
100,62,6.6771518e-6,-1.0104745e-6,6.7531782e-6
100,63,7.263719e-6,-1.2909045e-6,7.377537e-6
100,64,7.0849956e-6,-8.723602e-7,7.1384993e-6
100,65,6.569196e-6,-1.9831934e-6,6.8620257e-6
100,66,6.682914e-6,-2.2319327e-6,7.045769e-6
100,67,5.5628057e-6,-2.471007e-6,6.086927e-6
100,68,6.175888e-6,-1.5190382e-6,6.359958e-6
100,69,6.604063e-6,-6.8305604e-7,6.639293e-6
100,70,5.235938e-6,-1.8831508e-6,5.564288e-6
100,71,6.0533534e-6,-2.3064613e-6,6.477874e-6
100,72,6.5594895e-6,-1.7178204e-6,6.780694e-6
100,73,5.2702235e-6,-1.1102303e-6,5.3858953e-6
100,74,6.4076607e-6,-1.7812127e-6,6.650627e-6
100,75,5.5253795e-6,-1.6241436e-6,5.7591374e-6
100,76,5.1899383e-6,-1.6517042e-6,5.446429e-6
100,77,6.173198e-6,-1.2246047e-6,6.293491e-6
100,78,6.480297e-6,-1.4948896e-6,6.6504845e-6
100,79,5.9260865e-6,-1.9893112e-6,6.2510685e-6
100,80,6.680096e-6,-2.0278799e-6,6.981116e-6
100,81,5.999969e-6,-2.2312295e-6,6.401407e-6
100,82,4.8473753e-6,-2.762845e-6,5.579459e-6
100,83,3.445971e-6,-1.6137564e-6,3.8051185e-6
100,84,1.0155561e-6,-6.378695e-7,1.199263e-6
100,85,-5.555023e-7,2.6703952e-7,6.1635455e-7
100,86,-1.582216e-6,8.924097e-7,1.8165358e-6
100,87,-7.4126376e-7,5.82052e-7,9.424736e-7
100,88,-3.943175e-7,1.3772429e-7,4.1767723e-7
100,89,2.7576908e-7,-1.573351e-7,3.1749477e-7
100,90,2.449225e-7,2.2880415e-7,3.3516915e-7
100,91,2.7246648e-7,1.3258311e-7,3.0301197e-7
100,92,3.5315097e-7,5.488493e-7,6.5264936e-7
100,93,8.284278e-7,-8.232606e-8,8.3250836e-7
100,94,-1.537015e-8,-2.2847015e-8,2.7535933e-8
100,95,1.3868967e-7,2.2567018e-7,2.6488084e-7
100,96,1.452648e-8,-7.3849016e-8,7.5264175e-8
100,97,1.7322786e-7,5.7663264e-8,1.8257312e-7
100,98,-1.2219552e-7,1.4035258e-7,1.8609296e-7
100,99,6.7963384e-8,-7.8987036e-8,1.042016e-7
100,100,-6.4054355e-8,2.143364e-7,2.2370304e-7
100,101,1.7021551e-7,-1.7003546e-7,2.405938e-7
100,102,-2.4315134e-9,-7.44877e-8,7.452738e-8
100,103,1.3309494e-7,-2.2273304e-7,2.594692e-7
100,104,1.6923107e-9,-2.3572092e-7,2.3572699e-7
100,105,2.994573e-8,-4.2150288e-7,4.2256528e-7
100,106,1.8574314e-8,-1.9571323e-7,1.9659265e-7
100,107,-5.0168378e-8,-1.4505812e-7,1.5348851e-7
100,108,9.7078484e-8,7.345326e-8,1.2173584e-7
100,109,-3.9528665e-8,9.260182e-8,1.0068571e-7
100,110,-8.133776e-8,1.9692172e-7,2.1305867e-7
100,111,-4.3050065e-8,2.938529e-7,2.9698964e-7
100,112,-6.253793e-8,3.0072476e-7,3.0715856e-7
100,113,-1.15177395e-10,-1.2420536e-8,1.24210695e-8
100,114,-4.3955307e-8,6.3001536e-8,7.6819674e-8
100,115,1.4163993e-8,-4.61533e-8,4.8277798e-8
100,116,-1.651648e-8,3.9152567e-8,4.249374e-8
100,117,-9.546682e-8,-8.7554604e-8,1.2953656e-7
100,118,5.1601067e-8,-4.39619e-8,6.778878e-8
100,119,-2.4807767e-7,-1.2349246e-7,2.7711536e-7
100,120,2.2003778e-8,3.059096e-8,3.7682533e-8
100,121,-7.25356e-8,4.296851e-8,8.430721e-8
100,122,5.109877e-8,-2.4983708e-8,5.6879433e-8
100,123,8.784365e-8,4.7906603e-8,1.0005773e-7
100,124,1.2300329e-7,-2.9029938e-8,1.2638255e-7
100,125,6.937952e-9,4.239362e-8,4.2957584e-8
100,126,-5.2635798e-8,3.550655e-8,6.349207e-8
100,127,-2.2629295e-7,6.3394005e-8,2.3500489e-7
100,128,-2.8018806e-7,-3.316441e-9,2.802077e-7
101,1,-3.522799e-8,-4.0013408e-8,5.33112e-8
101,2,2.5200226e-8,-6.185404e-9,2.594823e-8
101,3,-6.9362606e-8,2.0820737e-8,7.242012e-8
101,4,1.0700777e-9,-9.889129e-8,9.889708e-8
101,5,-1.1489282e-7,-8.9559066e-8,1.4567493e-7
101,6,-2.182813e-7,4.3397016e-8,2.2255342e-7
101,7,-1.4897152e-7,7.455247e-8,1.6658507e-7
101,8,-1.4226676e-7,-3.3001445e-8,1.4604426e-7
101,9,-1.3349661e-7,1.2114724e-7,1.8027201e-7
101,10,-1.2236833e-7,9.262278e-8,1.5346983e-7
101,11,-1.4569423e-7,7.935407e-8,1.6590322e-7
101,12,-6.183089e-8,8.287066e-8,1.0339539e-7
101,13,-3.7352525e-8,5.928036e-8,7.006691e-8
101,14,6.1566446e-8,6.1593255e-8,8.708706e-8
101,15,2.8157842e-8,-1.8741963e-8,3.382492e-8
101,16,-2.709586e-8,-1.6886819e-8,3.1927264e-8
101,17,5.1247273e-8,-2.1643197e-8,5.5630128e-8
101,18,-8.614687e-9,2.406808e-11,8.6147205e-9
101,19,9.269875e-10,-2.204872e-8,2.2068198e-8
101,20,1.20003225e-8,-1.6142549e-8,2.0114413e-8
101,21,-5.925038e-8,2.6421866e-8,6.487467e-8
101,22,1.3281998e-7,1.04919785e-7,1.6926106e-7
101,23,4.8992522e-8,-4.7229854e-8,6.805091e-8
101,24,3.8354436e-8,-4.197696e-8,5.68606e-8
101,25,-1.835833e-8,-4.068366e-8,4.463394e-8
101,26,-4.801118e-8,-7.938027e-8,9.277015e-8
101,27,1.455986e-8,-7.374043e-8,7.516409e-8
101,28,3.1457425e-8,7.949615e-8,8.54939e-8
101,29,-1.5166496e-7,-2.024487e-8,1.5301018e-7
101,30,-2.708336e-8,1.4629511e-7,1.4878094e-7
101,31,4.512898e-8,8.6049035e-9,4.594202e-8
101,32,-6.824721e-8,1.0496433e-7,1.2520061e-7
101,33,-1.6050382e-8,1.3621768e-7,1.3716001e-7
101,34,1.522082e-8,-4.612994e-9,1.5904499e-8
101,35,-5.379731e-8,5.912857e-8,7.9939596e-8
101,36,-7.798789e-8,1.5533242e-7,1.7381102e-7
101,37,9.2789435e-8,9.161883e-8,1.3039896e-7
101,38,1.2836438e-7,-1.9547127e-8,1.2984415e-7
101,39,-6.384193e-8,-9.9098855e-8,1.1788289e-7
101,40,1.5549925e-7,-3.643498e-8,1.5971075e-7
101,41,1.7563297e-8,-7.0146555e-8,7.2311884e-8
101,42,1.2973625e-7,-1.4596358e-7,1.9528662e-7
101,43,1.9968147e-7,-1.7097426e-7,2.6287807e-7
101,44,1.18671686e-7,-2.2610436e-7,2.5535496e-7
101,45,-3.2301315e-8,-1.5786925e-7,1.6113992e-7
101,46,-1.4606572e-7,-7.8366654e-8,1.6576044e-7
101,47,-1.016833e-9,-9.523465e-8,9.5240075e-8
101,48,1.7562719e-7,9.5738976e-8,2.0002716e-7
101,49,2.8867543e-8,1.0529065e-7,1.0917626e-7
101,50,-2.5345574e-7,-1.0724274e-7,2.7521048e-7
101,51,-7.267308e-7,-2.3506327e-7,7.6380127e-7
101,52,-6.8779235e-7,-2.3455048e-7,7.266858e-7
101,53,-1.6284993e-7,-2.5248573e-7,3.0044825e-7
101,54,-5.3904106e-8,8.884424e-8,1.03918005e-7
101,55,1.9159877e-7,1.14519246e-7,2.2321457e-7
101,56,6.3297387e-7,1.7415707e-7,6.564957e-7
101,57,1.3011719e-6,1.8995111e-7,1.3149638e-6
101,58,2.2803636e-6,1.0239785e-7,2.2826614e-6
101,59,3.0259757e-6,-6.743653e-8,3.026727e-6
101,60,3.7853551e-6,-4.6197735e-7,3.8134415e-6
101,61,4.159486e-6,-6.264669e-7,4.206398e-6
101,62,4.655979e-6,-1.2240752e-6,4.814198e-6
101,63,5.8790615e-6,-1.3813002e-6,6.0391517e-6
101,64,5.747844e-6,-2.1306514e-6,6.1300398e-6
101,65,6.4217206e-6,-1.8121501e-6,6.6725097e-6
101,66,5.1423754e-6,-2.2674794e-6,5.6200965e-6
101,67,5.7049465e-6,-1.4538718e-6,5.887288e-6
101,68,5.0919007e-6,-3.113353e-7,5.10141e-6
101,69,5.779258e-6,-2.5642373e-7,5.784944e-6
101,70,6.317403e-6,-6.439756e-7,6.3501407e-6
101,71,6.251594e-6,-6.18549e-7,6.28212e-6
101,72,5.9956783e-6,-2.8430463e-7,6.002415e-6
101,73,5.1604e-6,-8.989128e-7,5.238108e-6
101,74,5.1361653e-6,-2.0357515e-7,5.140198e-6
101,75,4.7780222e-6,-6.5426985e-7,4.8226098e-6
101,76,5.416506e-6,-7.052279e-7,5.4622233e-6
101,77,5.782322e-6,-1.4243071e-6,5.9551576e-6
101,78,3.7942314e-6,-4.6888286e-7,3.8230933e-6
101,79,3.5008743e-6,-5.824366e-7,3.5489932e-6
101,80,2.15621e-6,-6.9471923e-7,2.2653646e-6
101,81,1.36169e-6,-3.1748525e-7,1.3982119e-6
101,82,5.833593e-8,2.0063052e-7,2.0893944e-7
101,83,-7.125045e-7,5.5448646e-7,9.028388e-7
101,84,-3.097667e-7,3.0254435e-7,4.3299943e-7
101,85,-1.7618582e-7,2.841562e-7,3.343444e-7
101,86,2.3024165e-7,-3.5980813e-7,4.2716871e-7
101,87,4.6554786e-7,-1.4773698e-7,4.884271e-7
101,88,1.2128343e-7,-1.593087e-7,2.002222e-7
101,89,-9.69211e-8,2.887298e-7,3.0456297e-7
101,90,-2.2431728e-7,-8.229467e-8,2.389365e-7
101,91,4.4460498e-7,-2.6493004e-7,5.175534e-7
101,92,9.322553e-8,-2.0339846e-7,2.2374523e-7
101,93,-2.1784642e-7,5.5927675e-8,2.2491102e-7
101,94,-2.2869517e-7,-1.579991e-7,2.7796617e-7
101,95,-5.7596854e-8,5.0743207e-8,7.6761125e-8
101,96,6.624948e-8,8.535688e-8,1.08049946e-7
101,97,-1.4117074e-7,1.1473765e-7,1.8191731e-7
101,98,-8.444027e-8,-9.6830234e-8,1.2847667e-7
101,99,1.3691321e-7,4.8943294e-9,1.3700067e-7
101,100,4.6957e-8,1.16222346e-7,1.2534989e-7
101,101,1.5921668e-7,6.505944e-8,1.7199616e-7
101,102,1.1019364e-7,6.400075e-9,1.1037934e-7
101,103,1.4255727e-7,-7.935527e-8,1.6315586e-7
101,104,4.0855593e-8,-4.403745e-8,6.00706e-8
101,105,1.7549222e-7,-1.2954221e-9,1.75497e-7
101,106,7.251545e-8,8.1086434e-8,1.0878189e-7
101,107,1.3777023e-7,-5.8758157e-8,1.4977702e-7
101,108,-1.2449081e-8,4.3486782e-8,4.5233612e-8
101,109,-6.952328e-8,-1.1663705e-7,1.3578544e-7
101,110,3.6330396e-9,-7.109495e-8,7.118772e-8
101,111,4.5185633e-8,5.670141e-8,7.250373e-8
101,112,4.578724e-9,-6.195648e-8,6.212544e-8
101,113,2.6271206e-8,2.0135298e-9,2.6348255e-8
101,114,-7.040788e-8,-6.1478346e-8,9.347115e-8
101,115,-1.01380365e-7,8.1498676e-8,1.3007696e-7
101,116,-4.9500148e-8,-5.5850515e-9,4.981423e-8
101,117,-2.687595e-8,-7.175846e-8,7.662632e-8
101,118,-6.2631074e-8,-4.1083457e-8,7.4903284e-8
101,119,-1.3315221e-8,-7.76106e-9,1.5411981e-8
101,120,-8.094822e-8,9.3229914e-8,1.2346834e-7
101,121,1.3989339e-8,3.8205858e-8,4.0686473e-8
101,122,1.8096202e-8,6.935636e-8,7.167829e-8
101,123,2.035486e-8,2.0937863e-8,2.9201274e-8
101,124,-5.4610062e-8,-8.268803e-9,5.5232526e-8
101,125,-6.4677145e-8,-7.1363196e-8,9.6311155e-8
101,126,-1.0842433e-8,-3.024144e-8,3.2126362e-8
101,127,-5.523309e-8,-8.007238e-8,9.727425e-8
101,128,4.632632e-8,-3.6769542e-8,5.9144966e-8
102,1,-6.731698e-8,1.5010942e-8,6.8970316e-8
102,2,3.6813553e-8,-1.3662401e-7,1.4149684e-7
102,3,4.117199e-8,-1.3899821e-8,4.345501e-8
102,4,7.69622e-9,-4.2043844e-8,4.2742446e-8
102,5,7.849525e-8,-6.1052845e-8,9.944322e-8
102,6,-1.8161312e-8,-1.1584059e-7,1.172556e-7
102,7,-3.5054775e-8,2.3402738e-8,4.2148848e-8
102,8,-1.5013212e-8,-1.5423135e-8,2.1523698e-8
102,9,3.77988e-8,-2.7725768e-8,4.687715e-8
102,10,7.850907e-9,-7.141512e-8,7.184536e-8
102,11,8.520637e-8,2.7411046e-8,8.950693e-8
102,12,-7.497666e-8,-2.2429848e-8,7.825981e-8
102,13,-5.293833e-8,5.453452e-9,5.3218482e-8
102,14,-4.4148297e-8,-1.0233877e-8,4.531892e-8
102,15,-6.124039e-8,5.1264855e-8,7.986533e-8
102,16,-3.893775e-8,5.188252e-8,6.4868665e-8
102,17,-4.300104e-8,-6.3809104e-8,7.694603e-8
102,18,-7.213661e-8,2.602878e-8,7.66889e-8
102,19,1.2376293e-8,-6.465876e-8,6.583257e-8
102,20,2.44618e-8,-1.4446366e-8,2.8409103e-8
102,21,4.305698e-8,-3.1237207e-8,5.3194608e-8
102,22,-2.4961533e-8,-6.9050574e-9,2.5898995e-8
102,23,1.00007334e-7,-7.030881e-8,1.222489e-7
102,24,4.9578563e-8,-3.663997e-8,6.164837e-8
102,25,3.2103138e-9,-7.83349e-9,8.465795e-9
102,26,-6.698074e-8,2.5570099e-8,7.169553e-8
102,27,-3.0940175e-8,2.8832057e-9,3.1074222e-8
102,28,-3.7398173e-8,4.3326512e-8,5.7234693e-8
102,29,1.740736e-7,-3.1809012e-8,1.7695602e-7
102,30,1.3917067e-7,-1.4008333e-7,1.9746345e-7
102,31,-5.889139e-8,-3.889282e-8,7.057512e-8
102,32,2.4138343e-8,-6.704038e-8,7.125358e-8
102,33,2.8226925e-8,-5.9365203e-8,6.573421e-8
102,34,-2.055529e-8,4.3682874e-8,4.8277464e-8
102,35,3.973523e-8,4.0691948e-8,5.6874626e-8
102,36,1.2149026e-8,-4.6190458e-8,4.776146e-8
102,37,-5.4658944e-9,-3.9187277e-8,3.9566636e-8
102,38,-9.602029e-9,1.7376685e-7,1.7403194e-7
102,39,1.0256307e-7,9.2164406e-8,1.378893e-7
102,40,1.1687854e-7,3.9314877e-8,1.2331364e-7
102,41,6.00077e-8,4.0396927e-8,7.2338345e-8
102,42,-2.6681798e-8,6.925472e-8,7.421681e-8
102,43,1.4472242e-9,1.7248105e-7,1.7248712e-7
102,44,1.7053202e-8,1.2762314e-7,1.2875743e-7
102,45,1.4531246e-7,-7.10558e-8,1.6175487e-7
102,46,1.7650805e-7,2.0617186e-8,1.7770807e-7
102,47,2.748576e-8,-1.7707034e-8,3.2695656e-8
102,48,-5.029827e-8,-1.6065422e-7,1.6834397e-7
102,49,1.6793845e-9,-1.2727232e-7,1.272834e-7
102,50,1.9599791e-7,-9.904124e-8,2.1960042e-7
102,51,2.7732924e-7,-5.787858e-8,2.833045e-7
102,52,3.270847e-7,7.3707035e-8,3.3528664e-7
102,53,6.0426157e-9,4.9350053e-8,4.971862e-8
102,54,-9.4973586e-8,-4.6383683e-8,1.0569498e-7
102,55,-1.3856567e-7,-1.6157031e-7,2.1285068e-7
102,56,-1.7422586e-7,-3.3769578e-7,3.7999092e-7
102,57,-2.0530074e-8,-8.9652254e-8,9.197288e-8
102,58,-4.142389e-7,-1.9427728e-7,4.5753418e-7
102,59,-2.2175152e-7,-5.840482e-9,2.2182842e-7
102,60,-3.980499e-7,1.4173419e-7,4.2253083e-7
102,61,-1.9798647e-7,1.4469438e-7,2.452246e-7
102,62,5.983254e-8,3.395185e-7,3.4475025e-7
102,63,2.863704e-7,3.0161533e-7,4.1590843e-7
102,64,5.219232e-7,5.821795e-7,7.818803e-7
102,65,7.910859e-7,3.0094776e-7,8.463961e-7
102,66,1.3606409e-6,3.9729184e-7,1.417457e-6
102,67,1.6384773e-6,-2.5260744e-7,1.6578355e-6
102,68,1.7203655e-6,-3.265579e-8,1.7206754e-6
102,69,1.6483181e-6,-4.371139e-7,1.7052921e-6
102,70,2.0922112e-6,-5.5952e-7,2.1657354e-6
102,71,1.8772641e-6,-5.7269375e-7,1.9626764e-6
102,72,1.8494434e-6,-3.7880645e-7,1.8878387e-6
102,73,1.3807112e-6,-5.273766e-7,1.4780019e-6
102,74,1.0140827e-6,9.066268e-9,1.0141232e-6
102,75,5.391493e-7,-2.3366135e-7,5.87605e-7
102,76,2.3185794e-7,-1.6021492e-7,2.8182782e-7
102,77,-1.6322964e-7,1.2725681e-7,2.0697394e-7
102,78,-3.8874688e-7,5.4944053e-7,6.7305945e-7
102,79,-4.3833504e-7,1.0708902e-8,4.3846583e-7
102,80,-3.7230592e-7,2.9887536e-7,4.774287e-7
102,81,-5.3861633e-8,3.0571582e-7,3.1042427e-7
102,82,-6.6629355e-9,-7.184579e-8,7.215409e-8
102,83,4.880961e-7,-2.2539281e-7,5.3762415e-7
102,84,4.5237888e-7,-1.3134338e-7,4.7106022e-7
102,85,3.0426726e-8,-8.0718756e-8,8.6262986e-8
102,86,-1.4947828e-7,3.001073e-7,3.3527326e-7
102,87,5.4543565e-9,-4.2445243e-9,6.9112946e-9
102,88,1.6082598e-7,-8.424363e-8,1.8155436e-7
102,89,2.3574871e-7,-2.1602494e-7,3.197565e-7
102,90,7.82247e-8,-1.9711088e-7,2.1206556e-7
102,91,-2.261913e-7,-4.7638125e-8,2.3115341e-7
102,92,-1.07621794e-7,1.1547772e-7,1.5785295e-7
102,93,1.7148173e-7,-1.1176457e-7,2.046883e-7
102,94,1.1965817e-7,-9.04475e-9,1.1999951e-7
102,95,-3.7379586e-8,-4.925904e-8,6.183596e-8
102,96,-6.736962e-8,-1.5780861e-8,6.919321e-8
102,97,4.456706e-8,5.0475673e-8,6.733511e-8
102,98,1.08720535e-7,1.3876264e-7,1.7628167e-7
102,99,-3.676961e-8,2.497203e-8,4.4447795e-8
102,100,4.384903e-9,9.2968875e-8,9.3072224e-8
102,101,-4.3221732e-8,3.974714e-8,5.8719273e-8
102,102,1.3618209e-8,-3.5761232e-8,3.8266453e-8
102,103,1.0336383e-7,8.989037e-8,1.3698306e-7
102,104,1.1170241e-7,1.0484928e-8,1.1219342e-7
102,105,6.7856263e-9,-3.2411084e-8,3.311379e-8
102,106,4.9720967e-8,3.8029334e-8,6.259717e-8
102,107,4.2982993e-8,1.8700716e-8,4.687488e-8
102,108,4.9175917e-8,4.1868073e-8,6.4584874e-8
102,109,1.16991764e-7,7.3047497e-9,1.1721959e-7
102,110,2.2861549e-8,-1.4283296e-8,2.6956688e-8
102,111,-1.6175585e-8,1.5796347e-8,2.260916e-8
102,112,-2.8087245e-8,-3.2059635e-8,4.2622922e-8
102,113,-2.4926191e-8,2.1548036e-8,3.2948943e-8
102,114,1.2237386e-8,1.1645158e-9,1.2292669e-8
102,115,3.7093888e-9,-4.7056147e-8,4.7202125e-8
102,116,-1.5469578e-8,3.3553065e-9,1.5829274e-8
102,117,-7.471499e-9,-3.439889e-8,3.520095e-8
102,118,1.4921295e-9,3.0365655e-8,3.0402294e-8
102,119,-5.216434e-8,2.3054358e-8,5.703176e-8
102,120,-9.757899e-9,3.258475e-8,3.4014448e-8
102,121,-4.157977e-8,9.32145e-8,1.0206773e-7
102,122,5.334735e-8,-3.6569052e-8,6.4677934e-8
102,123,1.1324447e-8,1.891416e-8,2.2045148e-8
102,124,2.324038e-8,2.22144e-8,3.214957e-8
102,125,2.384316e-8,4.9848975e-8,5.525773e-8
102,126,3.547501e-8,7.915986e-8,8.674537e-8
102,127,-5.1646047e-8,9.152363e-8,1.0508991e-7
102,128,-5.783841e-8,-6.71723e-8,8.8641976e-8
103,1,1.0349703e-7,-1.1427931e-8,1.04126045e-7
103,2,-5.1510536e-8,4.7971778e-8,7.038911e-8
103,3,-5.8084773e-9,-1.6861874e-8,1.7834271e-8
103,4,-1.01398e-7,2.0904137e-8,1.0353037e-7
103,5,-3.313194e-8,-3.0167534e-8,4.4808544e-8
103,6,-9.8516955e-9,1.3347069e-7,1.3383378e-7
103,7,-7.160308e-10,5.9002126e-8,5.900647e-8
103,8,-2.8821367e-8,-9.687804e-9,3.0406e-8
103,9,-7.032689e-9,7.625428e-8,7.65779e-8
103,10,8.062833e-8,7.70495e-8,1.1152378e-7
103,11,6.1573746e-9,2.4726012e-9,6.635286e-9
103,12,-4.894997e-8,3.3037e-8,5.9055424e-8
103,13,-4.124056e-8,6.42701e-8,7.63638e-8
103,14,7.9894e-9,2.7082855e-8,2.8236705e-8
103,15,5.6990967e-8,-4.455892e-8,7.234271e-8
103,16,6.9696114e-8,-1.164693e-7,1.3573005e-7
103,17,2.6320901e-8,3.275982e-8,4.2023753e-8
103,18,3.8979994e-8,-1.8554077e-8,4.317052e-8
103,19,2.7214748e-8,6.2136934e-8,6.7835394e-8
103,20,-5.4289192e-8,8.594404e-9,5.4965263e-8
103,21,-1.5890253e-8,-2.101283e-8,2.6344622e-8
103,22,-2.163838e-8,-3.112306e-8,3.7905995e-8
103,23,-5.4887305e-8,3.000455e-8,6.255309e-8
103,24,-2.343277e-8,-1.4272335e-8,2.7437096e-8
103,25,-1.4767073e-8,-1.2908143e-7,1.2992336e-7
103,26,2.261739e-9,-2.608324e-8,2.6181118e-8
103,27,6.830601e-8,-5.614779e-8,8.842107e-8
103,28,1.980528e-8,4.7150643e-9,2.0358804e-8
103,29,-6.7556215e-8,-1.7668954e-8,6.982861e-8
103,30,-2.5547706e-8,8.492306e-8,8.868264e-8
103,31,1.0390747e-7,5.115511e-8,1.1581713e-7
103,32,-2.6713101e-8,-4.9757883e-8,5.64751e-8
103,33,2.1562474e-8,4.8832582e-8,5.338128e-8
103,34,3.9088e-8,2.1830392e-8,4.477095e-8
103,35,-2.1697945e-8,2.3838952e-8,3.2235018e-8
103,36,2.6182542e-10,7.8961854e-8,7.896229e-8
103,37,6.025876e-8,2.7418332e-8,6.620335e-8
103,38,-4.283986e-8,-1.5467101e-7,1.6049417e-7
103,39,-2.8389742e-8,-1.7862872e-8,3.354191e-8
103,40,4.1114554e-8,2.3017497e-8,4.7119123e-8
103,41,-6.127561e-8,2.8513773e-8,6.758502e-8
103,42,8.898288e-8,-2.029398e-8,9.126773e-8
103,43,4.157802e-8,-1.5254811e-7,1.581128e-7
103,44,6.1857925e-8,-1.3483617e-7,1.4834822e-7
103,45,-1.1635333e-7,2.9497697e-8,1.200342e-7
103,46,-1.2642275e-7,-2.3425237e-8,1.285747e-7
103,47,-3.7710446e-8,2.6740153e-8,4.6228926e-8
103,48,7.301258e-8,8.2105906e-8,1.0987364e-7
103,49,-2.2169766e-8,7.3545046e-8,7.681388e-8
103,50,-1.1143324e-7,-5.487501e-8,1.2421205e-7
103,51,-2.1309911e-7,-9.3339905e-9,2.1330344e-7
103,52,-2.4420905e-7,-2.116312e-8,2.4512434e-7
103,53,-4.2619245e-8,-1.3912717e-7,1.4550865e-7
103,54,2.6198782e-8,1.0225356e-7,1.0555646e-7
103,55,9.492577e-9,7.0085875e-8,7.0725804e-8
103,56,6.594922e-8,2.1213981e-7,2.2215445e-7
103,57,1.079958e-8,5.214447e-8,5.325107e-8
103,58,9.9935875e-8,1.5315145e-7,1.8287302e-7
103,59,1.3789534e-7,1.5408469e-7,2.0677818e-7
103,60,3.1371383e-7,-4.7726175e-8,3.173234e-7
103,61,2.3387992e-7,-7.19674e-8,2.447021e-7
103,62,6.710753e-8,-2.69251e-7,2.7748786e-7
103,63,7.380218e-8,-3.0698422e-7,3.15731e-7
103,64,8.466153e-8,-3.4855447e-7,3.58689e-7
103,65,-8.420837e-8,-3.0623738e-7,3.1760413e-7
103,66,-2.3201612e-7,-3.5133417e-7,4.2103107e-7
103,67,-4.0709216e-7,-4.995649e-8,4.1014593e-7
103,68,-2.3348692e-7,-3.960685e-9,2.3352051e-7
103,69,-3.8635e-7,1.6646281e-7,4.2068538e-7
103,70,-5.0304845e-7,1.6674862e-7,5.2996495e-7
103,71,-4.180015e-7,1.7022727e-7,4.5133422e-7
103,72,-2.980008e-7,1.7823425e-7,3.4723467e-7
103,73,-5.118176e-7,-1.3516075e-7,5.2936343e-7
103,74,-4.1311955e-7,-1.00235056e-7,4.2510567e-7
103,75,1.6324891e-7,2.8015015e-7,3.242442e-7
103,76,6.559376e-8,3.7166185e-8,7.539142e-8
103,77,2.3476979e-7,-1.5503436e-7,2.8134056e-7
103,78,2.801336e-7,-2.6288464e-7,3.8416556e-7
103,79,3.8799834e-7,-9.778366e-8,4.0013043e-7
103,80,4.795541e-7,-3.2619738e-7,5.7998005e-7
103,81,1.7056075e-7,-5.7177765e-8,1.798896e-7
103,82,-1.9088085e-7,1.442366e-7,2.3924818e-7
103,83,-2.5591152e-7,6.2044414e-8,2.633253e-7
103,84,-2.2159267e-7,4.738606e-8,2.2660262e-7
103,85,-3.305509e-8,6.56699e-8,7.351989e-8
103,86,2.2750093e-8,-1.6015375e-7,1.6176152e-7
103,87,-7.904118e-8,-2.2565314e-7,2.390959e-7
103,88,6.804905e-8,4.791397e-8,8.3225125e-8
103,89,-1.1729776e-7,9.0049774e-8,1.478774e-7
103,90,-7.9392905e-8,1.0139918e-7,1.2878287e-7
103,91,2.2037229e-7,-4.0248924e-8,2.2401768e-7
103,92,9.70492e-8,-1.01655814e-7,1.4054342e-7
103,93,-1.0505143e-7,1.6508588e-7,1.9567614e-7
103,94,-3.8142097e-8,2.332658e-8,4.4709605e-8
103,95,9.394352e-8,1.883981e-8,9.5814e-8
103,96,3.8429345e-8,-1.6991988e-8,4.2018357e-8
103,97,7.580383e-8,4.3728207e-8,8.7512156e-8
103,98,-1.8152975e-9,-2.036917e-8,2.04499e-8
103,99,8.9251785e-8,-7.344607e-9,8.9553474e-8
103,100,1.239563e-7,4.2485194e-8,1.3103494e-7
103,101,2.0296445e-8,-1.2460154e-8,2.3815984e-8
103,102,9.542258e-8,-2.0397788e-8,9.757837e-8
103,103,-1.0211502e-8,1.1493475e-8,1.5374484e-8
103,104,1.2731487e-8,-5.849932e-9,1.4011155e-8
103,105,1.1192003e-8,-5.0711053e-9,1.2287272e-8
103,106,5.175773e-8,1.1546598e-8,5.3030053e-8
103,107,6.553116e-8,-5.084517e-8,8.294314e-8
103,108,-1.4287427e-8,-1.8115615e-9,1.4401817e-8
103,109,-2.765638e-8,-3.52845e-8,4.4831587e-8
103,110,5.7126712e-8,-3.8379408e-8,6.88218e-8
103,111,1.9308573e-8,4.722545e-9,1.9877712e-8
103,112,-1.2884684e-8,8.976008e-8,9.068013e-8
103,113,1.4655178e-9,4.8561166e-10,1.5438786e-9
103,114,-2.142026e-8,1.6421911e-8,2.6990863e-8
103,115,-2.7148065e-8,4.149367e-8,4.9585704e-8
103,116,-6.527247e-8,-2.2726493e-8,6.9115764e-8
103,117,2.1408564e-8,-7.734885e-8,8.025691e-8
103,118,-4.803968e-8,-5.4204094e-8,7.242855e-8
103,119,2.7026141e-8,6.860558e-9,2.788332e-8
103,120,2.2778364e-9,3.5087362e-9,4.1832724e-9
103,121,3.071212e-8,6.844121e-8,7.5016224e-8
103,122,-3.4033135e-8,6.989399e-8,7.7739465e-8
103,123,-2.897101e-8,2.9923353e-9,2.9125136e-8
103,124,-7.989144e-8,-6.957806e-9,8.019385e-8
103,125,2.1343574e-8,-2.1841911e-8,3.0538782e-8
103,126,2.3425011e-8,1.5283563e-8,2.7969957e-8
103,127,1.6717703e-8,-4.229742e-8,4.548135e-8
103,128,3.2341994e-8,6.357099e-9,3.2960845e-8
104,1,-1.2076984e-8,-4.7059242e-8,4.8584212e-8
104,2,-3.29348e-8,4.3500314e-8,5.4561692e-8
104,3,4.05523e-9,9.990913e-8,9.99914e-8
104,4,6.4538426e-8,4.8890257e-8,8.096583e-8
104,5,-1.2252766e-8,6.395633e-8,6.5119444e-8
104,6,2.855914e-8,-8.176677e-8,8.661079e-8
104,7,6.6660235e-8,6.318889e-8,9.1850005e-8
104,8,6.171117e-8,8.60941e-9,6.230883e-8
104,9,9.903659e-9,-1.1075564e-8,1.4857677e-8
104,10,-2.4317799e-9,-1.5385439e-8,1.5576433e-8
104,11,1.4110009e-10,-4.030686e-8,4.0307107e-8
104,12,1.2438055e-8,-7.800856e-8,7.899393e-8
104,13,3.064404e-8,-6.173842e-9,3.1259773e-8
104,14,2.2923622e-8,1.6852463e-8,2.8451677e-8
104,15,-1.8386664e-9,3.8769127e-8,3.8812704e-8
104,16,4.7456172e-8,6.027351e-8,7.671365e-8
104,17,6.86749e-9,5.587893e-9,8.853641e-9
104,18,-3.229176e-8,-2.1304947e-8,3.868667e-8
104,19,4.194053e-8,-1.9503728e-8,4.6253685e-8
104,20,4.100025e-8,-5.707363e-8,7.027389e-8
104,21,5.830351e-10,-8.87003e-8,8.8702215e-8
104,22,-9.536461e-8,5.9299477e-8,1.1229798e-7
104,23,7.7986165e-8,6.146272e-10,7.798859e-8
104,24,-6.1162626e-9,-1.36141916e-8,1.4924975e-8
104,25,-2.5270882e-8,1.7707956e-8,3.0857564e-8
104,26,5.207216e-8,-5.0882434e-8,7.280475e-8
104,27,-1.3773728e-8,-2.3337312e-9,1.3970035e-8
104,28,-2.9470325e-8,8.487774e-8,8.984838e-8
104,29,1.339805e-7,1.4321794e-8,1.347438e-7
104,30,8.167141e-8,-9.9536805e-8,1.2875479e-7
104,31,-4.7504226e-8,3.1526252e-8,5.7013647e-8
104,32,-4.230206e-9,-5.1401386e-8,5.157516e-8
104,33,1.6732681e-8,-5.2623143e-8,5.521936e-8
104,34,-7.109426e-8,-2.3295307e-8,7.481354e-8
104,35,1.0219502e-7,-3.361068e-8,1.075802e-7
104,36,-1.4286559e-9,-9.7238654e-8,9.724915e-8
104,37,-5.747936e-8,-9.308297e-8,1.093998e-7
104,38,2.324873e-8,9.902641e-8,1.0171889e-7
104,39,9.3112625e-8,1.8838188e-8,9.499915e-8
104,40,-3.828015e-8,-4.186922e-8,5.6730958e-8
104,41,8.019867e-9,1.92488e-8,2.0852687e-8
104,42,-1.4389542e-8,3.1362006e-8,3.450557e-8
104,43,-1.18751675e-8,1.1480198e-7,1.1541453e-7
104,44,-4.345104e-8,3.5032702e-8,5.581472e-8
104,45,1.6327297e-7,-1.3746761e-8,1.6385066e-7
104,46,1.1060975e-7,-2.0648287e-8,1.12520524e-7
104,47,-9.3556324e-8,-4.6843144e-8,1.0462823e-7
104,48,-6.23161e-8,-1.4847821e-7,1.6102507e-7
104,49,-1.404887e-8,-3.5914095e-8,3.8564142e-8
104,50,5.9429343e-8,-6.133489e-8,8.540383e-8
104,51,9.671027e-8,-2.1298982e-8,9.9027886e-8
104,52,1.569269e-7,6.5317586e-8,1.6997777e-7
104,53,-6.803084e-8,1.0752734e-7,1.2724121e-7
104,54,-3.7711867e-8,-5.7992153e-8,6.9175684e-8
104,55,-3.6731596e-8,-8.870662e-8,9.601081e-8
104,56,-3.8865897e-9,-1.6947789e-7,1.6952245e-7
104,57,8.4804846e-8,-8.374075e-8,1.1918211e-7
104,58,-5.1426476e-9,-1.6893156e-7,1.6900982e-7
104,59,-5.6487114e-8,2.267424e-9,5.6532603e-8
104,60,-1.6958015e-7,5.5464252e-8,1.7842004e-7
104,61,-5.2578603e-8,1.2430851e-7,1.3497079e-7
104,62,-7.362299e-8,2.0797201e-7,2.206189e-7
104,63,-1.0242472e-7,3.472775e-7,3.6206697e-7
104,64,3.4843592e-9,2.1724983e-7,2.1727777e-7
104,65,-6.97194e-8,2.594758e-7,2.6867914e-7
104,66,2.1604372e-7,1.9878006e-7,2.935786e-7
104,67,1.9169912e-7,-1.8770652e-7,2.6829514e-7
104,68,2.3211135e-7,-4.3975188e-8,2.3624034e-7
104,69,2.3859315e-7,-1.4389742e-7,2.7862728e-7
104,70,3.0610295e-7,-1.6307102e-7,3.4683018e-7
104,71,1.4650882e-7,-1.4750576e-7,2.079009e-7
104,72,2.4227802e-7,-2.6949235e-7,3.623876e-7
104,73,1.14206124e-7,-1.0067e-7,1.5224154e-7
104,74,2.552044e-7,-1.6524785e-7,3.0403314e-7
104,75,2.1399375e-8,-1.5990277e-7,1.6132833e-7
104,76,-5.5130908e-8,-6.90872e-8,8.838811e-8
104,77,-2.645582e-7,-1.0351574e-8,2.6476064e-7
104,78,-1.9603861e-7,2.8554254e-7,3.4636062e-7
104,79,-1.4476718e-7,-6.369097e-8,1.581584e-7
104,80,-2.0195486e-7,-2.5161166e-8,2.0351622e-7
104,81,-4.4797368e-8,1.326695e-7,1.4002858e-7
104,82,1.3394855e-7,-7.81453e-8,1.5507707e-7
104,83,2.0126282e-7,-8.903557e-8,2.2007738e-7
104,84,1.5404495e-7,2.5968652e-9,1.5406684e-7
104,85,2.5092941e-8,-6.886926e-8,7.329823e-8
104,86,-2.2529993e-7,1.7467849e-7,2.8508356e-7
104,87,2.5474551e-9,1.4228327e-7,1.4230608e-7
104,88,2.1619174e-8,8.234935e-9,2.313445e-8
104,89,7.142378e-8,-3.6448913e-8,8.0186524e-8
104,90,1.4403126e-7,-3.192408e-8,1.4752678e-7
104,91,-8.628657e-8,4.6025246e-8,9.779415e-8
104,92,-1.2065553e-7,1.3413167e-7,1.8041358e-7
104,93,1.4711829e-7,-7.773853e-8,1.6639432e-7
104,94,4.499503e-8,5.5598104e-8,7.1524134e-8
104,95,-1.1347425e-7,-1.905069e-8,1.15062306e-7
104,96,7.263206e-8,-2.1712372e-8,7.580794e-8
104,97,1.8726988e-8,2.1762364e-8,2.8710636e-8
104,98,7.4029e-8,4.2321195e-9,7.4149874e-8
104,99,-1.4764303e-8,-5.0618715e-10,1.47729775e-8
104,100,-4.981046e-8,-1.0912919e-8,5.0991897e-8
104,101,3.9003513e-8,-1.0047221e-8,4.0276802e-8
104,102,1.9853774e-8,4.2718657e-8,4.710686e-8
104,103,9.19086e-8,1.42058205e-8,9.299998e-8
104,104,3.5713582e-10,-3.5850864e-8,3.5852644e-8
104,105,2.0232993e-9,-4.811841e-8,4.8160928e-8
104,106,-4.902394e-8,-1.0073367e-8,5.004817e-8
104,107,5.3571565e-9,4.0824805e-8,4.1174797e-8
104,108,6.122241e-8,-1.2450337e-9,6.123507e-8
104,109,3.6228e-8,9.674214e-8,1.03303e-7
104,110,1.5653975e-9,1.409848e-8,1.4185119e-8
104,111,-9.538092e-9,-6.0014905e-8,6.0768116e-8
104,112,-8.302494e-9,4.3262478e-8,4.405194e-8
104,113,-2.2531685e-8,-3.929888e-8,4.5299874e-8
104,114,5.1107445e-8,-8.412113e-9,5.1795123e-8
104,115,-1.9710757e-8,-3.5346226e-8,4.0470603e-8
104,116,-2.6428959e-8,-4.5189594e-8,5.235064e-8
104,117,-1.6424353e-8,1.0550619e-8,1.952114e-8
104,118,5.790512e-9,-1.2168574e-8,1.3476061e-8
104,119,-9.441225e-8,-1.075529e-8,9.502289e-8
104,120,-5.234888e-8,3.1326348e-8,6.100611e-8
104,121,1.4669178e-8,1.081377e-8,1.8224226e-8
104,122,1.4460933e-8,-2.0866675e-8,2.5387727e-8
104,123,-8.3505455e-8,1.3039166e-8,8.451734e-8
104,124,-3.5736885e-8,-9.17266e-8,9.8442335e-8
104,125,-2.5255199e-8,9.605576e-8,9.932036e-8
104,126,5.4499747e-8,5.7526513e-8,7.9243435e-8
104,127,-8.082992e-8,-4.591304e-8,9.295958e-8
104,128,-3.567344e-8,9.185054e-8,9.853485e-8
105,1,1.5716854e-8,8.616953e-8,8.759113e-8
105,2,-4.1657685e-8,8.311467e-8,9.296995e-8
105,3,2.7478888e-9,-6.040624e-8,6.046871e-8
105,4,-3.431043e-8,-2.0095417e-8,3.9762185e-8
105,5,-1.17587895e-8,-5.5022657e-8,5.6265105e-8
105,6,-1.2499806e-8,4.3649003e-8,4.540353e-8
105,7,-3.2501973e-8,-9.6381086e-8,1.0171377e-7
105,8,5.447756e-9,3.550065e-8,3.5916212e-8
105,9,-4.03226e-8,8.399894e-8,9.317582e-8
105,10,8.56617e-9,8.404467e-8,8.448009e-8
105,11,5.9690876e-8,-4.9023832e-8,7.724206e-8
105,12,-1.0578709e-7,6.695443e-9,1.0599876e-7
105,13,-4.9830554e-8,-3.0658672e-8,5.8506735e-8
105,14,2.0259186e-8,-4.4888903e-8,4.924884e-8
105,15,6.399198e-8,-6.059481e-9,6.427823e-8
105,16,5.472929e-8,-1.0089114e-7,1.1477943e-7
105,17,5.1877485e-9,-1.5405579e-8,1.6255601e-8
105,18,2.5562858e-9,5.1443198e-8,5.150667e-8
105,19,-2.8885462e-11,-4.273708e-10,4.2834586e-10
105,20,1.6898449e-8,1.6311866e-9,1.6976994e-8
105,21,-1.5582899e-8,2.3364276e-8,2.808409e-8
105,22,2.213469e-8,-6.320045e-8,6.696448e-8
105,23,-7.0783614e-8,-6.4554975e-8,9.580013e-8
105,24,4.5080437e-9,-5.7140358e-8,5.7317912e-8
105,25,-1.6952491e-8,-1.642735e-8,2.3606033e-8
105,26,-2.9916915e-8,1.4111402e-8,3.3077992e-8
105,27,3.7830603e-8,-7.858595e-8,8.721758e-8
105,28,8.990668e-9,-4.2902542e-8,4.3834465e-8
105,29,-8.2552205e-8,-3.6010892e-8,9.00647e-8
105,30,-5.0703186e-8,6.179314e-8,7.9932505e-8
105,31,4.873684e-8,-7.002425e-8,8.531515e-8
105,32,-3.61884e-8,6.616458e-8,7.541453e-8
105,33,-2.2945674e-8,5.291031e-8,5.7671524e-8
105,34,3.05974e-8,1.9814198e-8,3.6452754e-8
105,35,-2.9588815e-8,-2.485651e-8,3.864381e-8
105,36,6.9704605e-8,9.681811e-8,1.1929995e-7
105,37,6.975631e-8,7.052962e-8,9.9198644e-8
105,38,4.082976e-8,-7.0861915e-8,8.178313e-8
105,39,1.0172445e-8,-3.7444263e-8,3.8801435e-8
105,40,-3.5072e-8,-1.972928e-8,4.0240398e-8
105,41,-4.6675734e-8,6.2315166e-8,7.7857585e-8
105,42,4.8989712e-8,-5.101742e-8,7.073025e-8
105,43,-1.4844357e-8,-9.1536066e-8,9.27319e-8
105,44,-2.443328e-8,-1.5343993e-8,2.8851748e-8
105,45,-6.557617e-8,-1.230615e-9,6.558771e-8
105,46,-1.3751651e-7,-2.3865379e-8,1.3957201e-7
105,47,9.914003e-10,-4.2527116e-8,4.253867e-8
105,48,5.3006048e-8,6.923705e-8,8.7197535e-8
105,49,6.1850734e-8,6.037245e-8,8.6431164e-8
105,50,-6.153178e-8,-5.9521465e-8,8.560937e-8
105,51,-1.7669048e-7,-1.2463503e-8,1.7712951e-7
105,52,-8.831458e-8,-6.7831635e-8,1.1135796e-7
105,53,-3.406668e-8,-5.5757777e-8,6.534117e-8
105,54,2.7172153e-8,-6.7667187e-9,2.8002042e-8
105,55,6.0775626e-8,3.788007e-8,7.161408e-8
105,56,-2.7483562e-8,1.675135e-7,1.6975312e-7
105,57,8.384682e-9,7.287785e-8,7.33586e-8
105,58,6.842162e-8,8.555663e-8,1.0955115e-7
105,59,3.7543206e-8,1.0602806e-8,3.9011688e-8
105,60,1.2801165e-7,-1.1214734e-7,1.7018816e-7
105,61,1.0807466e-7,-8.5879414e-8,1.3804132e-7
105,62,4.0338303e-8,-1.5611045e-7,1.6123786e-7
105,63,6.257996e-8,-2.0680002e-7,2.1606134e-7
105,64,1.3778241e-7,-2.511583e-7,2.86469e-7
105,65,5.2351805e-8,-2.0086001e-7,2.0757037e-7
105,66,-7.699695e-8,-2.5075758e-7,2.623126e-7
105,67,-2.5431595e-7,1.1761599e-7,2.801966e-7
105,68,-1.2720508e-7,5.3607216e-8,1.3803937e-7
105,69,-1.5687588e-7,1.9945551e-7,2.5375687e-7
105,70,-1.404312e-7,1.6378915e-7,2.1574941e-7
105,71,-1.3016145e-7,1.2231692e-7,1.7861532e-7
105,72,-1.704991e-7,1.4374652e-7,2.2300898e-7
105,73,-1.4529012e-7,2.0729504e-10,1.4529026e-7
105,74,-1.5175814e-7,8.731288e-8,1.7508304e-7
105,75,5.8940383e-8,1.2391176e-7,1.372155e-7
105,76,1.2280839e-7,-2.6645791e-8,1.2566582e-7
105,77,3.0146592e-7,-6.0477795e-8,3.074724e-7
105,78,2.2593647e-7,-2.1144267e-7,3.0944352e-7
105,79,1.3456099e-7,2.9015123e-8,1.3765369e-7
105,80,2.061212e-7,1.0786096e-7,2.3263692e-7
105,81,5.6274736e-8,-1.6683705e-7,1.7607228e-7
105,82,-8.349624e-8,8.356103e-8,1.1812733e-7
105,83,-1.4122865e-7,7.433536e-8,1.5959723e-7
105,84,-1.1407004e-7,4.8147864e-8,1.2381516e-7
105,85,3.2180047e-8,3.550994e-8,4.792193e-8
105,86,1.4322512e-7,-1.6807181e-7,2.2082021e-7
105,87,1.4014614e-7,-5.0584994e-8,1.4899591e-7
105,88,-2.2885201e-8,-1.1705844e-8,2.5705237e-8
105,89,-2.830752e-8,4.339781e-8,5.1813952e-8
105,90,-9.2147815e-8,-5.4057907e-8,1.0683387e-7
105,91,1.935739e-7,-2.3573362e-8,1.9500399e-7
105,92,5.9459452e-8,-3.995652e-8,7.163763e-8
105,93,-1.02335285e-7,1.7763398e-8,1.0386553e-7
105,94,4.0411052e-8,-3.2870783e-8,5.2091664e-8
105,95,8.003264e-8,5.7662753e-8,9.864186e-8
105,96,-1.4183193e-8,7.091831e-8,7.232268e-8
105,97,-5.7653878e-8,5.809207e-8,8.184533e-8
105,98,-5.5849426e-8,-4.3802945e-8,7.097786e-8
105,99,5.430168e-8,4.059939e-8,6.7801054e-8
105,100,1.10039544e-7,7.1127566e-8,1.3102607e-7
105,101,1.6812756e-8,2.0430376e-8,2.6458817e-8
105,102,3.5601865e-8,4.13385e-8,5.4556065e-8
105,103,-1.1684012e-8,6.666047e-8,6.767669e-8
105,104,-1.34677665e-8,-7.384198e-8,7.50601e-8
105,105,-7.066219e-8,1.7514818e-8,7.28005e-8
105,106,5.4408975e-8,6.0280684e-8,8.120405e-8
105,107,1.3338876e-8,-1.818833e-8,2.2555287e-8
105,108,-6.699186e-8,-6.093652e-8,9.0560306e-8
105,109,3.0068115e-8,1.7463092e-8,3.4771414e-8
105,110,3.412893e-8,-9.248022e-9,3.535972e-8
105,111,3.0724145e-8,1.0445963e-8,3.2451368e-8
105,112,1.045539e-8,-3.2161857e-8,3.3818637e-8
105,113,1.2743283e-8,3.7863845e-8,3.9950745e-8
105,114,3.6111008e-8,2.9156901e-8,4.64126e-8
105,115,-5.4385485e-8,1.2952366e-8,5.5906572e-8
105,116,-1.8582867e-8,7.455474e-8,7.683575e-8
105,117,1.2487638e-8,1.2569127e-8,1.7717902e-8
105,118,2.1034523e-8,-3.8206846e-8,4.361438e-8
105,119,4.0889695e-8,-1.0388613e-8,4.218875e-8
105,120,-1.0086386e-8,2.5815773e-8,2.7716228e-8
105,121,-3.273583e-8,2.714931e-8,4.2529045e-8
105,122,-8.843374e-9,-4.5155257e-9,9.929513e-9
105,123,4.4556344e-8,3.2196134e-8,5.4971437e-8
105,124,2.0776834e-8,-8.164679e-9,2.2323505e-8
105,125,-4.031106e-9,-6.672336e-9,7.795504e-9
105,126,3.8318824e-9,-2.8903068e-8,2.9155972e-8
105,127,8.562182e-9,-1.27205775e-8,1.5333756e-8
105,128,2.2159925e-8,2.986208e-8,3.71861e-8
106,1,-9.664236e-8,-5.1607383e-8,1.0955851e-7
106,2,-5.7666394e-8,2.1305972e-8,6.147648e-8
106,3,4.3188983e-8,1.9517318e-8,4.7394238e-8
106,4,1.3717434e-7,-3.606804e-8,1.4183689e-7
106,5,3.104152e-8,-8.7797885e-9,3.2259273e-8
106,6,1.0177586e-8,-8.2505366e-8,8.313073e-8
106,7,-7.859613e-8,1.3315346e-8,7.971606e-8
106,8,2.1605922e-8,6.1761995e-8,6.5432104e-8
106,9,1.4051663e-7,-6.662855e-8,1.5551298e-7
106,10,-2.7528072e-8,-1.842934e-8,3.3127563e-8
106,11,3.9335838e-8,-3.2638738e-8,5.1113553e-8
106,12,3.0760287e-8,3.5083558e-9,3.095971e-8
106,13,4.747224e-8,-5.804235e-8,7.498352e-8
106,14,3.3169417e-8,-9.2862046e-10,3.3182413e-8
106,15,-4.0777813e-8,4.0766775e-8,5.766073e-8
106,16,-7.4270585e-9,1.0866629e-8,1.316225e-8
106,17,-5.05835e-8,6.263074e-8,8.0506524e-8
106,18,-1.8495147e-8,-1.18363225e-7,1.1979951e-7
106,19,-2.1391786e-8,-6.502582e-8,6.845412e-8
106,20,1.4904483e-8,-5.482153e-8,5.6811476e-8
106,21,1.1137682e-8,1.1666319e-8,1.6129196e-8
106,22,-7.7302026e-8,4.386096e-8,8.8878494e-8
106,23,-7.3214785e-8,-4.4331408e-8,8.559018e-8
106,24,8.239498e-9,-1.4599887e-8,1.6764426e-8
106,25,-9.220275e-9,6.131544e-9,1.1072909e-8
106,26,2.9027804e-8,-1.8799133e-8,3.4583532e-8
106,27,-4.2238344e-8,-1.3795932e-8,4.4434284e-8
106,28,8.9119706e-10,-1.4178335e-9,1.6746594e-9
106,29,3.8130178e-8,3.3849943e-8,5.0987538e-8
106,30,6.532097e-8,-1.8193326e-8,6.780727e-8
106,31,-1.0847523e-7,-8.48056e-9,1.08806226e-7
106,32,1.5661041e-7,-4.5866678e-8,1.6318876e-7
106,33,-1.3084651e-12,-3.9531248e-8,3.9531248e-8
106,34,3.4551714e-8,-4.3055383e-8,5.5204953e-8
106,35,1.667098e-8,-3.4315857e-8,3.815101e-8
106,36,-2.0073479e-8,-7.251099e-8,7.523821e-8
106,37,-6.8598624e-8,1.8859374e-10,6.859888e-8
106,38,-1.5074708e-8,8.9454176e-8,9.071547e-8
106,39,5.5173054e-8,-1.1640487e-8,5.638765e-8
106,40,2.8323011e-8,-3.681992e-8,4.6453195e-8
106,41,7.312813e-8,-3.8711878e-8,8.274257e-8
106,42,9.426204e-9,-1.3815831e-8,1.6725146e-8
106,43,2.451206e-8,5.53071e-8,6.0495594e-8
106,44,1.0900512e-8,4.3939696e-8,4.52716e-8
106,45,1.0203924e-7,4.439214e-8,1.1127744e-7
106,46,1.0167583e-7,-8.175118e-8,1.3046544e-7
106,47,-1.4955198e-8,-3.8822154e-8,4.1603098e-8
106,48,-5.8158665e-8,-5.3676963e-8,7.9143206e-8
106,49,-1.029495e-8,-6.438936e-8,6.5207175e-8
106,50,5.7142977e-8,4.4031263e-9,5.7312366e-8
106,51,1.82355e-7,2.8973721e-8,1.8464242e-7
106,52,1.15154435e-7,-1.0021094e-8,1.1558964e-7
106,53,-8.966764e-8,5.27906e-8,1.04053505e-7
106,54,-3.944541e-8,4.0830407e-8,5.6772024e-8
106,55,-8.8293966e-8,-8.294512e-8,1.2114337e-7
106,56,-3.690248e-8,-1.7236937e-7,1.7627534e-7
106,57,4.7288452e-8,-1.1048793e-7,1.2018228e-7
106,58,-4.301143e-8,-5.3682122e-8,6.878774e-8
106,59,-1.8676955e-8,-6.346167e-8,6.615294e-8
106,60,-3.43861e-8,4.3696122e-8,5.5603554e-8
106,61,-1.1498972e-7,1.9972315e-7,2.3046034e-7
106,62,4.7441556e-8,1.3513707e-7,1.4322265e-7
106,63,-5.6904973e-8,1.88903e-7,1.9728792e-7
106,64,-1.5928477e-7,6.4094586e-8,1.7169668e-7
106,65,8.3415586e-8,1.4569062e-7,1.6788066e-7
106,66,2.1348961e-7,7.977864e-8,2.2790886e-7
106,67,6.504128e-8,-4.362893e-8,7.8318905e-8
106,68,7.042387e-8,2.0886114e-8,7.345578e-8
106,69,1.8128941e-7,-8.006615e-9,1.8146613e-7
106,70,2.0664461e-7,-9.4732854e-8,2.2732424e-7
106,71,1.6027998e-7,-1.3605356e-7,2.1023854e-7
106,72,8.3957076e-8,-1.651206e-7,1.8523932e-7
106,73,6.344134e-8,2.9129161e-8,6.980911e-8
106,74,9.329421e-8,-9.749966e-8,1.3494441e-7
106,75,-5.5981943e-8,-4.819102e-8,7.386713e-8
106,76,-6.434311e-8,1.60376e-8,6.631169e-8
106,77,-1.6597286e-7,1.6046857e-7,2.3086176e-7
106,78,-1.6948384e-7,1.6835321e-7,2.3888822e-7
106,79,-1.7176836e-7,-3.4496292e-8,1.7519807e-7
106,80,-5.5749577e-8,6.302506e-8,8.414377e-8
106,81,-3.8739042e-8,5.626394e-8,6.831065e-8
106,82,9.439912e-8,-3.8480795e-8,1.0194099e-7
106,83,1.841531e-7,-8.033429e-8,2.0091282e-7
106,84,2.1156202e-7,-5.2316893e-9,2.116267e-7
106,85,1.7270155e-8,-1.054935e-7,1.0689779e-7
106,86,-9.673618e-8,7.775166e-8,1.2410966e-7
106,87,1.1952413e-8,5.664688e-8,5.789412e-8
106,88,1.6442536e-9,6.445295e-8,6.4473916e-8
106,89,9.49421e-8,-8.0352834e-8,1.2438079e-7
106,90,7.955143e-8,-4.18642e-9,7.9661504e-8
106,91,-3.925474e-8,1.2845661e-8,4.1303096e-8
106,92,3.8016527e-8,4.3604793e-8,5.78501e-8
106,93,1.3338732e-7,-5.0827282e-8,1.4274309e-7
106,94,-7.533205e-8,1.1195137e-7,1.3493712e-7
106,95,-9.3011856e-8,-4.7514096e-8,1.0444518e-7
106,96,7.534259e-8,3.1940953e-8,8.1833555e-8
106,97,7.800296e-9,-3.222653e-8,3.315711e-8
106,98,9.0804825e-8,3.9383846e-8,9.897779e-8
106,99,-2.2790747e-8,-8.697261e-8,8.990914e-8
106,100,-2.1745718e-8,-1.3071272e-8,2.5371921e-8
106,101,1.3604208e-8,-6.099837e-8,6.2497e-8
106,102,-6.012687e-8,-1.29064075e-8,6.149647e-8
106,103,2.3712309e-8,2.1557879e-8,3.2047087e-8
106,104,3.3651801e-9,4.8932154e-8,4.9047735e-8
106,105,1.8070482e-8,-2.4497352e-8,3.0441132e-8
106,106,3.9559435e-8,1.6613644e-9,3.9594305e-8
106,107,5.172581e-8,1.1711986e-8,5.3035176e-8
106,108,6.602997e-8,4.102688e-8,7.773777e-8
106,109,-7.3180473e-10,2.1170528e-8,2.1183173e-8
106,110,4.781244e-8,2.8864292e-8,5.584959e-8
106,111,2.210285e-8,-1.2425171e-8,2.5355883e-8
106,112,-3.8575454e-8,3.5423184e-8,5.2372393e-8
106,113,2.1580194e-8,-3.7201826e-8,4.3007912e-8
106,114,6.179488e-8,2.7122217e-8,6.7484976e-8
106,115,-5.503713e-9,-1.6628181e-8,1.7515344e-8
106,116,3.2142037e-8,1.4351083e-8,3.5200344e-8
106,117,-4.691056e-8,-7.404087e-9,4.7491277e-8
106,118,-1.4787188e-9,2.0134589e-8,2.0188816e-8
106,119,2.5760146e-8,6.1081016e-9,2.6474403e-8
106,120,-3.0464775e-9,-7.912705e-8,7.9185675e-8
106,121,6.2004034e-8,-4.409434e-8,7.6084234e-8
106,122,-1.1833514e-8,-2.0515515e-8,2.3683716e-8
106,123,2.5219e-8,1.2385557e-8,2.8096263e-8
106,124,1.1673019e-8,7.991714e-8,8.076515e-8
106,125,-3.879525e-8,1.2793772e-8,4.085036e-8
106,126,-9.5722854e-8,3.940266e-8,1.0351538e-7
106,127,-9.06719e-8,-1.6240378e-8,9.211483e-8
106,128,2.7843775e-8,4.9697455e-8,5.696589e-8
107,1,1.5169062e-8,-1.3187577e-7,1.3274531e-7
107,2,3.478703e-8,-1.524027e-7,1.563225e-7
107,3,-1.904028e-7,-1.1943601e-7,2.2476252e-7
107,4,1.0050704e-8,3.3699912e-8,3.5166757e-8
107,5,-9.55607e-9,-6.612687e-8,6.681378e-8
107,6,-6.524439e-8,6.21183e-8,9.008615e-8
107,7,-5.7529395e-8,-1.637441e-8,5.981432e-8
107,8,6.019004e-8,4.0000952e-8,7.226975e-8
107,9,2.0154818e-9,5.4969668e-8,5.5006605e-8
107,10,3.583382e-8,4.7249433e-8,5.930069e-8
107,11,-1.8338545e-8,-1.644303e-9,1.8412114e-8
107,12,-5.3234317e-8,-3.22753e-8,6.2254216e-8
107,13,5.5035876e-8,-4.1056804e-8,6.8663006e-8
107,14,7.7324884e-8,2.999298e-9,7.738303e-8
107,15,6.636462e-8,8.65336e-8,1.09051946e-7
107,16,3.2483992e-8,-9.091234e-8,9.6541505e-8
107,17,3.628265e-8,-9.5671915e-9,3.7522817e-8
107,18,1.2870701e-8,1.8410544e-8,2.2463372e-8
107,19,1.8131676e-8,-1.1757758e-8,2.1610242e-8
107,20,-2.7338587e-8,-2.3674266e-8,3.6164476e-8
107,21,7.557485e-8,-4.6435986e-8,8.870095e-8
107,22,8.053613e-8,-6.634856e-8,1.0434654e-7
107,23,-7.4453325e-8,3.911159e-8,8.410122e-8
107,24,4.6169063e-8,-6.4971935e-8,7.97053e-8
107,25,-2.5444065e-8,-2.9070915e-8,3.863313e-8
107,26,-8.633183e-9,-1.9542568e-9,8.851608e-9
107,27,6.8207544e-11,-3.9771958e-8,3.9772015e-8
107,28,-3.0519225e-9,-5.262772e-8,5.2716135e-8
107,29,-1.6740098e-7,-4.7485518e-8,1.7400565e-7
107,30,-3.3800536e-8,5.5275336e-8,6.479073e-8
107,31,8.497848e-8,4.8690483e-9,8.511786e-8
107,32,-2.9068204e-8,-3.0416395e-8,4.2072767e-8
107,33,-3.742801e-8,-1.1035837e-9,3.7444277e-8
107,34,-2.7113531e-8,-1.2827517e-8,2.9994812e-8
107,35,1.2816813e-8,2.36465e-8,2.6896611e-8
107,36,7.974681e-9,1.1515401e-9,8.057393e-9
107,37,4.8557997e-8,1.9846448e-8,5.2457224e-8
107,38,-1.3632773e-9,-6.02603e-8,6.027572e-8
107,39,-3.3857336e-8,3.0406515e-8,4.5506873e-8
107,40,-3.6013407e-8,-2.5730849e-8,4.4261068e-8
107,41,-6.482704e-9,-1.0558974e-8,1.2390213e-8
107,42,2.9657157e-8,1.3411824e-9,2.9687467e-8
107,43,5.597383e-8,-6.983181e-8,8.94961e-8
107,44,1.181199e-8,-9.511151e-8,9.5842175e-8
107,45,-6.815155e-8,-1.9467688e-8,7.087753e-8
107,46,-3.374438e-8,-2.6039052e-8,4.2622947e-8
107,47,-1.04211795e-8,1.0808169e-8,1.501391e-8
107,48,7.347714e-8,3.321497e-8,8.063575e-8
107,49,3.0815664e-10,8.929576e-9,8.934892e-9
107,50,-1.6030352e-8,-6.587745e-8,6.779978e-8
107,51,-1.4562652e-7,-2.8238556e-8,1.4833913e-7
107,52,-1.1526003e-7,-1.45621595e-8,1.16176295e-7
107,53,4.9868863e-8,-6.3855836e-8,8.1021426e-8
107,54,-2.5434836e-8,-2.4132236e-8,3.5061312e-8
107,55,6.3353255e-8,5.5519582e-8,8.423811e-8
107,56,9.850607e-9,8.0577045e-8,8.1176935e-8
107,57,-2.065428e-8,9.638876e-8,9.8576834e-8
107,58,-5.423064e-8,5.3345886e-8,7.607066e-8
107,59,-3.7441996e-9,-1.7578468e-8,1.7972802e-8
107,60,1.2769588e-7,-4.7790472e-8,1.3634576e-7
107,61,6.1562005e-8,-1.0198971e-7,1.1912927e-7
107,62,3.2308314e-8,-1.05276385e-7,1.1012241e-7
107,63,5.9247764e-8,-1.07577286e-7,1.2281356e-7
107,64,9.7963266e-8,-1.1854562e-7,1.5378512e-7
107,65,-8.522908e-8,-4.3138023e-8,9.5524264e-8
107,66,-1.8596698e-7,-4.745824e-10,1.859676e-7
107,67,4.7342155e-8,1.1873664e-7,1.2782671e-7
107,68,-1.5543245e-7,-6.873494e-8,1.6995216e-7
107,69,-9.384441e-8,1.954257e-7,2.1679017e-7
107,70,-2.200411e-8,5.554456e-8,5.974428e-8
107,71,-6.179078e-8,1.13685644e-7,1.2939292e-7
107,72,-1.3706328e-7,1.01814116e-7,1.707409e-7
107,73,-9.195495e-8,3.44408e-8,9.8193084e-8
107,74,-1.6973839e-7,5.0527365e-8,1.7709922e-7
107,75,9.828967e-10,1.2915189e-7,1.2915562e-7
107,76,2.1287194e-7,-1.0417651e-9,2.1287448e-7
107,77,2.0441301e-7,1.1766199e-8,2.0475137e-7
107,78,5.2463694e-8,-1.3050347e-7,1.4065417e-7
107,79,1.0491323e-7,2.5471627e-8,1.0796105e-7
107,80,1.1869931e-7,-1.8709704e-8,1.201648e-7
107,81,1.9117883e-9,-7.857756e-8,7.860081e-8
107,82,-6.786296e-8,1.951854e-8,7.061413e-8
107,83,-1.8474483e-7,1.3799564e-7,2.305937e-7
107,84,-9.539053e-8,6.021779e-8,1.1280752e-7
107,85,2.4804994e-8,2.969889e-8,3.8695113e-8
107,86,1.03844705e-7,-7.3433246e-9,1.0410402e-7
107,87,4.973373e-8,-9.1860684e-8,1.044597e-7
107,88,1.0227544e-7,3.6870738e-8,1.08718524e-7
107,89,-4.8226187e-8,3.0072197e-8,5.6833986e-8
107,90,-4.1485013e-8,2.4842041e-8,4.835425e-8
107,91,1.2282312e-7,-6.035109e-8,1.3684945e-7
107,92,-6.2512364e-9,-1.05254436e-7,1.0543991e-7
107,93,-5.406318e-8,9.991258e-9,5.4978656e-8
107,94,-4.733663e-8,-4.1000416e-9,4.751386e-8
107,95,4.384424e-8,8.062091e-8,9.177172e-8
107,96,9.235124e-9,-8.249542e-9,1.2383152e-8
107,97,-2.4008333e-8,-6.869417e-8,7.2768735e-8
107,98,-1.0794771e-7,-1.05007466e-7,1.505964e-7
107,99,3.970637e-8,-1.5610576e-8,4.266481e-8
107,100,1.0105745e-7,-4.4559428e-8,1.1044524e-7
107,101,9.704523e-9,-1.4964894e-9,9.819229e-9
107,102,3.483091e-8,4.9963134e-8,6.090573e-8
107,103,-2.2483688e-8,4.6155375e-8,5.1340383e-8
107,104,-4.6526485e-9,-7.511217e-8,7.525613e-8
107,105,1.3039727e-8,8.535804e-8,8.63483e-8
107,106,2.8151767e-8,-7.721196e-9,2.9191417e-8
107,107,4.3706194e-8,1.8516367e-8,4.7466695e-8
107,108,1.9254806e-8,-6.539425e-8,6.8170046e-8
107,109,-2.246525e-8,-2.974713e-8,3.7277058e-8
107,110,4.060053e-8,6.018485e-8,7.259903e-8
107,111,3.3496068e-8,-2.4993366e-8,4.1793e-8
107,112,4.894153e-9,-4.52718e-8,4.5535575e-8
107,113,5.0928093e-9,4.048105e-8,4.080015e-8
107,114,4.0003407e-8,-1.4804176e-8,4.265485e-8
107,115,-3.1815601e-9,9.167519e-9,9.703903e-9
107,116,-1.2628701e-8,1.31846445e-8,1.8257024e-8
107,117,4.2930286e-9,3.511761e-8,3.5379042e-8
107,118,8.762467e-8,-2.2381148e-8,9.0437815e-8
107,119,3.7235253e-8,2.6592756e-8,4.57563e-8
107,120,3.446738e-10,-5.998276e-8,5.998375e-8
107,121,-2.8319814e-8,6.844398e-8,7.407152e-8
107,122,6.0319727e-9,-5.7003426e-8,5.732168e-8
107,123,3.4620587e-8,-3.223816e-8,4.730628e-8
107,124,5.2779555e-8,4.2408054e-8,6.770616e-8
107,125,-3.4191123e-9,-1.2066205e-8,1.2541277e-8
107,126,-3.0730693e-8,-2.855769e-8,4.1951367e-8
107,127,-1.5729182e-8,-3.5343004e-9,1.6121366e-8
107,128,-4.014827e-8,-1.945601e-8,4.4614122e-8
108,1,-1.0081449e-7,7.6693965e-8,1.2667094e-7
108,2,2.3707766e-8,4.2712145e-8,4.8850644e-8
108,3,7.930317e-8,5.943482e-9,7.952558e-8
108,4,2.502064e-9,-1.7004096e-8,1.7187192e-8
108,5,4.750262e-8,-6.410723e-8,7.97887e-8
108,6,-1.2172617e-7,-8.496829e-8,1.4844821e-7
108,7,9.435621e-8,-7.062886e-8,1.17862335e-7
108,8,-9.118488e-8,-3.5601005e-8,9.7888275e-8
108,9,3.832613e-8,-7.173729e-8,8.1333454e-8
108,10,-1.0510637e-7,-3.842316e-8,1.1190929e-7
108,11,-5.12191e-10,1.2890895e-8,1.2901066e-8
108,12,5.4910167e-8,2.1043347e-8,5.880433e-8
108,13,4.2571433e-8,3.875938e-8,5.7572706e-8
108,14,-3.667374e-8,-1.1774681e-8,3.851761e-8
108,15,-3.8540215e-8,2.4845463e-8,4.585461e-8
108,16,-7.557082e-9,1.0401195e-7,1.0428612e-7
108,17,-2.5813787e-8,5.2667477e-8,5.8653345e-8
108,18,1.914802e-8,-5.6610897e-8,5.976153e-8
108,19,8.3703915e-9,-1.0252205e-8,1.32352245e-8
108,20,9.779376e-9,-5.5686552e-8,5.653873e-8
108,21,-1.265549e-8,-2.5380903e-8,2.8361095e-8
108,22,-5.644505e-8,-3.3960596e-8,6.587386e-8
108,23,-6.6477734e-10,-5.0001084e-8,5.0005504e-8
108,24,-2.2114836e-8,7.33823e-8,7.664221e-8
108,25,4.069954e-8,2.5165043e-8,4.7851145e-8
108,26,3.63768e-8,-3.0965147e-8,4.7771454e-8
108,27,-2.6868218e-8,8.8998085e-8,9.296537e-8
108,28,1.2685145e-8,4.6694037e-8,4.8386426e-8
108,29,1.1576837e-7,-4.0147e-8,1.2253203e-7
108,30,2.3086464e-8,-2.8474343e-9,2.32614e-8
108,31,-1.2370854e-8,4.530713e-8,4.6965667e-8
108,32,6.2226796e-8,-8.3325675e-9,6.2782206e-8
108,33,-3.8097547e-9,-7.129866e-8,7.140037e-8
108,34,2.2352046e-8,2.0616353e-8,3.0408025e-8
108,35,2.241009e-9,-7.6085955e-9,7.931762e-9
108,36,1.0931021e-8,-1.03000765e-7,1.03579175e-7
108,37,-6.6598226e-8,1.6881104e-9,6.661962e-8
108,38,4.6389744e-8,3.1881807e-8,5.6289057e-8
108,39,-3.4172887e-9,-1.6776164e-8,1.7120676e-8
108,40,4.8528513e-8,1.7052844e-8,5.1437496e-8
108,41,1.04564855e-7,-1.7871185e-8,1.06081046e-7
108,42,9.115434e-9,1.6956276e-8,1.9251141e-8
108,43,-3.7984996e-8,9.294482e-8,1.0040717e-7
108,44,-6.666485e-8,5.197826e-8,8.4533674e-8
108,45,6.4507894e-8,-1.058429e-8,6.537045e-8
108,46,4.834355e-8,4.2639385e-8,6.446096e-8
108,47,-1.0084811e-8,-1.7231816e-8,1.9965944e-8
108,48,-5.096045e-8,-9.212268e-8,1.0527847e-7
108,49,-3.617059e-8,-3.988747e-8,5.384535e-8
108,50,2.5584699e-8,-2.6820299e-8,3.706623e-8
108,51,7.616551e-8,3.914056e-8,8.563392e-8
108,52,8.4130036e-8,3.8850114e-8,9.2667115e-8
108,53,-2.4642583e-8,1.2196007e-7,1.2442474e-7
108,54,-1.5002135e-8,1.4064662e-8,2.0564016e-8
108,55,-4.2209717e-8,-1.3464751e-7,1.4110852e-7
108,56,4.8117035e-9,-7.628767e-8,7.6439264e-8
108,57,-2.0597997e-10,-6.886816e-8,6.886847e-8
108,58,3.7012896e-8,-7.269512e-8,8.157534e-8
108,59,-6.707759e-8,-8.346796e-8,1.0708083e-7
108,60,-8.078817e-8,-1.04164615e-8,8.1456925e-8
108,61,-1.0248379e-7,1.08101474e-7,1.4895924e-7
108,62,-2.3476149e-8,1.10490895e-7,1.1295737e-7
108,63,2.6468268e-8,1.4490612e-7,1.4730361e-7
108,64,-9.769571e-8,3.56197e-8,1.0398661e-7
108,65,6.880829e-8,9.29298e-8,1.15631e-7
108,66,7.694749e-9,5.59213e-8,5.6448215e-8
108,67,2.858837e-8,-3.256388e-9,2.8773234e-8
108,68,1.2553609e-7,-1.301523e-8,1.2620897e-7
108,69,1.2435089e-7,3.3412746e-8,1.2876163e-7
108,70,2.2072476e-7,-9.321153e-8,2.3959927e-7
108,71,3.3672677e-8,4.0612816e-10,3.3675125e-8
108,72,1.8081225e-7,-9.155676e-8,2.0267143e-7
108,73,8.507995e-8,-4.0089805e-8,9.405206e-8
108,74,1.0670454e-7,-9.7458e-8,1.445127e-7
108,75,-3.524054e-8,-7.316667e-8,8.1211184e-8
108,76,-1.0131546e-7,-2.1931996e-8,1.0366212e-7
108,77,-2.286436e-7,2.8058269e-8,2.3035876e-7
108,78,-6.6036996e-8,1.0119918e-7,1.2083939e-7
108,79,-1.2203357e-7,-7.6311385e-10,1.2203596e-7
108,80,-1.6224082e-7,-1.643684e-8,1.6307132e-7
108,81,-8.9454076e-8,8.10648e-8,1.2072088e-7
108,82,7.310371e-8,-3.3606693e-8,8.0458456e-8
108,83,9.1214226e-8,-2.2298751e-8,9.390032e-8
108,84,1.4688142e-7,-5.32596e-8,1.5623935e-7
108,85,-1.4420351e-8,-4.4306432e-8,4.659406e-8
108,86,-2.1934369e-8,8.0262815e-8,8.320598e-8
108,87,7.1035416e-8,2.4918489e-8,7.5279225e-8
108,88,-6.442408e-8,-5.3688e-8,8.386217e-8
108,89,7.839578e-8,1.7671391e-8,8.036278e-8
108,90,8.7907054e-8,1.38472736e-8,8.8990994e-8
108,91,-4.362939e-8,-1.2054389e-8,4.5264027e-8
108,92,-2.9098326e-8,4.4406594e-8,5.3091036e-8
108,93,5.448333e-8,-1.0944671e-8,5.5571746e-8
108,94,2.1454731e-9,2.1795131e-8,2.1900474e-8
108,95,-4.1057646e-8,-1.4919227e-8,4.368425e-8
108,96,-6.7180888e-9,1.8285071e-8,1.9480158e-8
108,97,3.3620992e-8,3.6792592e-8,4.9840406e-8
108,98,-5.0083617e-9,2.4048118e-8,2.4564114e-8
108,99,6.039963e-9,-1.7962881e-8,1.8951154e-8
108,100,3.0309728e-8,8.158121e-9,3.1388446e-8
108,101,-2.970204e-8,-9.509245e-8,9.962322e-8
108,102,5.1962537e-8,-4.8917825e-9,5.2192288e-8
108,103,6.8580256e-8,-8.1788825e-9,6.906624e-8
108,104,-8.473947e-9,2.4481858e-8,2.5906933e-8
108,105,7.122422e-9,-2.75195e-8,2.8426252e-8
108,106,4.714976e-8,3.4058786e-8,5.816443e-8
108,107,2.879963e-8,-1.3295772e-9,2.8830303e-8
108,108,-3.3485193e-8,-1.9396879e-8,3.8697507e-8
108,109,6.306764e-9,3.816058e-10,6.3182983e-9
108,110,1.2581106e-9,-1.7333605e-8,1.7379204e-8
108,111,-3.7015106e-8,1.1110122e-8,3.864651e-8
108,112,-2.7301967e-8,2.9900672e-8,4.0490093e-8
108,113,3.929e-9,-4.9424592e-8,4.9580514e-8
108,114,-6.481334e-9,-2.93898e-8,3.0095983e-8
108,115,-1.0958854e-8,2.3539883e-8,2.5965797e-8
108,116,-4.5052873e-9,-1.2698326e-8,1.3473867e-8
108,117,-9.863444e-8,-1.3803461e-9,9.8644094e-8
108,118,2.4231936e-9,-2.225513e-8,2.2386661e-8
108,119,3.8674255e-8,-5.519574e-8,6.739635e-8
108,120,-3.6991295e-8,-5.1513367e-9,3.7348254e-8
108,121,4.9834057e-8,2.2477868e-8,5.466889e-8
108,122,-6.217847e-9,-3.9469732e-8,3.9956493e-8
108,123,1.4252043e-8,-6.5985965e-8,6.750754e-8
108,124,3.3717235e-8,-1.7671555e-8,3.8067515e-8
108,125,-2.0621572e-8,-6.72748e-9,2.1691202e-8
108,126,3.70787e-8,1.7067984e-8,4.0818453e-8
108,127,-5.1694023e-8,1.609189e-8,5.4140752e-8
108,128,1.1212616e-7,1.275909e-8,1.1284977e-7
109,1,-2.3205363e-8,-5.4984827e-8,5.9680985e-8
109,2,8.254984e-8,-7.697307e-8,1.1286864e-7
109,3,-8.505153e-8,2.1040558e-8,8.7615454e-8
109,4,-2.7082049e-8,5.6892095e-8,6.300911e-8
109,5,6.2837024e-8,2.2483063e-8,6.6738146e-8
109,6,-1.0715843e-7,1.0632146e-8,1.0768459e-7
109,7,1.0677767e-7,-4.3213543e-8,1.1519063e-7
109,8,-1.6775758e-8,3.3081484e-8,3.7091922e-8
109,9,-9.982962e-8,-1.5199795e-8,1.0098013e-7
109,10,-3.6330963e-8,7.2924635e-8,8.147356e-8
109,11,-5.2056702e-8,2.2859336e-8,5.6854635e-8
109,12,-4.914501e-8,1.4097484e-8,5.112701e-8
109,13,4.4973095e-8,-3.974271e-8,6.0017186e-8
109,14,1.7025991e-8,-9.7075734e-8,9.855751e-8
109,15,4.487329e-8,2.974416e-9,4.497176e-8
109,16,3.5012686e-8,-4.6280713e-9,3.5317235e-8
109,17,-1.28144215e-8,-2.922682e-8,3.1912638e-8
109,18,-1.855348e-8,7.145343e-8,7.3822925e-8
109,19,3.2221077e-8,-1.2257919e-8,3.4473967e-8
109,20,-2.1155714e-8,1.2718169e-8,2.4684327e-8
109,21,5.97987e-8,8.320819e-9,6.037484e-8
109,22,4.7295405e-8,-4.647097e-8,6.6305404e-8
109,23,-2.1422993e-10,7.687092e-8,7.687122e-8
109,24,-2.3010623e-8,-1.730837e-8,2.8793549e-8
109,25,5.1840505e-8,-2.2116689e-8,5.636121e-8
109,26,2.242311e-8,-8.47706e-8,8.768609e-8
109,27,1.217073e-8,-1.9384506e-8,2.2888551e-8
109,28,-3.3868215e-8,-3.9575657e-8,5.2089238e-8
109,29,-3.8978452e-8,8.611335e-8,9.4524225e-8
109,30,-2.9821077e-8,8.8677886e-8,9.355781e-8
109,31,3.160427e-8,-5.704449e-10,3.1609417e-8
109,32,1.4351532e-8,-1.14690275e-8,1.8371312e-8
109,33,-1.3857437e-9,6.900449e-8,6.9018405e-8
109,34,-7.281056e-9,1.3959365e-8,1.5744131e-8
109,35,-3.9697163e-8,3.0352243e-8,4.9971227e-8
109,36,5.6455884e-9,4.4396195e-8,4.4753712e-8
109,37,3.5309363e-8,3.531358e-8,4.9937963e-8
109,38,-3.5150023e-8,-3.0012206e-8,4.6219657e-8
109,39,-2.8905939e-8,2.3481626e-9,2.9001159e-8
109,40,-3.1960425e-8,-1.1542366e-9,3.1981262e-8
109,41,3.3950753e-9,6.6615165e-8,6.6701624e-8
109,42,-6.151615e-9,5.4456027e-8,5.4802385e-8
109,43,-8.174812e-9,-1.0304717e-7,1.0337092e-7
109,44,1.587993e-8,-3.5255844e-8,3.8667128e-8
109,45,-9.044865e-8,5.7828082e-8,1.07354765e-7
109,46,-4.7003603e-8,-9.442181e-9,4.7942606e-8
109,47,2.0452998e-8,4.4229232e-8,4.8729355e-8
109,48,6.0970486e-8,4.311559e-8,7.467499e-8
109,49,-3.021732e-8,4.3380624e-8,5.2867428e-8
109,50,-4.6479208e-8,-3.367728e-8,5.7397525e-8
109,51,-2.9997985e-8,-1.0285109e-7,1.0713648e-7
109,52,-1.5227344e-7,1.3363989e-8,1.5285875e-7
109,53,4.3487784e-8,-3.037459e-10,4.3488846e-8
109,54,1.2136542e-7,4.2511815e-8,1.2859556e-7
109,55,9.0800185e-9,1.1403754e-8,1.4577117e-8
109,56,4.6569557e-8,1.05670374e-7,1.1547706e-7
109,57,-6.346628e-8,7.787871e-8,1.00464234e-7
109,58,-2.465316e-8,1.3731776e-7,1.3951325e-7
109,59,-5.2936007e-9,-2.3006589e-8,2.3607738e-8
109,60,-2.853812e-8,-1.8879547e-8,3.4217855e-8
109,61,-3.700585e-9,-7.484591e-8,7.493733e-8
109,62,2.782976e-9,-8.371786e-8,8.37641e-8
109,63,6.2271226e-8,-1.7907753e-7,1.8959554e-7
109,64,2.5762471e-8,-8.810387e-8,9.1793225e-8
109,65,4.8763663e-8,-2.761625e-8,5.604063e-8
109,66,-1.5911708e-7,-3.2120944e-8,1.6232683e-7
109,67,3.1891748e-8,-7.15493e-9,3.26845e-8
109,68,-5.2842157e-8,-5.2262862e-8,7.43216e-8
109,69,-1.4942842e-7,2.6818247e-8,1.5181591e-7
109,70,2.6503608e-8,5.1281933e-8,5.7725885e-8
109,71,-1.1756149e-7,1.2815308e-7,1.7390778e-7
109,72,-7.0362546e-8,6.610273e-8,9.654252e-8
109,73,6.90139e-8,-3.7430627e-9,6.911533e-8
109,74,-1.099512e-7,-4.7333728e-8,1.1970693e-7
109,75,2.4029596e-8,7.603964e-8,7.974615e-8
109,76,6.0495935e-8,3.2208984e-8,6.8535954e-8
109,77,1.8695955e-7,2.3534582e-8,1.8843501e-7
109,78,1.512984e-7,-6.804518e-8,1.658956e-7
109,79,3.9991676e-8,6.857084e-8,7.938069e-8
109,80,5.965459e-8,5.5557464e-8,8.151872e-8
109,81,8.592052e-8,-3.574121e-8,9.3057885e-8
109,82,-6.3727825e-8,-1.7952912e-8,6.620833e-8
109,83,-9.122286e-8,1.3350999e-7,1.6169888e-7
109,84,-1.1728042e-7,8.34559e-8,1.43943e-7
109,85,-1.6017051e-9,1.3479558e-7,1.348051e-7
109,86,5.5026636e-8,-6.007505e-8,8.1467434e-8
109,87,-1.7560097e-8,-4.0749136e-8,4.4371713e-8
109,88,3.2846653e-8,-5.432322e-10,3.2851144e-8
109,89,-1.1713881e-7,1.04819726e-7,1.5718993e-7
109,90,2.3434303e-8,-1.9503977e-8,3.0488877e-8
109,91,5.498355e-8,3.1745393e-9,5.5075116e-8
109,92,7.0769424e-8,-8.716285e-8,1.12274996e-7
109,93,-1.7887656e-7,6.738273e-8,1.9114721e-7
109,94,-5.392043e-8,2.7944174e-9,5.3992792e-8
109,95,1.2045201e-7,-1.5758243e-8,1.2147844e-7
109,96,4.1895742e-8,5.0729845e-8,6.5793394e-8
109,97,-2.602398e-8,-6.758759e-8,7.2424655e-8
109,98,-4.597083e-8,-9.716944e-8,1.074952e-7
109,99,4.936631e-9,8.9543795e-9,1.022503e-8
109,100,5.4362033e-8,-5.2437425e-8,7.5530885e-8
109,101,-1.2594788e-8,3.758331e-9,1.3143582e-8
109,102,2.0893895e-8,-3.4554592e-8,4.0380375e-8
109,103,-6.1949265e-8,4.1213917e-9,6.208621e-8
109,104,5.6756814e-8,-1.8401687e-8,5.966538e-8
109,105,-4.403242e-8,1.9280074e-8,4.8068443e-8
109,106,-2.2025135e-8,-8.097866e-9,2.3466615e-8
109,107,1.3293343e-8,-4.0766448e-8,4.287909e-8
109,108,-1.4824119e-8,-1.6003858e-8,2.1814627e-8
109,109,-3.2239438e-8,-3.741207e-9,3.2455784e-8
109,110,2.451915e-8,-9.761858e-10,2.4538574e-8
109,111,-4.577379e-9,3.238858e-8,3.2710435e-8
109,112,6.13875e-8,-9.664243e-9,6.214357e-8
109,113,-1.895841e-8,-3.1605247e-9,1.9220048e-8
109,114,1.8144519e-8,-1.7940636e-8,2.5516465e-8
109,115,3.0482262e-8,4.4633627e-8,5.404932e-8
109,116,-4.4791367e-8,-4.0805894e-8,6.059197e-8
109,117,-1.3337592e-8,3.0129442e-8,3.294958e-8
109,118,-2.8656233e-9,6.3862785e-8,6.392705e-8
109,119,5.534262e-8,4.3840354e-9,5.5515994e-8
109,120,1.347302e-8,3.6342964e-8,3.8759946e-8
109,121,-2.3811895e-8,-2.436431e-8,3.406796e-8
109,122,-2.2972152e-8,5.394885e-8,5.863615e-8
109,123,-8.240957e-9,-1.2259466e-8,1.4771861e-8
109,124,-8.307325e-9,-1.1466199e-7,1.14962525e-7
109,125,5.413126e-8,-6.084177e-8,8.143657e-8
109,126,5.8997127e-8,-7.754391e-10,5.900222e-8
109,127,6.244494e-8,1.6152347e-8,6.450015e-8
109,128,7.2016717e-9,-2.615475e-8,2.7128122e-8
110,1,-1.04101574e-7,5.6961913e-8,1.1866675e-7
110,2,-3.54229e-8,1.4026583e-7,1.4466957e-7
110,3,7.353542e-8,-1.0571537e-7,1.2877577e-7
110,4,4.9068277e-8,4.909874e-8,6.941457e-8
110,5,-2.2687102e-8,-2.9196691e-8,3.697501e-8
110,6,-2.275689e-8,-3.374688e-8,4.0702922e-8
110,7,-2.0225097e-9,1.9365194e-8,1.9470523e-8
110,8,2.7125946e-8,-7.482729e-8,7.959234e-8
110,9,-1.6697335e-8,-3.945107e-8,4.2839094e-8
110,10,3.4335421e-9,-4.3197222e-8,4.3333465e-8
110,11,-4.444933e-8,2.8459667e-8,5.277969e-8
110,12,-3.64941e-8,9.637783e-9,3.774528e-8
110,13,-6.213387e-8,2.5120718e-8,6.701991e-8
110,14,-4.0836e-8,1.1686669e-7,1.237958e-7
110,15,-2.9685065e-8,6.778501e-8,7.400007e-8
110,16,-1.8597973e-8,-6.908719e-9,1.9839733e-8
110,17,-3.7497546e-8,1.8798229e-8,4.1945672e-8
110,18,5.1304196e-9,-7.491825e-8,7.509371e-8
110,19,-6.266698e-8,3.970255e-9,6.2792616e-8
110,20,1.1481694e-8,-5.7372844e-8,5.8510448e-8
110,21,7.101943e-9,-2.5071648e-8,2.605811e-8
110,22,9.241993e-9,5.192165e-8,5.2737768e-8
110,23,1.3284325e-7,-1.8976237e-8,1.3419175e-7
110,24,-1.4141342e-8,-2.3719117e-8,2.7614744e-8
110,25,1.4497111e-8,-3.271523e-8,3.5783412e-8
110,26,1.509455e-8,-2.4826123e-8,2.9054807e-8
110,27,-3.7017532e-8,1.6362772e-8,4.047268e-8
110,28,7.462907e-8,6.799597e-8,1.0096014e-7
110,29,1.1148451e-7,-1.5324348e-8,1.125328e-7
110,30,3.0103255e-8,-5.803284e-8,6.5375964e-8
110,31,-2.6330161e-8,4.915916e-8,5.576648e-8
110,32,3.0083108e-8,-2.0558879e-8,3.6437083e-8
110,33,-1.0797704e-8,-2.5828777e-8,2.799493e-8
110,34,2.8992487e-8,-1.3585423e-8,3.201762e-8
110,35,1.0111683e-7,5.2836405e-8,1.14089e-7
110,36,8.724019e-9,-5.157327e-8,5.2305932e-8
110,37,-3.7028624e-8,-3.0727012e-8,4.8117233e-8
110,38,3.89668e-8,4.1464563e-8,5.690098e-8
110,39,-7.521048e-9,1.759335e-9,7.724081e-9
110,40,-1.1974214e-8,-3.5528075e-8,3.7491677e-8
110,41,2.2373365e-8,-1.1715672e-8,2.5255186e-8
110,42,-8.085021e-9,2.5792794e-8,2.7030275e-8
110,43,5.9805494e-8,8.095616e-8,1.00650865e-7
110,44,-1.5491427e-8,1.3115924e-8,2.0298073e-8
110,45,3.8628773e-8,5.840597e-8,7.002456e-8
110,46,-2.1545885e-8,3.6472176e-8,4.2360888e-8
110,47,7.798003e-9,-2.3985569e-8,2.5221347e-8
110,48,-1.147408e-8,-6.3987624e-9,1.3137682e-8
110,49,1.3412998e-8,-3.2422108e-8,3.508706e-8
110,50,6.205251e-8,-5.00344e-9,6.22539e-8
110,51,6.97776e-8,-2.4131813e-8,7.383263e-8
110,52,7.6835924e-8,5.321283e-8,9.346317e-8
110,53,-8.4228e-8,7.210918e-8,1.10878716e-7
110,54,-1.6805279e-8,-1.08428104e-7,1.097227e-7
110,55,-2.9298906e-8,-7.3900324e-8,7.949644e-8
110,56,3.409186e-8,-7.370466e-8,8.120734e-8
110,57,3.856288e-8,-3.029209e-8,4.9037805e-8
110,58,4.360514e-9,-9.426644e-8,9.436724e-8
110,59,6.2744547e-9,2.7040288e-8,2.7758709e-8
110,60,-1.8286737e-8,5.380126e-8,5.6824117e-8
110,61,-5.055613e-8,1.0162724e-7,1.13507795e-7
110,62,-2.5905236e-9,3.720643e-9,4.5336517e-9
110,63,3.5591988e-8,2.0723759e-7,2.1027175e-7
110,64,-9.321929e-8,1.5672427e-7,1.8235222e-7
110,65,6.258848e-8,8.326969e-8,1.041689e-7
110,66,1.4977743e-7,-8.145045e-8,1.704918e-7
110,67,1.6157166e-8,8.206521e-8,8.364062e-8
110,68,8.507036e-9,-9.777693e-8,9.814631e-8
110,69,6.118955e-8,-1.2813844e-8,6.251685e-8
110,70,5.913443e-8,-3.0692565e-8,6.662518e-8
110,71,2.9437455e-8,-7.872015e-8,8.404419e-8
110,72,8.964852e-8,4.256332e-9,8.9749506e-8
110,73,6.807597e-8,-4.9167475e-8,8.397487e-8
110,74,1.0432394e-8,-1.0970505e-7,1.1019996e-7
110,75,-2.4443645e-8,-1.2659737e-7,1.2893558e-7
110,76,-3.00654e-8,-1.08594016e-7,1.1267914e-7
110,77,-8.8964875e-8,1.6423577e-8,9.0468134e-8
110,78,-1.240907e-7,9.586675e-9,1.2446047e-7
110,79,-4.819215e-8,-6.8764336e-8,8.3970335e-8
110,80,2.1958289e-9,-5.979849e-8,5.983879e-8
110,81,1.4447862e-8,2.322447e-8,2.7351723e-8
110,82,1.0290161e-7,3.294979e-8,1.08048276e-7
110,83,1.2742566e-7,-6.691454e-8,1.4392656e-7
110,84,1.5780734e-7,-3.6944893e-8,1.620743e-7
110,85,-4.9522356e-8,-3.1435395e-8,5.8657037e-8
110,86,-1.2266484e-7,6.674915e-8,1.3964997e-7
110,87,-3.918223e-8,1.3935373e-7,1.4475742e-7
110,88,5.6531007e-8,-7.1160317e-10,5.6535487e-8
110,89,1.09757615e-7,9.652001e-9,1.1018119e-7
110,90,-1.6485426e-8,-7.33492e-8,7.5178946e-8
110,91,-1.0024878e-7,-3.0886948e-8,1.0489911e-7
110,92,-1.07354936e-7,1.0968968e-7,1.534826e-7
110,93,5.625369e-8,2.8530307e-8,6.307501e-8
110,94,3.710948e-8,5.8882318e-8,6.960058e-8
110,95,-7.460674e-8,-2.935143e-8,8.017276e-8
110,96,-1.6166524e-8,-3.8133443e-8,4.1418787e-8
110,97,6.5432357e-9,-1.242654e-9,6.6601893e-9
110,98,2.4016522e-8,6.967657e-8,7.36995e-8
110,99,-2.3266011e-8,7.15848e-8,7.527078e-8
110,100,-6.4195675e-9,-3.1360873e-8,3.2011172e-8
110,101,1.21761925e-8,2.5904928e-8,2.8623854e-8
110,102,-5.8903455e-9,6.396285e-8,6.42335e-8
110,103,1.5566231e-8,-3.0300917e-8,3.4065426e-8
110,104,2.5632565e-8,2.4670468e-9,2.5751014e-8
110,105,6.501208e-8,2.3693289e-8,6.919496e-8
110,106,-6.0456074e-8,-2.1374666e-8,6.412342e-8
110,107,1.9727752e-8,4.8571724e-8,5.2425154e-8
110,108,7.499832e-8,-1.4213307e-8,7.633326e-8
110,109,-2.6405305e-8,9.503925e-9,2.8063583e-8
110,110,-1.6046597e-8,3.129415e-8,3.516841e-8
110,111,3.2564857e-9,2.4471673e-8,2.4687395e-8
110,112,-2.1672847e-8,6.531723e-8,6.8818984e-8
110,113,1.9444439e-8,2.9475957e-9,1.9666585e-8
110,114,4.439684e-8,-3.909476e-8,5.9156402e-8
110,115,3.2032208e-8,-1.2522334e-8,3.4392894e-8
110,116,-1.9998357e-8,-2.1712424e-8,2.951887e-8
110,117,-3.4195644e-8,2.9002558e-9,3.4318415e-8
110,118,3.7181206e-8,-8.48257e-9,3.8136545e-8
110,119,1.0296401e-8,-6.0175175e-8,6.104971e-8
110,120,-2.0187267e-8,1.0737832e-7,1.0925946e-7
110,121,-1.44570285e-8,-3.8427004e-8,4.105655e-8
110,122,1.0031887e-8,-1.3477282e-8,1.6801069e-8
110,123,-1.11640105e-7,5.133033e-9,1.1175805e-7
110,124,-2.156512e-8,6.388854e-8,6.7429966e-8
110,125,-2.2390905e-8,2.5538622e-8,3.39643e-8
110,126,1.1951474e-8,6.870902e-8,6.9740715e-8
110,127,-1.9980921e-7,1.9948805e-8,2.0080257e-7
110,128,-2.499326e-11,-3.5939806e-8,3.5939813e-8
111,1,-3.5985767e-8,-9.1980404e-8,9.876928e-8
111,2,-1.3050963e-7,-3.4989736e-8,1.3511864e-7
111,3,-3.735653e-9,8.123921e-8,8.132505e-8
111,4,-4.6284356e-8,-1.4783878e-7,1.5491464e-7
111,5,-3.5183593e-8,7.3762014e-9,3.5948485e-8
111,6,-2.527743e-8,9.590441e-8,9.917966e-8
111,7,-5.996982e-8,-1.1887993e-8,6.113677e-8
111,8,1.6535894e-8,1.0434681e-7,1.05648915e-7
111,9,-2.1084526e-8,5.0104997e-8,5.4360537e-8
111,10,-2.2383794e-8,2.560188e-8,3.400721e-8
111,11,-8.409864e-9,1.40155105e-8,1.634504e-8
111,12,3.968079e-9,2.8029438e-8,2.8308921e-8
111,13,-5.940934e-9,-3.060941e-8,3.1180615e-8
111,14,4.8101366e-8,-1.9179735e-8,5.1784202e-8
111,15,-5.084033e-9,-3.2128217e-8,3.2527982e-8
111,16,-3.0961157e-8,-3.358795e-8,4.568089e-8
111,17,2.5577451e-9,7.94356e-9,8.34519e-9
111,18,4.2594902e-8,-2.337736e-8,4.8588337e-8
111,19,-4.5824642e-8,2.4753307e-8,5.2082857e-8
111,20,2.383639e-9,1.0965199e-7,1.096779e-7
111,21,-3.497161e-8,7.051729e-8,7.871278e-8
111,22,7.459952e-8,2.451402e-8,7.8524046e-8
111,23,-1.5275836e-8,-5.41779e-8,5.6290283e-8
111,24,-2.0199668e-8,-3.9981307e-9,2.0591543e-8
111,25,2.5694307e-8,-1.5781195e-8,3.0153664e-8
111,26,1.15436025e-8,-1.6421705e-8,2.0073045e-8
111,27,1.8684231e-8,-9.067216e-8,9.257722e-8
111,28,-3.399657e-8,1.7079154e-8,3.8045556e-8
111,29,-5.3401592e-8,5.158187e-9,5.3650133e-8
111,30,9.765855e-9,1.9056866e-8,2.1413456e-8
111,31,5.28128e-9,-1.9808434e-8,2.0500389e-8
111,32,2.9795286e-8,3.3711355e-8,4.499127e-8
111,33,3.0571382e-8,8.853157e-9,3.182747e-8
111,34,-1.836888e-8,1.250979e-9,1.8411429e-8
111,35,-4.668409e-8,-4.1347537e-8,6.2362034e-8
111,36,-4.2978463e-8,6.907885e-8,8.1357456e-8
111,37,8.319275e-8,2.7017618e-8,8.7469914e-8
111,38,-1.5275402e-8,-7.864212e-8,8.0111924e-8
111,39,4.0704577e-8,3.1025586e-8,5.118056e-8
111,40,4.5931575e-8,1.5064845e-8,4.8339004e-8
111,41,-3.3170426e-8,-7.665595e-9,3.4044653e-8
111,42,-4.32037e-8,1.4302783e-8,4.550966e-8
111,43,-9.21724e-9,-5.095055e-8,5.1777565e-8
111,44,-2.07207e-8,-7.642915e-8,7.918815e-8
111,45,-7.318567e-8,1.9794967e-8,7.581545e-8
111,46,-2.5145336e-8,2.7582368e-8,3.7323918e-8
111,47,-1.3154273e-8,-3.414192e-9,1.3590129e-8
111,48,9.8731554e-8,1.02716555e-7,1.424732e-7
111,49,-6.6596413e-9,7.1123787e-9,9.743549e-9
111,50,-6.1193525e-8,-5.408657e-8,8.1670095e-8
111,51,-9.286953e-8,-2.7239466e-8,9.678191e-8
111,52,-9.370167e-8,1.3897455e-8,9.472667e-8
111,53,2.5935815e-8,-1.3423522e-9,2.597053e-8
111,54,1.5814454e-8,-3.9712656e-8,4.274567e-8
111,55,1.2021062e-8,7.8976345e-9,1.4383274e-8
111,56,-1.5671835e-8,8.101654e-8,8.25184e-8
111,57,-6.796124e-8,3.9968956e-8,7.884318e-8
111,58,5.640188e-8,2.0638504e-8,6.005931e-8
111,59,-1.529013e-8,1.5514116e-8,2.1782467e-8
111,60,4.429481e-8,-4.3159833e-8,6.184498e-8
111,61,5.593761e-8,-1.392042e-7,1.5002276e-7
111,62,-1.1077791e-8,4.4859888e-10,1.108687e-8
111,63,5.5996246e-8,-1.3124242e-7,1.42689e-7
111,64,2.512849e-8,-1.8619227e-7,1.8788029e-7
111,65,1.354156e-8,1.0892099e-8,1.7378483e-8
111,66,7.560754e-8,-5.099562e-8,9.1197876e-8
111,67,-9.2011696e-8,-5.4672686e-8,1.0702922e-7
111,68,-2.280079e-8,2.1132847e-7,2.1255492e-7
111,69,-6.283471e-8,4.8641226e-8,7.946175e-8
111,70,-4.3273324e-8,3.4953695e-9,4.3414264e-8
111,71,7.8600175e-9,1.24298545e-8,1.4706501e-8
111,72,-1.50388e-7,-3.7350667e-8,1.5495685e-7
111,73,-8.4221824e-8,4.33761e-9,8.433345e-8
111,74,-5.4326662e-8,6.4027596e-8,8.396975e-8
111,75,8.129798e-8,8.1456484e-8,1.15084845e-7
111,76,1.0763273e-8,-2.1717927e-8,2.4238737e-8
111,77,1.3961748e-7,9.178448e-9,1.3991885e-7
111,78,6.53776e-8,-6.2213836e-8,9.02485e-8
111,79,1.1217721e-7,-3.721471e-8,1.1818909e-7
111,80,8.242777e-8,-1.6702165e-8,8.410291e-8
111,81,1.9095781e-8,-1.55776e-8,2.464367e-8
111,82,-2.542274e-8,1.1797151e-7,1.2067972e-7
111,83,-5.3924822e-8,7.817113e-9,5.4488474e-8
111,84,-1.7827958e-7,1.844889e-8,1.792316e-7
111,85,3.943697e-8,1.0730292e-7,1.14320564e-7
111,86,-2.8746975e-8,-5.418255e-8,6.1336266e-8
111,87,5.211013e-8,-7.075761e-9,5.2588327e-8
111,88,1.159909e-8,1.6639907e-9,1.1717839e-8
111,89,-3.205532e-8,1.2671261e-8,3.446889e-8
111,90,3.8704357e-8,-4.1624237e-9,3.8927535e-8
111,91,1.13370966e-7,-1.25995365e-8,1.14068946e-7
111,92,3.052161e-8,-4.819254e-10,3.0525413e-8
111,93,-7.1398986e-8,9.9484026e-8,1.2245361e-7
111,94,3.6799815e-8,1.0853481e-8,3.836697e-8
111,95,4.811178e-8,-1.00870485e-8,4.9157826e-8
111,96,-7.617097e-9,6.7398105e-8,6.7827166e-8
111,97,5.345022e-9,5.1518334e-8,5.1794864e-8
111,98,-4.9982482e-8,-4.8867662e-8,6.990205e-8
111,99,1.01578365e-7,-3.2143177e-8,1.0654271e-7
111,100,5.8870356e-8,-7.916476e-8,9.865484e-8
111,101,-2.1556879e-9,5.4736212e-8,5.4778646e-8
111,102,4.154833e-8,-3.317933e-9,4.16806e-8
111,103,-4.5934225e-8,6.068354e-8,7.6108115e-8
111,104,4.8805614e-8,8.770123e-9,4.9587328e-8
111,105,7.0708577e-9,-6.453313e-9,9.5729975e-9
111,106,-1.0526287e-8,-3.778546e-8,3.9224272e-8
111,107,5.5704867e-9,-2.0381892e-8,2.1129408e-8
111,108,-8.643149e-9,2.9007278e-8,3.026758e-8
111,109,-1.6916193e-8,-5.029343e-8,5.3062102e-8
111,110,-4.7428697e-9,-2.6516563e-8,2.693739e-8
111,111,-2.5067061e-8,3.7534573e-8,4.5135373e-8
111,112,-3.8889663e-8,2.8329064e-8,4.811384e-8
111,113,-1.2660137e-8,1.117069e-9,1.2709323e-8
111,114,1.2510547e-9,9.695831e-9,9.776209e-9
111,115,6.80754e-9,-3.4439943e-10,6.8162462e-9
111,116,-4.9529003e-8,4.192027e-8,6.4887836e-8
111,117,5.3305868e-8,1.5352525e-8,5.5472658e-8
111,118,1.9729187e-9,-1.0194162e-10,1.9755506e-9
111,119,3.1380079e-9,2.5160396e-8,2.5355329e-8
111,120,2.6252039e-8,-5.9710663e-9,2.692254e-8
111,121,-8.253306e-10,2.5508906e-9,2.6810845e-9
111,122,3.79802e-8,4.3209642e-8,5.752885e-8
111,123,4.1202526e-8,-1.5257342e-8,4.3936712e-8
111,124,5.2836302e-8,1.3662248e-8,5.4574095e-8
111,125,1.286456e-8,-2.3777995e-8,2.7034977e-8
111,126,-8.0047954e-8,-5.8254162e-8,9.900112e-8
111,127,2.2207807e-8,-3.961775e-9,2.2558421e-8
111,128,6.825559e-8,3.2364465e-8,7.553995e-8
112,1,-6.5272914e-8,5.1391016e-8,8.307581e-8
112,2,6.580742e-8,1.2724513e-7,1.4325481e-7
112,3,-5.496317e-8,-6.4221105e-8,8.452988e-8
112,4,5.897165e-8,5.7673688e-8,8.248582e-8
112,5,-4.5875012e-8,-6.736053e-8,8.149821e-8
112,6,1.5801472e-8,-1.9775802e-8,2.5313414e-8
112,7,5.0476462e-8,-1.0234044e-7,1.14111515e-7
112,8,3.7143298e-8,-5.46588e-8,6.608486e-8
112,9,-1.2701947e-8,-5.079317e-8,5.2357287e-8
112,10,1.8280426e-8,-8.4561854e-8,8.651521e-8
112,11,-5.64396e-8,-4.3597485e-8,7.131738e-8
112,12,4.157126e-8,-7.16288e-8,8.28182e-8
112,13,-3.3876933e-8,1.3500777e-8,3.6468034e-8
112,14,-3.063761e-8,2.0803386e-8,3.7033015e-8
112,15,-1.585399e-8,4.70155e-9,1.6536431e-8
112,16,2.5651113e-8,-3.704202e-8,4.505653e-8
112,17,4.6502134e-8,-1.034482e-9,4.6513637e-8
112,18,9.9801575e-8,-1.3657476e-8,1.00731725e-7
112,19,5.2143236e-9,-1.2856574e-8,1.38737395e-8
112,20,5.6838263e-9,-2.8235796e-8,2.8802189e-8
112,21,5.8372827e-9,-6.7647484e-8,6.789887e-8
112,22,-2.4079375e-8,2.7831408e-8,3.6802223e-8
112,23,1.5777926e-9,1.14683445e-8,1.1576371e-8
112,24,1.8489494e-8,1.1165324e-8,2.159921e-8
112,25,3.4251235e-9,2.0548871e-8,2.0832369e-8
112,26,-1.589177e-8,5.702414e-8,5.9197134e-8
112,27,-3.859101e-8,-1.9824749e-9,3.86419e-8
112,28,1.5858987e-8,-8.014276e-9,1.7768965e-8
112,29,2.6793565e-8,-6.143001e-8,6.701896e-8
112,30,-8.0207965e-9,-3.403221e-8,3.4964618e-8
112,31,-1.6907544e-8,2.2127056e-9,1.7051718e-8
112,32,-3.3260437e-9,1.2920757e-8,1.33419835e-8
112,33,-4.1640362e-8,-5.8598463e-8,7.188672e-8
112,34,-1.2921468e-8,1.3069995e-8,1.837904e-8
112,35,5.2209536e-8,-3.10144e-8,6.072667e-8
112,36,-3.1181383e-8,-3.9779966e-8,5.054428e-8
112,37,-5.546761e-8,-2.8580647e-9,5.5541193e-8
112,38,-5.1741718e-9,1.2310148e-8,1.3353343e-8
112,39,-1.2248544e-8,3.579919e-8,3.7836607e-8
112,40,-3.1960244e-8,-1.7876104e-8,3.6619834e-8
112,41,5.0631086e-9,-5.8214513e-9,7.715204e-9
112,42,2.8134657e-8,8.0752145e-8,8.5512966e-8
112,43,-2.2232763e-8,3.0765232e-8,3.7957808e-8
112,44,4.566118e-8,1.3750421e-8,4.768666e-8
112,45,4.7060873e-8,1.9272129e-8,5.0854112e-8
112,46,4.9362207e-8,-5.203724e-9,4.9635734e-8
112,47,1.339219e-8,-1.3426113e-8,1.896342e-8
112,48,-1.3413076e-8,-8.26853e-8,8.376615e-8
112,49,-3.1819294e-8,-5.8271496e-8,6.6393035e-8
112,50,3.8406597e-8,2.330008e-8,4.4921716e-8
112,51,7.586878e-8,-4.5417675e-8,8.842419e-8
112,52,7.443427e-8,3.9971642e-8,8.448782e-8
112,53,-3.362064e-8,3.703894e-8,5.00223e-8
112,54,-4.6026518e-8,-2.3937762e-8,5.187925e-8
112,55,-1.7679065e-8,-1.0231508e-7,1.0383123e-7
112,56,6.685157e-8,-3.391011e-8,7.496018e-8
112,57,2.7857029e-8,-2.9754299e-8,4.0759446e-8
112,58,-3.652242e-8,-1.2682777e-7,1.3198171e-7
112,59,-7.851393e-9,-5.323929e-9,9.486232e-9
112,60,-1.4674333e-8,3.752332e-8,4.029064e-8
112,61,-5.3219583e-8,4.2262613e-8,6.79592e-8
112,62,-1.5569892e-8,1.1784031e-7,1.1886446e-7
112,63,-3.118777e-8,1.10490184e-7,1.14807484e-7
112,64,-5.3734322e-8,1.05306654e-7,1.1822381e-7
112,65,1.3969044e-8,7.488171e-9,1.5849507e-8
112,66,4.465124e-8,-8.4077236e-8,9.5198295e-8
112,67,1.1731852e-7,9.13227e-8,1.4867236e-7
112,68,-1.1004819e-9,-5.086642e-8,5.087832e-8
112,69,8.303984e-8,-4.1495593e-8,9.283049e-8
112,70,2.3465494e-8,-4.3819234e-8,4.970669e-8
112,71,8.7599766e-8,4.1553808e-8,9.695586e-8
112,72,7.789349e-8,-4.4482075e-8,8.969978e-8
112,73,8.274792e-8,-4.6782656e-8,9.5057004e-8
112,74,6.375673e-8,2.2564231e-8,6.763184e-8
112,75,2.9384877e-8,-8.40913e-8,8.907759e-8
112,76,-3.1229682e-8,2.4894568e-8,3.993786e-8
112,77,-1.1615317e-7,1.2745701e-8,1.1685038e-7
112,78,-1.7170061e-8,8.907048e-8,9.0710316e-8
112,79,-2.8189557e-8,2.6930332e-8,3.8985817e-8
112,80,-3.1202806e-8,7.482698e-8,8.107214e-8
112,81,-9.646471e-8,6.168218e-8,1.14499485e-7
112,82,-4.349395e-8,4.8070834e-8,6.4826914e-8
112,83,1.2804945e-7,-3.0433227e-8,1.3161628e-7
112,84,1.3662425e-7,-1.9054283e-8,1.3794656e-7
112,85,4.869239e-8,-6.034408e-8,7.753939e-8
112,86,-2.9412604e-8,1.1575351e-7,1.1943189e-7
112,87,1.6070203e-8,-4.8362935e-8,5.0962974e-8
112,88,-5.9120486e-10,5.3415057e-8,5.341833e-8
112,89,7.5538935e-9,1.3837398e-8,1.576499e-8
112,90,6.1507336e-8,-7.813771e-8,9.944171e-8
112,91,1.14491865e-8,2.2043958e-9,1.165947e-8
112,92,-4.0710887e-8,4.913158e-8,6.3806645e-8
112,93,1.5575901e-7,-3.9938005e-8,1.6079774e-7
112,94,-1.0928692e-8,-2.3127992e-8,2.5580077e-8
112,95,-1.0848284e-8,1.5104492e-8,1.859653e-8
112,96,-6.5198424e-9,-7.0787735e-8,7.1087356e-8
112,97,5.989717e-8,-3.5095457e-8,6.9421624e-8
112,98,3.4158006e-8,1.08135945e-8,3.5828805e-8
112,99,1.4238256e-8,-4.2071058e-9,1.48468065e-8
112,100,-3.877522e-8,1.2602247e-8,4.0771734e-8
112,101,2.0674602e-8,-1.0898881e-8,2.3371452e-8
112,102,7.3359715e-8,6.258388e-9,7.362618e-8
112,103,1.552765e-8,-2.927639e-8,3.3139326e-8
112,104,1.8930802e-8,-3.0615112e-8,3.599528e-8
112,105,-4.255467e-9,-6.86589e-8,6.879065e-8
112,106,-2.7689781e-8,3.471775e-8,4.4407727e-8
112,107,-1.44571555e-8,-2.5513339e-8,2.9324731e-8
112,108,1.4150126e-8,3.251015e-9,1.4518787e-8
112,109,-2.247041e-8,-3.413201e-8,4.0864574e-8
112,110,-4.511238e-10,5.0263246e-8,5.026527e-8
112,111,5.144962e-9,1.3210262e-8,1.41768e-8
112,112,5.1780846e-9,5.983351e-8,6.0057154e-8
112,113,2.5952232e-8,-1.8784128e-8,3.2036883e-8
112,114,-4.8503065e-8,4.8414384e-9,4.8744095e-8
112,115,-1.0535609e-8,1.2090709e-8,1.6036967e-8
112,116,4.133129e-8,-8.312964e-9,4.2158995e-8
112,117,1.5831133e-9,-2.7614027e-8,2.765937e-8
112,118,-4.250018e-8,2.3973243e-8,4.8795304e-8
112,119,8.037883e-8,-6.1602634e-8,1.0127014e-7
112,120,-2.8249163e-8,5.9176863e-8,6.5573744e-8
112,121,-5.974706e-9,2.7190689e-8,2.7839373e-8
112,122,2.2198059e-8,-7.766303e-8,8.077314e-8
112,123,-8.301883e-9,-3.443295e-8,3.5419617e-8
112,124,2.6086987e-8,2.3177664e-8,3.489606e-8
112,125,4.9937675e-8,3.7120287e-8,6.222288e-8
112,126,-2.9374357e-8,-2.2328251e-8,3.6897205e-8
112,127,-4.1878597e-8,3.668234e-8,5.5672352e-8
112,128,9.492677e-10,-3.0439584e-9,3.1885408e-9
113,1,4.8290865e-8,4.719413e-9,4.8520928e-8
113,2,-1.1058568e-7,-4.643554e-8,1.1993937e-7
113,3,-1.6499419e-7,-8.775055e-8,1.8687761e-7
113,4,-1.6258767e-8,2.519275e-8,2.99837e-8
113,5,-3.086349e-8,5.75328e-8,6.5288425e-8
113,6,9.58372e-8,-3.2339627e-9,9.589175e-8
113,7,3.2202887e-8,-3.982532e-8,5.1216034e-8
113,8,-2.1622336e-8,-2.5260245e-8,3.3250647e-8
113,9,-5.6822632e-8,8.864291e-8,1.0529187e-7
113,10,1.12269065e-8,8.172411e-8,8.249166e-8
113,11,-2.2058385e-8,4.0360547e-8,4.5995066e-8
113,12,-3.9915406e-8,-6.16527e-8,7.344586e-8
113,13,4.9617103e-8,-1.8845425e-8,5.3075485e-8
113,14,-3.923163e-8,-8.843671e-8,9.674798e-8
113,15,2.4732211e-8,8.130071e-9,2.6034215e-8
113,16,-9.474077e-9,-1.1687527e-8,1.5045146e-8
113,17,-1.2354788e-8,3.8198152e-8,4.0146478e-8
113,18,-2.8618585e-8,8.1196795e-8,8.609264e-8
113,19,4.071683e-9,2.1065594e-8,2.1455485e-8
113,20,6.4981167e-9,2.5048402e-8,2.5877558e-8
113,21,1.6420817e-9,9.356185e-8,9.357626e-8
113,22,3.0429895e-8,-2.8240892e-8,4.1515378e-8
113,23,-3.9149764e-8,3.4724163e-8,5.2330407e-8
113,24,2.1250004e-8,-3.3966423e-8,4.0065952e-8
113,25,2.7029149e-8,7.8671665e-9,2.8150794e-8
113,26,9.402343e-9,5.9982334e-8,6.071478e-8
113,27,1.465522e-8,-7.095543e-8,7.2453076e-8
113,28,-3.0159306e-8,-5.6541354e-9,3.0684735e-8
113,29,-3.0610025e-8,1.7983929e-8,3.5502048e-8
113,30,7.525483e-9,3.865216e-8,3.9377944e-8
113,31,1.4938975e-8,-2.992922e-8,3.345043e-8
113,32,2.7700192e-8,4.816832e-8,5.5565167e-8
113,33,-1.890187e-8,2.6440258e-8,3.2501813e-8
113,34,-2.4660935e-8,5.857892e-9,2.5347122e-8
113,35,2.5892688e-10,-1.7741122e-8,1.7743012e-8
113,36,2.8178277e-8,1.7676653e-8,3.3263785e-8
113,37,6.356201e-8,-1.0343867e-8,6.439817e-8
113,38,-2.2331765e-8,2.9267028e-8,3.6813947e-8
113,39,-4.6561016e-8,-4.5070927e-8,6.480214e-8
113,40,-5.0423637e-8,4.2747477e-8,6.6105144e-8
113,41,-2.6564912e-9,-1.8727528e-9,3.2502536e-9
113,42,-2.4619462e-9,-1.8824766e-8,1.8985073e-8
113,43,3.083865e-8,-4.8228586e-8,5.7245252e-8
113,44,-3.5380353e-8,-2.2029697e-8,4.1678256e-8
113,45,-1.3477312e-8,-2.978692e-8,3.2694015e-8
113,46,-1.03930574e-7,4.7623057e-8,1.14322e-7
113,47,3.612782e-8,2.0193507e-9,3.618421e-8
113,48,1.757233e-8,9.676655e-8,9.834913e-8
113,49,7.1903195e-9,-2.2607422e-8,2.3723326e-8
113,50,-6.923629e-8,-2.7626543e-8,7.454455e-8
113,51,-7.583365e-8,1.9834705e-8,7.838467e-8
113,52,-8.228299e-8,-4.047772e-8,9.170025e-8
113,53,2.13222e-8,-8.1446956e-8,8.4191704e-8
113,54,6.714896e-8,7.9690715e-10,6.7153685e-8
113,55,8.8022965e-8,4.551361e-8,9.909355e-8
113,56,-3.9308965e-8,-1.6697068e-9,3.934441e-8
113,57,-4.701915e-9,2.414851e-8,2.4602004e-8
113,58,1.06503295e-8,8.479777e-8,8.5463974e-8
113,59,-1.2004126e-8,-3.295925e-8,3.5077218e-8
113,60,-3.3013595e-8,-7.595031e-8,8.281514e-8
113,61,3.0244795e-8,-8.418137e-8,8.944971e-8
113,62,5.425014e-9,-9.06536e-9,1.0564636e-8
113,63,-1.4503265e-8,1.8126459e-8,2.3214504e-8
113,64,2.3621292e-8,-4.534944e-8,5.1132545e-8
113,65,-3.8229626e-8,-1.08620284e-7,1.1515151e-7
113,66,2.711639e-8,1.5909277e-8,3.1438887e-8
113,67,5.4087813e-8,1.145036e-7,1.2663557e-7
113,68,-2.6110316e-8,-3.88422e-8,4.6802402e-8
113,69,-2.3851642e-8,-3.5759108e-8,4.298389e-8
113,70,-1.09526084e-7,5.7767227e-8,1.2382655e-7
113,71,-3.4182634e-8,1.12393934e-7,1.17477015e-7
113,72,2.38901e-8,5.8675763e-8,6.3352836e-8
113,73,-8.650065e-8,-6.338743e-8,1.07239586e-7
113,74,-2.0775937e-8,3.6115424e-9,2.1087503e-8
113,75,1.36448355e-8,4.8196828e-8,5.0091074e-8
113,76,1.1923187e-7,2.4391937e-8,1.2170129e-7
113,77,5.1017523e-8,3.623702e-8,6.257723e-8
113,78,1.1383632e-7,-7.1738036e-8,1.3455502e-7
113,79,9.6257615e-8,3.596242e-9,9.632477e-8
113,80,8.411066e-9,-2.5297979e-8,2.665959e-8
113,81,4.3167394e-9,-2.8500114e-8,2.8825175e-8
113,82,-4.4853234e-8,-3.565849e-8,5.730044e-8
113,83,-7.325844e-8,1.6272974e-8,7.504405e-8
113,84,-6.0260476e-8,1.3983957e-8,6.186175e-8
113,85,-5.1146525e-8,-1.6181318e-8,5.364515e-8
113,86,6.3148356e-8,-6.104134e-8,8.782801e-8
113,87,-4.81324e-8,-3.947226e-8,6.2247786e-8
113,88,3.8941995e-8,4.5203388e-9,3.9203474e-8
113,89,-3.3011958e-8,7.4519264e-8,8.150405e-8
113,90,-6.3021986e-8,2.7160173e-8,6.8625404e-8
113,91,7.479839e-8,5.131633e-8,9.0709236e-8
113,92,6.4732455e-9,-2.3804484e-8,2.4668935e-8
113,93,-3.5452807e-8,5.3397684e-8,6.409535e-8
113,94,-3.6889638e-8,1.979948e-8,4.1867228e-8
113,95,6.745746e-8,-4.2889763e-9,6.759367e-8
113,96,1.6958973e-8,5.8186078e-8,6.060715e-8
113,97,1.6863538e-8,-3.73117e-8,4.0945597e-8
113,98,-1.9624657e-8,-5.3305396e-8,5.6803103e-8
113,99,3.2676655e-9,-2.5386828e-9,4.13794e-9
113,100,5.1272465e-8,3.3624413e-8,6.1314495e-8
113,101,2.496052e-8,7.860322e-8,8.247117e-8
113,102,-3.4548304e-8,3.9167645e-8,5.222729e-8
113,103,-1.516762e-8,-2.7574464e-8,3.1470744e-8
113,104,-2.2581505e-8,-4.996908e-8,5.48346e-8
113,105,-7.607423e-9,3.5379266e-8,3.6187917e-8
113,106,1.1279247e-8,-4.2035846e-9,1.20370895e-8
113,107,-2.850101e-8,2.9830684e-8,4.125745e-8
113,108,1.9746196e-8,-3.7155523e-8,4.2076657e-8
113,109,1.5480179e-8,1.3227001e-8,2.036147e-8
113,110,-4.7705203e-8,-1.13311565e-8,4.9032455e-8
113,111,6.2458994e-8,-7.709344e-9,6.293298e-8
113,112,-8.347364e-9,-2.744935e-8,2.8690508e-8
113,113,1.597826e-8,1.15401635e-8,1.9709901e-8
113,114,1.3235526e-8,2.2129372e-8,2.5785427e-8
113,115,-3.7794987e-8,-3.0514894e-8,4.8575917e-8
113,116,1.0042648e-8,-2.3758737e-8,2.5794037e-8
113,117,2.8230836e-8,2.316303e-8,3.6517203e-8
113,118,1.5185694e-8,-3.0541106e-8,3.410813e-8
113,119,5.550138e-8,4.285388e-8,7.0120315e-8
113,120,1.0799096e-9,-3.0941006e-8,3.0959846e-8
113,121,1.605369e-8,3.6384233e-8,3.9768498e-8
113,122,4.489324e-8,2.1390077e-8,4.9728648e-8
113,123,3.5334743e-8,-1.5909155e-8,3.8751068e-8
113,124,7.307618e-8,-5.412895e-8,9.0939935e-8
113,125,-7.086653e-9,-2.8520008e-8,2.9387268e-8
113,126,-3.5488686e-8,-3.651695e-8,5.0920864e-8
113,127,-9.9957845e-8,-7.37297e-8,1.2420804e-7
113,128,-2.647913e-8,1.0401599e-8,2.844886e-8
114,1,3.9401918e-8,5.345284e-8,6.6405704e-8
114,2,1.7121256e-8,-6.2227308e-9,1.8217019e-8
114,3,1.981868e-8,4.5529546e-8,4.9656013e-8
114,4,-4.467124e-8,-8.013112e-9,4.5384244e-8
114,5,-4.818689e-8,-6.147456e-8,7.810952e-8
114,6,-5.3150417e-9,-7.18211e-8,7.20175e-8
114,7,-6.976576e-9,-4.3369486e-8,4.392704e-8
114,8,1.0454057e-8,-1.2350762e-10,1.0454786e-8
114,9,2.6355824e-8,-6.713593e-8,7.212394e-8
114,10,4.4518714e-8,-1.015641e-7,1.1089266e-7
114,11,-3.7539376e-8,-8.884702e-9,3.8576452e-8
114,12,-1.4405476e-8,1.0512604e-8,1.7833468e-8
114,13,-9.599705e-9,-6.6044774e-9,1.1652187e-8
114,14,2.998409e-8,5.6548647e-8,6.400621e-8
114,15,-3.0929993e-8,-1.3419304e-8,3.3715608e-8
114,16,8.251255e-9,3.0328188e-8,3.143059e-8
114,17,-3.9049365e-8,-2.3201398e-8,4.5421995e-8
114,18,-2.977516e-8,-7.814217e-8,8.3622716e-8
114,19,1.7114191e-8,2.358973e-9,1.7276003e-8
114,20,4.1916937e-8,-6.708881e-8,7.910713e-8
114,21,-3.2034507e-8,-6.329177e-8,7.0937e-8
114,22,-3.985726e-8,-5.291682e-9,4.0207002e-8
114,23,3.895444e-8,-1.0086563e-10,3.895457e-8
114,24,-2.546748e-8,2.436856e-8,3.5247968e-8
114,25,-3.1574146e-8,-1.9111662e-8,3.6907753e-8
114,26,-5.3480218e-8,1.9140064e-8,5.6802076e-8
114,27,4.305057e-8,3.917855e-8,5.8209192e-8
114,28,5.1385527e-8,5.1245355e-8,7.257106e-8
114,29,3.1039914e-8,-8.17539e-8,8.7448136e-8
114,30,-3.9406014e-8,-8.233114e-8,9.127569e-8
114,31,-5.8786114e-8,-5.2649254e-9,5.9021406e-8
114,32,6.085098e-8,-2.6407556e-9,6.0908256e-8
114,33,-4.059879e-8,-2.8602207e-8,4.966234e-8
114,34,-2.2163086e-8,4.2956977e-8,4.8337398e-8
114,35,9.0709655e-8,-1.2477322e-8,9.156378e-8
114,36,-4.8522747e-8,-4.4446633e-8,6.580243e-8
114,37,-5.1300834e-8,-2.8381482e-8,5.8628356e-8
114,38,1.4210676e-8,2.3536309e-8,2.7493657e-8
114,39,1.9015738e-9,-3.159467e-8,3.1651844e-8
114,40,2.5745633e-8,-5.654906e-8,6.2134e-8
114,41,1.5301246e-8,-2.3220519e-9,1.5476436e-8
114,42,2.9902194e-9,4.3162332e-10,3.0212102e-9
114,43,-1.9181876e-8,4.8124527e-8,5.180651e-8
114,44,1.4061559e-8,5.7178752e-8,5.88824e-8
114,45,2.0857183e-8,1.4319582e-8,2.5299654e-8
114,46,-5.7040694e-10,-7.654128e-9,7.675353e-9
114,47,2.877001e-8,5.059672e-10,2.8774458e-8
114,48,-6.8179176e-8,-2.3771207e-8,7.2204365e-8
114,49,-2.3556508e-8,-9.627338e-8,9.9113436e-8
114,50,1.3032976e-9,5.9358136e-8,5.9372443e-8
114,51,7.856026e-8,-1.0226438e-8,7.922307e-8
114,52,5.3535707e-8,-3.0739663e-8,6.173329e-8
114,53,-1.554064e-8,5.9344725e-8,6.134581e-8
114,54,-3.065628e-8,6.300062e-8,7.006344e-8
114,55,-9.006476e-9,1.8025275e-8,2.0150116e-8
114,56,-1.1487568e-8,-6.478378e-8,6.579439e-8
114,57,6.626673e-8,-7.4016064e-8,9.9346146e-8
114,58,-2.4702558e-8,-7.5753505e-8,7.967942e-8
114,59,5.5938866e-8,1.3779092e-8,5.7610936e-8
114,60,1.217722e-8,2.6957261e-8,2.9580038e-8
114,61,-6.447827e-8,9.6866465e-8,1.1636391e-7
114,62,1.3908397e-8,1.2662677e-7,1.2738832e-7
114,63,3.940498e-8,6.578743e-8,7.668598e-8
114,64,5.5012414e-8,9.779816e-8,1.1220894e-7
114,65,-1.6799687e-8,-1.0885648e-8,2.0018161e-8
114,66,2.8910355e-8,7.493627e-8,8.0319694e-8
114,67,8.449862e-8,-6.214098e-8,1.0488812e-7
114,68,5.2906433e-8,2.7294205e-9,5.297679e-8
114,69,1.3090644e-7,-3.9172047e-8,1.3664167e-7
114,70,6.725417e-8,-4.5786255e-8,8.136034e-8
114,71,6.4210894e-8,-3.636413e-8,7.3792876e-8
114,72,6.032626e-8,-7.239207e-8,9.423306e-8
114,73,6.9473027e-9,-6.9287522e-9,9.8118615e-9
114,74,6.697892e-8,3.6895734e-8,7.646876e-8
114,75,4.0839146e-10,-7.839073e-8,7.839179e-8
114,76,-2.6850527e-8,-5.6767494e-8,6.2797284e-8
114,77,-1.1079895e-7,2.4858174e-8,1.13553234e-7
114,78,-1.3806421e-7,5.489031e-8,1.4857548e-7
114,79,-9.890357e-8,-3.1869913e-8,1.0391154e-7
114,80,-4.022832e-8,4.8745967e-8,6.320195e-8
114,81,-1.5754246e-8,-1.5841175e-8,2.2341421e-8
114,82,8.681861e-8,3.8545083e-9,8.690413e-8
114,83,9.5946106e-8,-5.1621306e-8,1.0895143e-7
114,84,1.0670169e-7,-2.2935058e-8,1.0913875e-7
114,85,8.234292e-8,-7.759602e-8,1.1314371e-7
114,86,9.788224e-9,2.0452854e-8,2.2674403e-8
114,87,-1.5326432e-8,8.7801354e-8,8.912899e-8
114,88,1.7188862e-8,-8.764653e-8,8.9316124e-8
114,89,4.5013763e-8,-2.1207715e-8,4.9759482e-8
114,90,4.484614e-9,-5.8273244e-8,5.8445554e-8
114,91,-8.9758224e-8,2.3159192e-8,9.2697825e-8
114,92,-6.77974e-8,6.057912e-8,9.0919286e-8
114,93,9.5842054e-8,-2.1537752e-9,9.586625e-8
114,94,6.205896e-8,-2.4880125e-8,6.6860565e-8
114,95,-3.0331197e-8,1.591633e-8,3.4253627e-8
114,96,2.6539814e-8,4.085444e-9,2.6852423e-8
114,97,3.6238287e-8,-4.194054e-8,5.5427634e-8
114,98,-1.0403546e-8,1.5428215e-8,1.8608159e-8
114,99,-3.093199e-8,5.1616052e-8,6.0174784e-8
114,100,-3.7521662e-8,6.0014735e-9,3.799859e-8
114,101,-2.8323488e-9,-2.0090901e-8,2.0289567e-8
114,102,-4.6158974e-8,4.323542e-8,6.3245174e-8
114,103,5.4008886e-8,1.3905097e-8,5.5770165e-8
114,104,-2.6421794e-9,3.098593e-8,3.1098377e-8
114,105,2.0232568e-8,-2.2902759e-8,3.0559665e-8
114,106,1.9981485e-8,1.5020476e-8,2.4997489e-8
114,107,-1.1010274e-8,7.4995815e-10,1.1035786e-8
114,108,1.5356994e-8,3.2192418e-8,3.566776e-8
114,109,-3.0266268e-8,-1.5801726e-8,3.4142957e-8
114,110,-2.4828552e-8,2.3095073e-8,3.390928e-8
114,111,-2.2053097e-9,3.7912518e-8,3.79766e-8
114,112,-5.4449245e-8,2.2374737e-8,5.8867215e-8
114,113,1.4533857e-8,-3.933132e-8,4.1930726e-8
114,114,-8.438439e-9,-2.04655e-8,2.2136936e-8
114,115,2.0438865e-8,-9.458929e-9,2.2521512e-8
114,116,5.8052738e-8,-4.3928466e-8,7.2799935e-8
114,117,1.0989519e-8,-6.574217e-9,1.2805852e-8
114,118,-7.905844e-9,6.899316e-8,6.9444646e-8
114,119,-1.16466525e-8,3.970495e-8,4.1377863e-8
114,120,-4.6013835e-8,-2.947829e-8,5.4646524e-8
114,121,5.4684232e-8,-3.391015e-8,6.434488e-8
114,122,1.7216244e-8,-5.5795123e-8,5.839088e-8
114,123,1.04751e-8,2.3260045e-8,2.5509946e-8
114,124,7.787328e-9,2.866265e-8,2.9701683e-8
114,125,-3.2350613e-8,-4.8354035e-8,5.817796e-8
114,126,-7.261056e-9,4.85298e-8,4.9069993e-8
114,127,-7.7445454e-9,9.080034e-8,9.113002e-8
114,128,-4.69309e-8,2.5662397e-8,5.3488954e-8
115,1,-2.4255252e-8,-6.5227056e-8,6.959085e-8
115,2,-1.3628417e-7,-9.699502e-9,1.366289e-7
115,3,-3.6626776e-8,-4.1231566e-8,5.5150366e-8
115,4,-3.7314873e-8,9.057861e-8,9.7963685e-8
115,5,-4.7037705e-8,-8.7235996e-10,4.7045795e-8
115,6,-5.2451103e-8,4.4449358e-8,6.875219e-8
115,7,-3.6141337e-8,4.9161358e-8,6.101668e-8
115,8,-2.0574335e-8,1.5327657e-8,2.5656195e-8
115,9,-5.970904e-8,-4.49837e-8,7.475762e-8
115,10,2.329989e-8,1.4307547e-8,2.7342107e-8
115,11,-4.9658313e-9,6.9806354e-8,6.998276e-8
115,12,7.430219e-8,2.5471456e-8,7.854687e-8
115,13,2.2157812e-8,1.7660154e-8,2.8334602e-8
115,14,-2.993714e-9,-2.5598046e-8,2.5772511e-8
115,15,-1.4498599e-9,-1.542503e-8,1.549302e-8
115,16,-2.4552222e-8,-3.9702588e-8,4.6680906e-8
115,17,5.3761156e-8,-1.4685931e-8,5.5730947e-8
115,18,-3.99259e-8,4.4598888e-8,5.9859325e-8
115,19,6.651982e-9,-2.1321414e-8,2.2334985e-8
115,20,5.6215904e-10,-1.5576024e-8,1.5586165e-8
115,21,-3.5382737e-8,2.2607697e-8,4.1988642e-8
115,22,9.3026365e-8,-1.1236103e-8,9.370248e-8
115,23,-4.7173756e-8,4.1259128e-8,6.26712e-8
115,24,1.213126e-8,-1.9620158e-8,2.3067685e-8
115,25,-3.790594e-8,1.06712905e-8,3.9379398e-8
115,26,-1.4698579e-8,-1.5097884e-8,2.1071173e-8
115,27,5.3158928e-8,-6.357084e-8,8.2868105e-8
115,28,-7.5049385e-8,-4.643322e-8,8.825222e-8
115,29,-8.2838476e-8,-3.4513108e-9,8.291034e-8
115,30,2.1781686e-8,2.4086223e-8,3.247442e-8
115,31,5.9460348e-8,-8.111261e-9,6.001105e-8
115,32,3.123991e-8,1.2867864e-8,3.3786296e-8
115,33,-3.8033974e-8,-8.41437e-9,3.8953623e-8
115,34,9.947219e-9,-2.1409596e-8,2.3607583e-8
115,35,-5.904907e-9,-2.1050223e-8,2.186275e-8
115,36,1.5045956e-8,-2.259401e-8,2.714535e-8
115,37,2.9800844e-8,-1.048469e-8,3.159144e-8
115,38,-7.1038513e-9,-4.4224358e-8,4.479128e-8
115,39,-7.194151e-8,-5.483274e-8,9.0455565e-8
115,40,-3.931974e-8,1.5891944e-8,4.2409855e-8
115,41,-3.7819397e-8,-3.2893592e-8,5.01228e-8
115,42,3.1178737e-9,-4.5237986e-8,4.5345303e-8
115,43,8.062653e-9,-5.2995507e-8,5.360532e-8
115,44,9.677527e-9,-4.083293e-8,4.1964064e-8
115,45,-3.4790126e-8,3.568742e-8,4.983919e-8
115,46,-6.1969565e-8,4.2426386e-8,7.510143e-8
115,47,-3.6363403e-8,-1.2440718e-8,3.843265e-8
115,48,5.442207e-8,6.5926876e-8,8.5487514e-8
115,49,-7.792183e-9,-6.00219e-10,7.815266e-9
115,50,-4.095574e-8,1.5410704e-8,4.375914e-8
115,51,-6.4859734e-8,-1.4994185e-8,6.6570344e-8
115,52,-5.0397e-8,-2.6078895e-8,5.6744746e-8
115,53,1.2505989e-8,-3.739156e-8,3.942751e-8
115,54,3.4355484e-8,1.0076175e-9,3.4370256e-8
115,55,2.6286706e-8,-8.096307e-9,2.7505292e-8
115,56,-3.643778e-8,6.481321e-8,7.4353636e-8
115,57,3.950904e-9,3.5687208e-8,3.590524e-8
115,58,5.540959e-8,6.943582e-8,8.8834426e-8
115,59,4.697428e-8,-1.9039534e-8,5.0686157e-8
115,60,8.1926125e-8,-9.265557e-9,8.244841e-8
115,61,-1.32156925e-8,-4.9688833e-8,5.1416286e-8
115,62,7.910558e-8,-5.2047504e-8,9.4692325e-8
115,63,-2.615532e-8,-1.0276223e-7,1.0603856e-7
115,64,2.021623e-8,-9.0628376e-8,9.285579e-8
115,65,1.077104e-9,4.753095e-8,4.7543153e-8
115,66,1.8764043e-8,-1.4123507e-8,2.3485374e-8
115,67,-2.4891929e-8,7.5439004e-8,7.943961e-8
115,68,6.925035e-9,-5.3755556e-8,5.4199777e-8
115,69,2.6257894e-9,2.5843713e-8,2.5976764e-8
115,70,2.9399394e-9,2.329189e-8,2.3476698e-8
115,71,-3.011822e-8,-5.5914557e-9,3.063285e-8
115,72,-6.412676e-8,5.3333693e-8,8.340698e-8
115,73,2.3675318e-8,4.4586972e-8,5.0482857e-8
115,74,9.832077e-9,5.7759692e-8,5.8590544e-8
115,75,-3.9015628e-8,8.719491e-9,3.9978104e-8
115,76,4.81213e-8,2.4600437e-8,5.4044808e-8
115,77,4.3501036e-8,-3.196529e-8,5.398259e-8
115,78,8.765576e-8,-8.776721e-8,1.240428e-7
115,79,8.530825e-8,-1.5060914e-8,8.662753e-8
115,80,5.9273034e-8,-3.3290746e-8,6.79821e-8
115,81,-2.7744024e-8,4.0628194e-8,4.9197368e-8
115,82,-8.782049e-8,-1.6674537e-8,8.9389474e-8
115,83,-1.1108632e-10,9.06374e-8,9.063747e-8
115,84,-3.891535e-8,3.4875164e-8,5.2255924e-8
115,85,-2.54321e-9,-3.779368e-9,4.555386e-9
115,86,6.4794754e-8,-7.535121e-9,6.523142e-8
115,87,-3.0905124e-8,-2.9466392e-8,4.2701227e-8
115,88,1.1063221e-8,2.2444338e-8,2.5022853e-8
115,89,-6.8225134e-8,8.9706775e-9,6.881237e-8
115,90,-2.0807583e-8,-1.08529825e-8,2.3467909e-8
115,91,9.738848e-8,1.5693255e-8,9.864479e-8
115,92,7.13368e-8,-6.701663e-8,9.787833e-8
115,93,-1.4662879e-10,2.7420626e-8,2.7421018e-8
115,94,-2.9798564e-8,-3.0170437e-9,2.9950908e-8
115,95,2.9962106e-8,8.343319e-8,8.865002e-8
115,96,-7.822365e-9,6.3749546e-8,6.422767e-8
115,97,4.1567016e-8,-1.0686013e-8,4.2918618e-8
115,98,-1.4401854e-9,-5.050146e-8,5.052199e-8
115,99,3.8437904e-8,1.2766518e-8,4.050255e-8
115,100,6.672031e-8,-9.828715e-9,6.744037e-8
115,101,-5.270857e-8,5.4508135e-8,7.582434e-8
115,102,-1.2794373e-8,8.7245615e-9,1.5485927e-8
115,103,2.7038222e-8,-2.3057645e-8,3.553478e-8
115,104,5.9005174e-9,-3.506176e-8,3.555479e-8
115,105,6.824625e-8,-1.7511688e-8,7.045715e-8
115,106,1.811798e-8,-9.033885e-9,2.0245302e-8
115,107,4.4545903e-8,7.054418e-8,8.343152e-8
115,108,7.651224e-9,-6.250981e-9,9.880081e-9
115,109,-1.7725483e-8,1.1453159e-8,2.1103734e-8
115,110,8.971139e-9,4.3167576e-9,9.955689e-9
115,111,8.512962e-9,-2.1539615e-8,2.3160862e-8
115,112,-5.0265294e-9,6.646969e-9,8.333559e-9
115,113,2.0619261e-8,3.4746526e-9,2.0909978e-8
115,114,-2.2711074e-8,-2.9243227e-8,3.7026467e-8
115,115,-2.4544807e-8,-1.9119899e-8,3.111299e-8
115,116,4.3681126e-8,-4.0054706e-9,4.386439e-8
115,117,2.188468e-8,-1.440194e-8,2.619838e-8
115,118,3.7922966e-8,5.8139595e-9,3.8366046e-8
115,119,1.186404e-8,-3.1339844e-8,3.3510318e-8
115,120,-3.3391267e-8,-3.7444585e-9,3.360056e-8
115,121,2.0547116e-8,4.556765e-9,2.1046333e-8
115,122,-1.1117906e-8,4.5041944e-8,4.6393797e-8
115,123,1.049819e-8,-5.527612e-8,5.6264213e-8
115,124,-3.0102854e-8,2.938091e-8,4.206447e-8
115,125,-1.5856179e-8,-5.1408477e-8,5.3798235e-8
115,126,3.760802e-8,1.184466e-8,3.9429167e-8
115,127,4.1434504e-8,-4.271673e-8,5.9510818e-8
115,128,2.2078554e-8,1.3675892e-9,2.2120869e-8
116,1,3.549125e-8,5.6300347e-8,6.655342e-8
116,2,-1.1551789e-8,-7.2632678e-9,1.3645471e-8
116,3,1.0614815e-7,-6.566151e-8,1.2481532e-7
116,4,4.3773806e-8,-3.592044e-8,5.6625296e-8
116,5,5.7726023e-8,5.3688685e-9,5.7975154e-8
116,6,8.42472e-9,2.9684804e-8,3.0857148e-8
116,7,8.258434e-8,-1.1942635e-8,8.3443396e-8
116,8,-2.3239782e-8,-1.9536472e-8,3.036052e-8
116,9,-8.653831e-9,-3.625337e-8,3.7271914e-8
116,10,-4.0474397e-8,-1.1668523e-8,4.212281e-8
116,11,-2.5575433e-8,-2.08444e-8,3.2993814e-8
116,12,1.1882804e-8,3.045476e-8,3.2690878e-8
116,13,-4.974829e-8,-2.6128287e-8,5.6192345e-8
116,14,-1.0322194e-8,6.0095062e-9,1.1944113e-8
116,15,5.979084e-9,5.0197078e-9,7.80685e-9
116,16,-7.988835e-9,3.96411e-8,4.043808e-8
116,17,-1.8967203e-8,-2.6686493e-8,3.2740246e-8
116,18,-1.710166e-8,-1.867669e-8,2.5323617e-8
116,19,2.7875142e-8,4.697281e-8,5.4621136e-8
116,20,4.506956e-8,-3.69887e-8,5.830462e-8
116,21,-4.2139895e-8,-5.07562e-8,6.596941e-8
116,22,-7.4542985e-9,4.7579164e-8,4.8159563e-8
116,23,2.9144427e-8,4.535207e-8,5.3909258e-8
116,24,-5.707848e-8,6.9696036e-9,5.750242e-8
116,25,-2.0119842e-8,2.9763338e-8,3.592582e-8
116,26,-9.2470986e-10,-1.6613134e-8,1.6638849e-8
116,27,2.2700894e-8,7.515118e-8,7.850497e-8
116,28,-1.3088819e-8,4.8676938e-8,5.0405966e-8
116,29,9.6568925e-8,-4.701145e-8,1.0740407e-7
116,30,-1.6250274e-9,-7.794977e-8,7.796671e-8
116,31,-2.4958936e-8,6.1669326e-8,6.65286e-8
116,32,-2.1655498e-10,-2.0087205e-8,2.0088372e-8
116,33,-6.225861e-9,-2.7514934e-8,2.8210511e-8
116,34,1.5634534e-8,1.142194e-8,1.9362318e-8
116,35,-1.2563667e-8,-1.4559905e-8,1.9231136e-8
116,36,-3.7116e-8,-5.3384806e-8,6.50195e-8
116,37,-4.9157386e-8,-2.5714268e-8,5.547677e-8
116,38,-2.4352326e-8,4.2313385e-8,4.8820674e-8
116,39,-2.5401616e-9,4.263568e-10,2.5756943e-9
116,40,1.2075701e-8,2.4629712e-8,2.7430735e-8
116,41,4.8591588e-8,-1.5634066e-8,5.104475e-8
116,42,-7.38655e-9,-4.8333565e-8,4.889473e-8
116,43,1.4612777e-8,1.0188833e-8,1.7814196e-8
116,44,3.2756418e-8,1.0619176e-7,1.1112908e-7
116,45,4.898713e-8,-1.0977699e-8,5.020208e-8
116,46,2.1149166e-8,-6.144595e-9,2.2023698e-8
116,47,3.1553462e-8,-1.5532786e-8,3.5169425e-8
116,48,-2.3612724e-8,-5.1083195e-8,5.627658e-8
116,49,-2.892122e-8,-4.2946606e-8,5.1776905e-8
116,50,5.0126793e-8,2.3651824e-8,5.5426565e-8
116,51,5.660507e-8,6.047001e-9,5.692715e-8
116,52,8.310593e-8,4.2224015e-9,8.321312e-8
116,53,1.6950201e-8,5.567656e-8,5.8199557e-8
116,54,-1.3544104e-8,4.5459558e-8,4.7434312e-8
116,55,4.9282005e-9,-3.88123e-8,3.912393e-8
116,56,1.7090034e-8,-5.1192814e-8,5.3970115e-8
116,57,3.560531e-8,-3.0461308e-8,4.6857544e-8
116,58,2.359613e-8,-5.231458e-8,5.738983e-8
116,59,2.714426e-8,1.880088e-8,3.301945e-8
116,60,4.599396e-9,4.3095593e-8,4.3340336e-8
116,61,-1.5019141e-8,7.5436105e-8,7.691671e-8
116,62,8.088604e-9,8.013041e-8,8.0537625e-8
116,63,2.7994822e-8,1.01679994e-7,1.05463414e-7
116,64,-1.4051852e-8,5.3536194e-8,5.5349602e-8
116,65,-6.727349e-8,-2.5646322e-8,7.1996226e-8
116,66,2.9222777e-8,4.7450417e-8,5.5727128e-8
116,67,-1.093528e-8,-2.6887447e-8,2.9026111e-8
116,68,4.7608353e-9,-1.3549463e-8,1.4361528e-8
116,69,3.463299e-8,-5.4552743e-8,6.461769e-8
116,70,5.558007e-8,-6.109389e-8,8.2593026e-8
116,71,3.2141338e-9,-2.0582286e-8,2.0831735e-8
116,72,3.6526625e-8,-5.5145907e-8,6.614579e-8
116,73,5.7557937e-8,-5.249594e-8,7.7902115e-8
116,74,4.636497e-9,-4.1933422e-8,4.218897e-8
116,75,2.6281807e-8,-5.3071425e-8,5.9222543e-8
116,76,-6.613658e-8,7.1508426e-9,6.652204e-8
116,77,-8.73901e-8,6.2122766e-8,1.0722065e-7
116,78,-5.0242107e-8,7.342209e-8,8.8966694e-8
116,79,-1.0333125e-7,3.1440894e-8,1.0800869e-7
116,80,-2.7836542e-8,-1.9589555e-8,3.4038564e-8
116,81,2.0059788e-8,5.9813495e-8,6.308763e-8
116,82,2.9268945e-8,-5.3722196e-8,6.1177985e-8
116,83,4.3028083e-9,-1.491201e-8,1.552038e-8
116,84,1.0764837e-7,1.7678577e-8,1.09090344e-7
116,85,5.466227e-8,-5.952248e-8,8.081392e-8
116,86,-3.200788e-8,5.7383993e-8,6.570713e-8
116,87,-3.8757186e-8,2.4501658e-8,4.5852488e-8
116,88,1.3638957e-8,-4.042136e-8,4.266037e-8
116,89,5.0020258e-8,-9.3897114e-8,1.0638935e-7
116,90,6.8372536e-8,1.6174027e-8,7.025954e-8
116,91,-5.9343915e-8,2.5948477e-8,6.4769004e-8
116,92,-4.3041773e-8,1.3148741e-9,4.3061853e-8
116,93,2.8416354e-8,-1.0466098e-8,3.0282475e-8
116,94,4.1854037e-8,4.0686694e-9,4.205133e-8
116,95,-5.1512107e-8,-1.2063018e-8,5.2905705e-8
116,96,2.8908246e-8,-4.689354e-9,2.9286118e-8
116,97,2.4613032e-8,-2.3916153e-8,3.431885e-8
116,98,-5.3249023e-9,4.9584298e-8,4.98694e-8
116,99,-1.6292192e-8,-2.3700657e-8,2.8760333e-8
116,100,-1.5516415e-8,-4.1341032e-8,4.4156995e-8
116,101,3.3082497e-8,-1.3882521e-8,3.5877235e-8
116,102,-3.7654797e-8,3.7633017e-9,3.7842387e-8
116,103,-5.069926e-9,2.6667388e-8,2.714505e-8
116,104,-4.2104233e-8,-2.6355837e-8,4.9672895e-8
116,105,-2.62638e-8,7.0617783e-9,2.7196617e-8
116,106,1.2951677e-8,-8.651368e-9,1.5575369e-8
116,107,-8.8472056e-11,1.4547645e-8,1.4547914e-8
116,108,-1.7671322e-8,1.1417678e-8,2.1038987e-8
116,109,-3.4588876e-9,-5.2500537e-9,6.2870478e-9
116,110,-1.6813951e-8,4.2463753e-8,4.5671428e-8
116,111,-4.7590847e-9,3.2471263e-8,3.2818164e-8
116,112,-7.3050943e-9,-9.593109e-9,1.2057867e-8
116,113,-1.3244118e-8,-1.0125499e-8,1.6671304e-8
116,114,-3.2024103e-9,2.4453344e-8,2.4662146e-8
116,115,-3.4160885e-10,-1.8427297e-8,1.8430462e-8
116,116,3.1521054e-8,-1.577714e-8,3.524904e-8
116,117,-1.4330728e-8,4.6921866e-8,4.9061505e-8
116,118,-1.4765462e-8,4.3129173e-8,4.558667e-8
116,119,-1.6159028e-8,-7.831722e-9,1.7956895e-8
116,120,-2.9659132e-8,1.720014e-8,3.4285694e-8
116,121,-6.370752e-9,-1.925138e-8,2.0278119e-8
116,122,2.2761707e-8,-2.1209932e-8,3.1112e-8
116,123,-1.6867025e-8,7.380997e-8,7.571267e-8
116,124,1.3393411e-8,3.6336715e-8,3.872648e-8
116,125,-1.250278e-8,2.6803125e-8,2.9575784e-8
116,126,-5.0751687e-9,3.16029e-8,3.2007822e-8
116,127,-2.274635e-8,4.8968246e-8,5.3993386e-8
116,128,9.640875e-9,3.459128e-8,3.5909654e-8
117,1,-1.2253107e-8,-6.1471546e-8,6.2680854e-8
117,2,3.8309125e-8,-1.0104499e-7,1.0806331e-7
117,3,-1.8234695e-9,3.527119e-8,3.5318294e-8
117,4,-2.7706484e-8,5.480216e-8,6.140787e-8
117,5,3.9120147e-9,1.8175006e-9,4.313603e-9
117,6,1.6170738e-10,6.718994e-8,6.719013e-8
117,7,4.4264684e-8,-8.953124e-10,4.4273737e-8
117,8,-2.781109e-8,1.4311749e-8,3.1277516e-8
117,9,-7.507787e-9,4.7656442e-8,4.8244207e-8
117,10,1.0142974e-9,3.0686376e-8,3.0703134e-8
117,11,-1.1460916e-8,1.1069225e-8,1.5933622e-8
117,12,3.334092e-8,5.045061e-8,6.047215e-8
117,13,2.548886e-8,9.536242e-9,2.721437e-8
117,14,2.0294799e-8,-4.0356014e-8,4.5171745e-8
117,15,3.4836866e-8,-1.9041264e-9,3.4888867e-8
117,16,7.538688e-9,-7.854617e-8,7.8907114e-8
117,17,-1.0492102e-8,1.2611292e-8,1.6405147e-8
117,18,-2.2407173e-8,3.4080475e-8,4.0786766e-8
117,19,-2.8982747e-8,-1.930979e-8,3.4826247e-8
117,20,-6.2242305e-9,-2.6094432e-8,2.6826488e-8
117,21,-1.4138606e-8,6.171782e-8,6.3316584e-8
117,22,5.580507e-8,-5.7288013e-8,7.997576e-8
117,23,-3.0169765e-8,-3.3902126e-8,4.5382475e-8
117,24,9.746397e-9,-3.7051976e-8,3.8312415e-8
117,25,4.6847655e-9,1.0182512e-8,1.1208504e-8
117,26,2.4281253e-8,1.9689411e-8,3.126103e-8
117,27,-3.469339e-9,-5.5472235e-8,5.5580617e-8
117,28,1.4897709e-8,-2.113168e-8,2.5855165e-8
117,29,-4.192841e-8,1.6634313e-8,4.510756e-8
117,30,-1.5466831e-8,5.224223e-8,5.4483696e-8
117,31,-3.7252587e-8,-4.5612785e-9,3.7530793e-8
117,32,8.288192e-9,9.740463e-9,1.2789478e-8
117,33,-4.1814623e-8,4.2161457e-8,5.938056e-8
117,34,-1.09255e-8,1.7385425e-8,2.0533376e-8
117,35,-3.0619592e-8,-2.0481819e-8,3.6838355e-8
117,36,-8.423682e-11,3.590228e-8,3.5902378e-8
117,37,2.7959173e-8,2.1316756e-8,3.515849e-8
117,38,-3.3795814e-8,-2.9935567e-8,4.5147484e-8
117,39,-9.762615e-9,4.4978523e-9,1.0748922e-8
117,40,-1.5937418e-8,5.917384e-8,6.12825e-8
117,41,-4.2135895e-9,1.518649e-8,1.5760197e-8
117,42,-2.9127863e-8,-1.5736974e-8,3.310717e-8
117,43,-3.9060726e-8,-7.479705e-8,8.43821e-8
117,44,-2.3985697e-8,-1.823543e-8,3.0130458e-8
117,45,-5.0021654e-8,1.9089196e-8,5.3540298e-8
117,46,-1.7799383e-8,-8.565457e-9,1.9753104e-8
117,47,1.5209295e-8,3.273337e-8,3.609427e-8
117,48,1.767595e-8,2.075321e-8,2.7260501e-8
117,49,7.0376784e-9,4.846113e-8,4.896948e-8
117,50,-6.4927725e-8,-2.2340998e-8,6.866389e-8
117,51,-4.3962665e-8,8.454809e-9,4.476829e-8
117,52,-1.2135734e-8,7.679673e-9,1.4361525e-8
117,53,1.5912676e-8,-8.833925e-9,1.8200316e-8
117,54,5.6220703e-8,3.2498203e-8,6.4937666e-8
117,55,2.902073e-8,2.960513e-8,4.1456804e-8
117,56,-2.3972213e-8,4.6956693e-8,5.2721894e-8
117,57,-3.7491485e-8,2.2940515e-8,4.3953143e-8
117,58,3.2869053e-8,2.971519e-8,4.43099e-8
117,59,4.411999e-8,1.0448017e-8,4.5340208e-8
117,60,-3.1144584e-8,-1.4225933e-8,3.4239775e-8
117,61,7.0892106e-8,-2.435075e-8,7.4957654e-8
117,62,4.871205e-8,-4.7711467e-8,6.818539e-8
117,63,-1.0186317e-8,-6.528793e-8,6.607779e-8
117,64,8.818799e-9,2.4696147e-9,9.158068e-9
117,65,5.652465e-9,7.087109e-10,5.6967213e-9
117,66,-5.4495935e-8,2.4138597e-10,5.4496468e-8
117,67,-4.2261675e-8,2.642147e-10,4.22625e-8
117,68,-1.114203e-8,-4.319363e-8,4.460756e-8
117,69,-9.403939e-9,3.653657e-8,3.772738e-8
117,70,-4.661923e-8,-1.02583755e-8,4.773455e-8
117,71,-5.349379e-8,1.2705936e-8,5.4982053e-8
117,72,-8.389284e-9,5.827112e-8,5.8871922e-8
117,73,-4.6642633e-8,-1.980993e-8,5.0675126e-8
117,74,-4.6102013e-8,5.8077955e-8,7.4151494e-8
117,75,-3.538663e-8,2.9698443e-8,4.6197524e-8
117,76,-1.7381454e-8,5.3570933e-8,5.6320154e-8
117,77,7.104706e-8,2.8810188e-8,7.666624e-8
117,78,7.8368956e-8,-6.860676e-8,1.0415652e-7
117,79,8.093035e-8,-4.2289333e-10,8.093145e-8
117,80,8.957351e-8,-3.252986e-8,9.529746e-8
117,81,5.4728645e-8,-6.380782e-8,8.4063444e-8
117,82,-4.3630806e-8,-3.7541813e-8,5.755897e-8
117,83,-2.4309445e-8,2.0404801e-8,3.1738068e-8
117,84,9.076561e-9,7.817288e-9,1.1978896e-8
117,85,-2.8157556e-8,1.4721391e-8,3.1773688e-8
117,86,2.6169333e-8,-8.962834e-9,2.7661642e-8
117,87,5.6012773e-8,-4.1536126e-8,6.973292e-8
117,88,6.773061e-8,1.5110228e-8,6.939564e-8
117,89,-1.1045e-7,2.5983354e-8,1.1346514e-7
117,90,-3.104535e-8,1.893386e-8,3.636351e-8
117,91,6.971445e-8,-4.2073287e-10,6.9715725e-8
117,92,1.84891e-8,-3.820036e-8,4.2439535e-8
117,93,-5.4900344e-8,3.5841293e-8,6.556406e-8
117,94,-5.3950362e-8,-2.0796593e-8,5.7819893e-8
117,95,2.0123519e-8,-3.627164e-8,4.1479968e-8
117,96,-4.4103956e-8,8.234051e-9,4.4866006e-8
117,97,3.639862e-8,-6.169257e-8,7.162983e-8
117,98,-5.112926e-8,-6.922287e-8,8.605816e-8
117,99,1.0086267e-8,-1.8817374e-8,2.135009e-8
117,100,2.8012401e-8,-1.1233978e-8,3.018107e-8
117,101,-3.9926448e-8,-3.617221e-8,5.387532e-8
117,102,-1.2979271e-8,-1.6076001e-8,2.0661542e-8
117,103,7.967325e-9,-1.7749725e-8,1.9455873e-8
117,104,-1.8685926e-10,-6.213426e-8,6.2134546e-8
117,105,6.701704e-9,2.8634803e-8,2.9408584e-8
117,106,1.0819416e-8,-2.5475456e-8,2.7677764e-8
117,107,2.780129e-8,1.693764e-8,3.25545e-8
117,108,-3.1376082e-8,-1.7449313e-8,3.590177e-8
117,109,-2.5234328e-8,-2.8565639e-8,3.8115182e-8
117,110,-1.3010798e-9,-2.3886571e-8,2.3921979e-8
117,111,-2.9749101e-8,1.6685405e-8,3.4108822e-8
117,112,6.13319e-8,-2.1956586e-8,6.514364e-8
117,113,-8.8058816e-10,9.9305915e-9,9.969558e-9
117,114,-2.692988e-8,-2.8664836e-8,3.9330537e-8
117,115,-1.5666878e-8,3.292901e-8,3.646602e-8
117,116,-1.7536889e-9,4.2792113e-8,4.282803e-8
117,117,2.3620858e-8,-3.0049954e-8,3.8222307e-8
117,118,5.538215e-8,8.52757e-9,5.603483e-8
117,119,2.2145388e-8,-1.5135958e-8,2.6823784e-8
117,120,4.4477492e-8,7.2579837e-10,4.4483414e-8
117,121,1.2598548e-9,-2.2289107e-8,2.2324684e-8
117,122,3.1506588e-8,5.5558154e-9,3.1992688e-8
117,123,1.8216896e-8,3.993789e-8,4.389636e-8
117,124,-2.8082155e-8,-2.0440309e-8,3.4733468e-8
117,125,-2.4320903e-8,-6.0587992e-9,2.5064224e-8
117,126,2.3777135e-8,3.0399775e-8,3.859402e-8
117,127,-2.5289e-8,-4.1878213e-8,4.8921553e-8
117,128,-1.2851711e-8,-5.7737168e-8,5.9150207e-8
118,1,1.3449189e-8,3.271493e-8,3.537156e-8
118,2,4.7594867e-8,-5.3177985e-8,7.136644e-8
118,3,7.0051456e-8,6.6683303e-9,7.0368124e-8
118,4,3.0558553e-8,-3.1943465e-8,4.420645e-8
118,5,2.0232624e-9,-2.6011502e-8,2.6090072e-8
118,6,-1.4206252e-8,-3.0032712e-8,3.3223206e-8
118,7,-1.2563718e-8,-2.6025791e-8,2.8899633e-8
118,8,1.7799138e-8,-5.2347687e-8,5.5290954e-8
118,9,2.6913595e-8,-5.0011597e-8,5.6793496e-8
118,10,-3.717008e-8,-1.9749635e-8,4.2091123e-8
118,11,6.290717e-8,2.696435e-8,6.844259e-8
118,12,3.9269166e-9,3.722475e-8,3.7431306e-8
118,13,-2.2537456e-9,1.381398e-8,1.3996622e-8
118,14,-1.6211784e-8,-2.6243123e-8,3.0846774e-8
118,15,2.3050767e-8,9.4035055e-9,2.4895055e-8
118,16,4.1992587e-9,-5.1513775e-9,6.6460863e-9
118,17,-1.0356092e-8,-7.447436e-11,1.0356359e-8
118,18,-5.4932094e-9,-1.6984165e-8,1.7850413e-8
118,19,4.868551e-10,2.820551e-9,2.8622604e-9
118,20,4.741429e-8,-3.1455183e-8,5.6899413e-8
118,21,1.7769754e-8,-3.1172704e-8,3.5881772e-8
118,22,-1.9105556e-8,-1.8528782e-8,2.6614622e-8
118,23,3.4858626e-8,-1.8120993e-8,3.928733e-8
118,24,-3.0523157e-8,-2.1068793e-8,3.7088505e-8
118,25,4.4152006e-9,7.647914e-10,4.480949e-9
118,26,-3.439828e-8,-1.9763737e-8,3.967174e-8
118,27,-1.8108906e-8,3.5168035e-9,1.8447233e-8
118,28,4.0024005e-8,-6.0170753e-9,4.0473772e-8
118,29,6.460282e-8,-4.3256087e-8,7.774712e-8
118,30,-1.3041174e-8,-1.1239191e-7,1.1314598e-7
118,31,-2.0713454e-8,2.3020101e-8,3.096728e-8
118,32,1.1584669e-8,-3.6289983e-8,3.8094193e-8
118,33,7.4114452e-9,-3.395525e-8,3.475469e-8
118,34,1.897309e-9,-8.676216e-9,8.881245e-9
118,35,4.026485e-8,-1.2760939e-8,4.2238604e-8
118,36,-4.076012e-8,-5.3337537e-8,6.712883e-8
118,37,-5.0063254e-10,2.1465786e-8,2.1471623e-8
118,38,-2.3911637e-9,5.3567643e-8,5.3620983e-8
118,39,1.6531136e-8,1.4185374e-8,2.1783096e-8
118,40,-2.5309759e-9,1.9100975e-8,1.926793e-8
118,41,-2.073749e-8,1.2961062e-8,2.4454705e-8
118,42,6.939787e-8,2.5079935e-8,7.37907e-8
118,43,4.8821285e-8,5.0177984e-8,7.000963e-8
118,44,2.9143735e-8,7.288334e-8,7.8494196e-8
118,45,5.2301893e-8,-6.132995e-8,8.0603044e-8
118,46,5.0092094e-8,-4.0217994e-8,6.423944e-8
118,47,4.0956238e-8,-3.0018676e-8,5.077927e-8
118,48,-7.331564e-8,-6.63945e-8,9.891114e-8
118,49,-7.2102257e-9,-7.088668e-8,7.125243e-8
118,50,-1.1057046e-9,5.770624e-9,5.875601e-9
118,51,5.0021193e-8,-5.50825e-9,5.0323557e-8
118,52,3.2299024e-8,6.796656e-9,3.3006387e-8
118,53,-8.4514555e-9,5.5926886e-8,5.6561856e-8
118,54,-2.630248e-8,-3.5986186e-8,4.4573827e-8
118,55,-3.1246753e-8,-5.0211103e-8,5.9139786e-8
118,56,2.7180882e-8,-5.463677e-8,6.1024394e-8
118,57,5.526858e-8,5.732507e-9,5.5565074e-8
118,58,5.215822e-9,-5.477622e-8,5.5023985e-8
118,59,6.96159e-10,-9.371551e-9,9.397372e-9
118,60,-2.4627479e-8,-2.1513215e-10,2.4628418e-8
118,61,-5.3979317e-8,5.8544956e-8,7.9632144e-8
118,62,-1.8215296e-8,8.299153e-8,8.4967e-8
118,63,2.5268712e-9,6.397936e-8,6.402924e-8
118,64,-1.4177726e-8,4.0939106e-8,4.332457e-8
118,65,-1.3145944e-8,7.3476194e-8,7.464293e-8
118,66,-1.9354259e-8,8.3768015e-8,8.597481e-8
118,67,7.583054e-9,-1.5272395e-8,1.7051356e-8
118,68,-1.428709e-8,9.0618615e-9,1.6918577e-8
118,69,3.3409712e-8,4.616169e-9,3.3727108e-8
118,70,5.3952842e-8,-3.5820047e-8,6.476098e-8
118,71,2.7333467e-8,-2.7417999e-8,3.871518e-8
118,72,5.300506e-8,-4.6349093e-8,7.041147e-8
118,73,1.1733952e-8,1.6127105e-8,1.9944151e-8
118,74,-9.98316e-10,-6.785939e-9,6.8589796e-9
118,75,-4.4447894e-8,-2.8003429e-8,5.2533867e-8
118,76,-3.5097013e-8,-5.4588686e-8,6.4897804e-8
118,77,-6.78872e-8,-5.8911724e-9,6.8142334e-8
118,78,-3.3848252e-8,7.5646696e-8,8.287416e-8
118,79,-3.104831e-8,1.7583858e-8,3.5681783e-8
118,80,-6.458197e-9,4.4661952e-8,4.512647e-8
118,81,-1.7418958e-9,4.2470802e-8,4.2506507e-8
118,82,6.73305e-8,-4.9597006e-8,8.362571e-8
118,83,5.8080467e-8,-3.966692e-8,7.033353e-8
118,84,5.2259107e-8,3.185695e-8,6.120359e-8
118,85,6.7678574e-9,1.7469711e-9,6.9896924e-9
118,86,-1.337741e-8,8.9353925e-8,9.034976e-8
118,87,1.0718537e-8,5.1545214e-8,5.264785e-8
118,88,1.3598368e-8,-8.176691e-8,8.288995e-8
118,89,9.1320956e-8,-8.5023535e-9,9.1715904e-8
118,90,7.539922e-8,-5.9699707e-9,7.56352e-8
118,91,-3.631398e-8,-3.0398336e-8,4.735783e-8
118,92,-6.269014e-8,5.316491e-8,8.2198305e-8
118,93,2.3074303e-8,-1.4951837e-8,2.7495107e-8
118,94,7.067026e-8,2.2693639e-8,7.422457e-8
118,95,-2.4675678e-8,-8.004297e-9,2.5941432e-8
118,96,-2.471678e-8,-3.3026662e-8,4.125142e-8
118,97,2.2936327e-8,-7.482375e-9,2.412594e-8
118,98,1.575157e-8,5.5881422e-8,5.805898e-8
118,99,-4.003729e-9,-4.9256656e-8,4.9419107e-8
118,100,-3.0481295e-9,-2.036408e-8,2.059094e-8
118,101,-2.724147e-8,2.0908791e-8,3.4340577e-8
118,102,-5.5694123e-8,-1.0463915e-9,5.5703953e-8
118,103,-3.050666e-11,-1.0120082e-8,1.0120128e-8
118,104,-4.586728e-8,-1.0048965e-8,4.6955183e-8
118,105,-4.471093e-9,-4.642075e-8,4.6635574e-8
118,106,-3.5181035e-8,6.763048e-8,7.623377e-8
118,107,1.10862075e-8,2.1941815e-8,2.4583475e-8
118,108,3.524809e-9,6.6498855e-9,7.526304e-9
118,109,1.9909173e-8,-4.7263807e-8,5.128589e-8
118,110,1.3071151e-8,-5.1763043e-9,1.4058774e-8
118,111,3.0434695e-8,1.4914935e-8,3.389286e-8
118,112,-2.5342622e-8,-4.976175e-10,2.5347507e-8
118,113,1.7673939e-8,1.033542e-8,2.0474106e-8
118,114,-6.1579306e-9,-3.0219223e-9,6.8594552e-9
118,115,3.0088446e-10,-2.2216524e-8,2.2218561e-8
118,116,1.729824e-8,-1.3282117e-8,2.1809257e-8
118,117,-3.8805698e-8,1.6067954e-8,4.2000732e-8
118,118,2.833931e-8,6.6576624e-9,2.9110838e-8
118,119,2.1450592e-8,-3.5511206e-8,4.148703e-8
118,120,-9.223378e-9,1.5537701e-8,1.8069057e-8
118,121,-2.2916035e-8,1.5487899e-8,2.765899e-8
118,122,-2.6429314e-8,-1.8400808e-8,3.220401e-8
118,123,-5.551063e-10,1.3988181e-8,1.3999191e-8
118,124,-7.73453e-9,-6.246345e-9,9.94182e-9
118,125,-3.2455958e-8,-3.5756926e-8,4.8290236e-8
118,126,-2.7509019e-8,-1.5928086e-8,3.1787575e-8
118,127,3.4075506e-10,3.641269e-8,3.6414285e-8
118,128,-1.2792114e-8,6.173957e-8,6.305088e-8
119,1,6.290904e-9,-4.962654e-8,5.0023683e-8
119,2,3.491485e-8,-1.0435253e-8,3.644093e-8
119,3,2.9992837e-8,-5.628912e-9,3.0516468e-8
119,4,-1.9669491e-8,2.7163043e-8,3.3536843e-8
119,5,1.64501e-8,-3.6277818e-8,3.9833225e-8
119,6,6.238612e-9,-8.0103685e-10,6.289828e-9
119,7,-2.3052888e-8,3.113595e-8,3.874123e-8
119,8,2.1614582e-8,4.2902528e-8,4.8039745e-8
119,9,3.980541e-10,2.0092338e-8,2.009628e-8
119,10,-1.5382629e-8,2.8805458e-8,3.2655468e-8
119,11,-7.987393e-9,1.905938e-8,2.0665391e-8
119,12,3.3181966e-8,-2.3574465e-8,4.0703785e-8
119,13,-2.3976035e-8,1.6348466e-8,2.9019349e-8
119,14,-1.4917116e-8,-2.482514e-8,2.896218e-8
119,15,2.4868278e-8,-4.1955285e-8,4.8771685e-8
119,16,-9.8615525e-9,-4.9333728e-8,5.0309712e-8
119,17,5.995653e-8,-1.3417e-9,5.997154e-8
119,18,4.568439e-9,4.4276813e-8,4.451187e-8
119,19,-1.9589635e-8,-2.4110042e-8,3.106522e-8
119,20,-4.9323315e-8,5.122512e-8,7.1111195e-8
119,21,1.9706915e-8,1.21571375e-8,2.3155097e-8
119,22,6.720647e-8,6.497486e-9,6.751983e-8
119,23,2.7511147e-8,-1.4059165e-8,3.089536e-8
119,24,3.16352e-8,9.570056e-9,3.3051048e-8
119,25,-1.4548881e-9,-6.719791e-8,6.7213655e-8
119,26,2.359514e-9,-1.7367977e-8,1.7527519e-8
119,27,1.1769407e-8,-4.5091966e-8,4.6602622e-8
119,28,-1.852561e-8,5.7335034e-9,1.9392557e-8
119,29,-5.9178003e-8,4.9234632e-8,7.698107e-8
119,30,9.911328e-9,2.7721384e-8,2.9439931e-8
119,31,-2.0026072e-9,-1.6572715e-8,1.669327e-8
119,32,-2.0568093e-8,-3.7065913e-8,4.239019e-8
119,33,5.9262213e-8,1.9714488e-8,6.245535e-8
119,34,-3.2044827e-8,2.8121011e-8,4.263405e-8
119,35,-2.4899032e-8,-3.098249e-8,3.974766e-8
119,36,2.207923e-8,2.7541779e-8,3.529932e-8
119,37,1.2155956e-8,1.5793391e-8,1.992984e-8
119,38,-4.1637758e-8,-4.0058456e-8,5.7778742e-8
119,39,-5.2408275e-8,1.1930722e-9,5.2421854e-8
119,40,1.7364016e-8,2.8464906e-9,1.7595783e-8
119,41,-2.5323267e-8,-4.0891743e-9,2.56513e-8
119,42,-1.969384e-8,-4.059492e-9,2.0107878e-8
119,43,-2.8920503e-8,-5.9160875e-8,6.585138e-8
119,44,-5.4169476e-8,-2.2987006e-8,5.8845004e-8
119,45,-1.15441345e-8,3.4717328e-8,3.6586336e-8
119,46,-3.3901142e-9,2.313729e-8,2.3384333e-8
119,47,-2.9211717e-8,8.43994e-9,3.040653e-8
119,48,5.634626e-8,5.0499878e-8,7.5664644e-8
119,49,1.5473747e-8,4.6003624e-8,4.853628e-8
119,50,-2.8709557e-8,-3.1060665e-8,4.2296616e-8
119,51,-5.9191205e-8,7.1034845e-9,5.961592e-8
119,52,-8.543904e-8,4.3629695e-9,8.555037e-8
119,53,4.0794305e-8,-2.7179142e-8,4.9019192e-8
119,54,4.3698424e-8,1.0327793e-8,4.490229e-8
119,55,2.6962054e-8,1.6467174e-8,3.159304e-8
119,56,2.2340068e-8,2.9603892e-10,2.2342029e-8
119,57,-2.789585e-8,3.081546e-8,4.1566466e-8
119,58,-2.3213182e-8,6.629937e-8,7.02457e-8
119,59,-4.152451e-8,1.5278319e-8,4.4246036e-8
119,60,1.7423517e-8,-4.3524944e-9,1.7958929e-8
119,61,-9.015838e-9,-2.5614003e-8,2.715442e-8
119,62,3.020404e-8,-7.870813e-8,8.430453e-8
119,63,-1.2216441e-8,-7.207191e-8,7.309995e-8
119,64,-3.9649837e-8,-5.997511e-8,7.1896615e-8
119,65,2.6176155e-9,-2.5534138e-8,2.5667958e-8
119,66,-2.263142e-8,-3.4469622e-8,4.123513e-8
119,67,-6.301842e-8,2.7179913e-8,6.8629944e-8
119,68,-4.9524136e-8,5.5796203e-9,4.9837457e-8
119,69,-4.189284e-8,1.0616001e-8,4.3217003e-8
119,70,-6.0144096e-8,1.7983027e-8,6.277501e-8
119,71,-2.1692866e-8,1.12828715e-8,2.4451658e-8
119,72,-6.23012e-8,4.007919e-8,7.407956e-8
119,73,-7.9320595e-9,1.0364922e-8,1.3051788e-8
119,74,-1.878503e-8,5.376056e-8,5.6948004e-8
119,75,-1.8178811e-8,5.0712654e-8,5.3872466e-8
119,76,4.3161943e-8,4.998964e-8,6.604481e-8
119,77,7.7758706e-8,-1.5911526e-8,7.9369975e-8
119,78,5.7928798e-8,-6.7957444e-8,8.929703e-8
119,79,6.633836e-8,1.1906973e-8,6.739847e-8
119,80,2.2533511e-8,9.997024e-9,2.4651564e-8
119,81,-2.0304634e-9,-3.769382e-9,4.2814743e-9
119,82,-4.947972e-8,6.784231e-8,8.396917e-8
119,83,-5.700269e-8,-2.1941759e-8,6.1079845e-8
119,84,-2.9453632e-8,-4.111659e-8,5.057757e-8
119,85,-9.489852e-9,3.4830208e-8,3.609987e-8
119,86,-1.4211435e-8,-2.8443223e-8,3.179594e-8
119,87,2.3275966e-8,1.0294919e-8,2.545105e-8
119,88,2.0396042e-8,2.2815952e-8,3.060337e-8
119,89,-2.7562697e-9,1.7159675e-8,1.7379628e-8
119,90,-2.2216932e-8,1.311004e-8,2.5796613e-8
119,91,4.5542215e-8,-1.450681e-9,4.5565315e-8
119,92,4.9349937e-9,-7.450835e-8,7.4671604e-8
119,93,-2.5338414e-8,-1.1905527e-8,2.7996014e-8
119,94,6.53499e-9,-5.908857e-8,5.9448844e-8
119,95,4.8821118e-8,-1.2991991e-8,5.0520228e-8
119,96,5.121236e-8,5.0887e-8,7.219552e-8
119,97,-3.7607762e-8,8.9848715e-9,3.866616e-8
119,98,-6.9783277e-9,-6.137488e-8,6.177032e-8
119,99,7.118671e-8,1.0979654e-8,7.202847e-8
119,100,4.7366527e-8,1.6904457e-9,4.7396682e-8
119,101,-3.2554656e-8,2.617594e-8,4.1773024e-8
119,102,-1.4309124e-9,6.3220753e-9,6.4819865e-9
119,103,7.982032e-9,2.1501483e-9,8.266557e-9
119,104,1.9570093e-8,6.9508728e-9,2.076784e-8
119,105,-8.048915e-9,-3.2585636e-8,3.356499e-8
119,106,-4.5957798e-8,-4.321415e-8,6.308393e-8
119,107,2.2447049e-8,2.972116e-9,2.2642956e-8
119,108,-1.6642566e-8,-7.528906e-9,1.8266347e-8
119,109,-1.1102765e-8,1.8324835e-8,2.1425942e-8
119,110,8.8311936e-9,5.444348e-9,1.03745315e-8
119,111,2.3735694e-8,-1.0579757e-8,2.5986813e-8
119,112,7.6564275e-9,1.0771104e-8,1.321505e-8
119,113,-9.319547e-9,3.2015393e-8,3.3344254e-8
119,114,-8.569193e-9,-1.6453294e-8,1.8551063e-8
119,115,3.9805865e-9,-1.063205e-8,1.1352777e-8
119,116,-7.300917e-8,1.2608971e-8,7.4089975e-8
119,117,1.1282924e-8,-6.3790475e-9,1.2961351e-8
119,118,1.3665249e-8,4.1858934e-9,1.4291982e-8
119,119,1.6350725e-8,-7.0550543e-9,1.7807864e-8
119,120,2.3184299e-8,-7.745531e-9,2.4443915e-8
119,121,1.947277e-8,-8.434686e-10,1.949103e-8
119,122,1.8034509e-8,2.181752e-8,2.8306319e-8
119,123,-6.2904144e-9,-1.7355681e-8,1.846047e-8
119,124,-6.468681e-9,-4.5148116e-9,7.888432e-9
119,125,-1.3872355e-8,-8.026836e-9,1.6027236e-8
119,126,1.5154228e-8,-1.2222359e-8,1.9468864e-8
119,127,2.92167e-8,-5.5244403e-8,6.249448e-8
119,128,-2.9592355e-9,-5.1710792e-8,5.1795396e-8
120,1,8.1586435e-9,2.090853e-8,2.2443933e-8
120,2,2.499422e-8,1.2044044e-8,2.774473e-8
120,3,6.4617827e-9,-4.4793285e-9,7.862507e-9
120,4,2.2828628e-8,-5.0895753e-8,5.5781037e-8
120,5,4.166328e-8,5.565589e-8,6.9522706e-8
120,6,-1.7104792e-8,-2.848951e-8,3.32299e-8
120,7,-2.208712e-8,2.1691793e-8,3.095763e-8
120,8,-3.3494e-8,-2.6094332e-8,4.2458947e-8
120,9,-7.398285e-10,-2.1007075e-8,2.10201e-8
120,10,-1.5835678e-8,-3.8669377e-8,4.1786233e-8
120,11,1.8826793e-8,7.1127753e-9,2.0125597e-8
120,12,3.197266e-8,-2.8356026e-9,3.2098157e-8
120,13,8.743586e-9,-2.994995e-8,3.1200155e-8
120,14,5.3496077e-8,3.2261347e-8,6.247099e-8
120,15,-2.5020044e-9,5.5175825e-8,5.5232523e-8
120,16,9.56809e-9,4.0473505e-8,4.1589097e-8
120,17,-7.72126e-9,2.2418558e-8,2.3710959e-8
120,18,-6.2183476e-9,-2.6276286e-8,2.7002056e-8
120,19,-3.5921886e-8,3.47903e-8,5.000747e-8
120,20,-2.7146706e-8,-1.5957408e-8,3.1489403e-8
120,21,-6.0110644e-10,-1.5384847e-8,1.5396585e-8
120,22,-2.7177062e-8,-2.7276952e-8,3.850487e-8
120,23,2.914465e-8,3.0483942e-8,4.2174417e-8
120,24,-4.8142903e-9,-2.4410905e-8,2.488111e-8
120,25,-1.8169496e-9,-6.3460797e-9,6.601063e-9
120,26,-2.0089828e-8,4.2824375e-8,4.7302517e-8
120,27,-1.2543933e-8,4.6810356e-8,4.8461942e-8
120,28,-2.9696185e-8,4.0405066e-8,5.014412e-8
120,29,4.199975e-8,-2.3692227e-8,4.8221374e-8
120,30,1.9177142e-8,-7.6453574e-8,7.8822026e-8
120,31,-1.01901945e-8,7.061971e-8,7.135113e-8
120,32,2.6993796e-8,-5.671494e-9,2.7583162e-8
120,33,6.367614e-9,-1.096438e-8,1.267928e-8
120,34,-6.8115042e-9,-2.840919e-8,2.9214357e-8
120,35,1.9939149e-8,-7.7550135e-9,2.1394156e-8
120,36,-2.4157341e-8,-6.3569328e-9,2.4979746e-8
120,37,-4.321233e-8,-3.7616747e-8,5.729158e-8
120,38,6.3992265e-9,-9.576585e-9,1.1517859e-8
120,39,2.725963e-8,4.1211084e-8,4.941094e-8
120,40,4.303432e-10,3.958279e-9,3.981604e-9
120,41,1.5924403e-8,-1.833007e-8,2.428123e-8
120,42,2.0631392e-9,5.4934155e-9,5.8680625e-9
120,43,1.08815525e-8,5.644837e-8,5.748762e-8
120,44,8.767612e-9,3.3691613e-8,3.481373e-8
120,45,3.026717e-8,-4.155754e-8,5.1411387e-8
120,46,2.3235055e-8,-8.035741e-9,2.4585379e-8
120,47,1.2789053e-8,1.1391881e-9,1.283969e-8
120,48,-2.717869e-8,-2.0654202e-8,3.4136157e-8
120,49,-4.5788806e-8,-1.1746226e-8,4.7271435e-8
120,50,4.9231353e-8,2.9157228e-8,5.7217743e-8
120,51,6.425521e-8,-7.185561e-9,6.465574e-8
120,52,2.5947335e-8,1.7912617e-9,2.6009092e-8
120,53,-2.0263109e-8,6.4855996e-8,6.794773e-8
120,54,-1.88351e-8,-1.0715389e-8,2.1669807e-8
120,55,-2.0670299e-9,-1.2835778e-8,1.3001146e-8
120,56,1.4855784e-8,-2.1080066e-8,2.5788825e-8
120,57,3.382991e-8,-3.8066393e-8,5.0926545e-8
120,58,1.5619916e-8,-3.3042504e-8,3.6548446e-8
120,59,-5.9870255e-9,-2.626549e-8,2.6939198e-8
120,60,1.0218146e-8,4.5240878e-8,4.6380464e-8
120,61,4.4606927e-9,4.945872e-10,4.488028e-9
120,62,2.8370213e-9,4.2714905e-8,4.2809017e-8
120,63,-3.370993e-8,1.06033724e-7,1.1126325e-7
120,64,2.5917497e-8,7.477927e-8,7.914326e-8
120,65,-1.2767675e-8,2.2328646e-8,2.5721235e-8
120,66,9.914839e-9,4.607886e-8,4.7133483e-8
120,67,3.9992525e-8,1.3251255e-8,4.2130722e-8
120,68,4.1527852e-9,-2.1469736e-8,2.1867674e-8
120,69,-2.2747649e-8,-5.429164e-8,5.8864572e-8
120,70,2.2511541e-8,-3.3712794e-8,4.053791e-8
120,71,4.1856154e-8,-4.0977106e-8,5.8575257e-8
120,72,9.182896e-8,-3.4636948e-8,9.8144156e-8
120,73,4.1841684e-8,-1.7637921e-8,4.5407297e-8
120,74,4.4506056e-8,-5.040982e-8,6.724537e-8
120,75,-2.2822734e-8,-1.5838577e-8,2.7780167e-8
120,76,-3.8651155e-8,-1.9616344e-9,3.87009e-8
120,77,-7.836088e-8,2.2755147e-8,8.159794e-8
120,78,-7.041097e-8,9.545077e-8,1.1861094e-7
120,79,-7.726479e-8,-7.841418e-9,7.766167e-8
120,80,-4.3267296e-8,3.7636294e-9,4.3430678e-8
120,81,-1.7094264e-8,2.0173257e-8,2.6441901e-8
120,82,2.1314094e-8,2.3090703e-8,3.1424054e-8
120,83,-9.576572e-9,-3.7148226e-8,3.836276e-8
120,84,5.2173103e-8,-5.7538582e-8,7.767059e-8
120,85,2.0224837e-8,-1.2006652e-8,2.3520283e-8
120,86,3.512823e-8,7.042311e-8,7.869821e-8
120,87,-7.2784347e-9,5.328141e-9,9.020238e-9
120,88,5.282336e-9,2.376159e-8,2.4341656e-8
120,89,8.7171706e-8,-8.827862e-9,8.7617565e-8
120,90,-1.3787213e-8,-2.788242e-8,3.110493e-8
120,91,-2.2788672e-8,-1.0468311e-8,2.507806e-8
120,92,-2.5271953e-8,5.347837e-9,2.583159e-8
120,93,1.5621074e-8,-2.4527235e-8,2.9079258e-8
120,94,2.4206154e-8,1.0743761e-9,2.4229985e-8
120,95,-1.9595149e-8,1.2514834e-8,2.325061e-8
120,96,-4.2593186e-8,2.2783079e-8,4.8303708e-8
120,97,2.4590765e-9,1.1996617e-9,2.7361005e-9
120,98,3.9528075e-8,2.7944704e-8,4.840842e-8
120,99,2.973312e-8,-1.9789082e-8,3.571647e-8
120,100,-1.9573683e-8,-2.3001958e-8,3.0202965e-8
120,101,2.1838412e-8,3.25344e-9,2.2079428e-8
120,102,8.3327025e-9,2.1795183e-8,2.3333751e-8
120,103,9.184912e-9,-1.9950653e-8,2.1963405e-8
120,104,-3.628026e-8,-1.8828098e-8,4.0874863e-8
120,105,-3.407068e-8,1.4907775e-8,3.718942e-8
120,106,1.48398e-8,3.9065387e-8,4.1789043e-8
120,107,6.9616326e-9,1.506444e-8,1.6595232e-8
120,108,1.0456201e-8,-3.4961896e-8,3.6492004e-8
120,109,3.3668382e-8,-2.2483222e-8,4.0485247e-8
120,110,1.6322224e-8,3.849333e-8,4.18109e-8
120,111,3.2154717e-9,4.0107995e-8,4.023668e-8
120,112,1.1279405e-10,8.41409e-9,8.414846e-9
120,113,-3.1790826e-8,-2.2345281e-9,3.186926e-8
120,114,1.12576695e-8,2.5973216e-8,2.8308005e-8
120,115,2.1851852e-8,1.0587932e-8,2.428184e-8
120,116,3.9552233e-9,-3.3248014e-8,3.3482447e-8
120,117,4.774684e-9,2.5005367e-8,2.545714e-8
120,118,-4.0090433e-9,-3.93994e-8,3.9602842e-8
120,119,-2.3267676e-8,1.2322789e-8,2.6329372e-8
120,120,-2.4243732e-8,5.353353e-8,5.8767316e-8
120,121,2.699871e-8,-2.5092069e-8,3.685841e-8
120,122,-1.440234e-8,-3.0374443e-9,1.4719153e-8
120,123,-2.2118125e-9,-2.695812e-9,3.48705e-9
120,124,-6.155727e-10,3.478599e-8,3.4791437e-8
120,125,4.7818343e-8,1.24687025e-8,4.9417228e-8
120,126,2.6689108e-8,-8.357478e-9,2.7967051e-8
120,127,-2.647964e-8,3.6931024e-8,4.5443063e-8
120,128,-2.3609019e-8,6.78548e-8,7.184469e-8
121,1,-2.459316e-8,-1.207927e-8,2.7399494e-8
121,2,-5.9317394e-8,2.6478577e-9,5.9376465e-8
121,3,-1.9450248e-9,9.694995e-9,9.888177e-9
121,4,8.5313205e-9,2.1312218e-8,2.2956351e-8
121,5,2.5579956e-9,2.4225407e-8,2.4360084e-8
121,6,3.1709196e-10,7.3464705e-9,7.3533104e-9
121,7,1.7907377e-8,1.6334928e-8,2.4238481e-8
121,8,-1.918249e-8,1.9442899e-8,2.7312895e-8
121,9,2.5683024e-8,5.0659605e-8,5.6798005e-8
121,10,1.5592168e-8,1.853412e-8,2.4220432e-8
121,11,-5.0565657e-8,-1.4352706e-8,5.256316e-8
121,12,1.6103144e-9,2.6012993e-8,2.6062787e-8
121,13,6.251608e-9,1.0618227e-8,1.2321905e-8
121,14,8.407476e-9,-3.9907746e-8,4.0783746e-8
121,15,2.5691984e-8,-2.438625e-8,3.5422694e-8
121,16,-1.069688e-9,-4.315072e-8,4.3163976e-8
121,17,4.150016e-8,-5.7368066e-9,4.18948e-8
121,18,2.2333028e-8,-5.4573754e-9,2.2990152e-8
121,19,4.377662e-9,-2.6217521e-9,5.102696e-9
121,20,-2.8486017e-8,4.4993268e-8,5.3252673e-8
121,21,-2.4876307e-8,1.2902255e-9,2.4909744e-8
121,22,4.860965e-8,8.290796e-9,4.9311616e-8
121,23,-9.271611e-9,1.5560882e-8,1.8113637e-8
121,24,4.628489e-8,1.6502426e-8,4.9138794e-8
121,25,3.270041e-8,9.365282e-9,3.4015073e-8
121,26,-6.9472685e-9,-1.503324e-8,1.6560884e-8
121,27,9.281068e-9,-4.2248157e-8,4.325558e-8
121,28,1.2056838e-8,-3.7258776e-8,3.9160998e-8
121,29,-6.749269e-8,3.193651e-9,6.756821e-8
121,30,-1.309781e-8,4.740363e-8,4.9179842e-8
121,31,4.965435e-9,-1.07346745e-8,1.1827459e-8
121,32,1.2577275e-8,7.2855464e-9,1.4535028e-8
121,33,-3.4380182e-8,1.4188259e-8,3.719279e-8
121,34,-2.4694872e-8,-2.3421224e-8,3.4035136e-8
121,35,-2.6880995e-8,1.2979976e-8,2.9850757e-8
121,36,-8.472852e-9,3.0312783e-8,3.1474656e-8
121,37,2.2299746e-9,-2.08432e-8,2.096215e-8
121,38,3.598625e-8,-2.55898e-8,4.4157083e-8
121,39,-1.9395355e-8,-8.256491e-9,2.1079597e-8
121,40,-2.9632604e-8,-3.1041225e-9,2.9794744e-8
121,41,-4.826782e-9,-3.292053e-8,3.3272496e-8
121,42,-4.1300058e-10,-5.0318338e-8,5.0320033e-8
121,43,-8.779924e-9,-3.6013322e-8,3.7068133e-8
121,44,-2.7860446e-8,-9.4727e-9,2.9426799e-8
121,45,-1.573673e-8,1.0228025e-8,1.8768514e-8
121,46,-3.1889133e-8,1.5906276e-9,3.1928778e-8
121,47,5.8974425e-10,1.4446997e-8,1.44590295e-8
121,48,5.9816024e-8,2.6039295e-8,6.523804e-8
121,49,2.9305538e-8,2.0488667e-8,3.5757516e-8
121,50,-1.984708e-8,-3.256897e-8,3.81398e-8
121,51,-4.4268667e-8,-6.503346e-8,7.867062e-8
121,52,1.4628893e-8,5.3060583e-9,1.556145e-8
121,53,1.36581635e-8,-4.1088153e-8,4.329875e-8
121,54,4.2814072e-8,-2.3429148e-9,4.287813e-8
121,55,-3.200106e-8,7.0558204e-9,3.2769687e-8
121,56,-3.392461e-8,1.6403325e-8,3.7682202e-8
121,57,-1.8055319e-8,1.1248387e-8,2.1272536e-8
121,58,-1.1955167e-8,6.504796e-8,6.613746e-8
121,59,-8.121125e-9,2.3160121e-8,2.4542695e-8
121,60,4.801127e-8,-3.608055e-8,6.0057374e-8
121,61,3.790297e-8,-4.5855366e-8,5.9492436e-8
121,62,-6.980687e-9,-3.30621e-8,3.379101e-8
121,63,-6.949538e-9,-8.849581e-8,8.876826e-8
121,64,2.820458e-8,-3.2829398e-8,4.328126e-8
121,65,3.0366987e-8,-1.1279343e-9,3.0387927e-8
121,66,7.969e-9,-2.7387438e-8,2.8523266e-8
121,67,-5.2690883e-8,-4.066266e-9,5.284755e-8
121,68,-6.5085565e-8,-4.967326e-9,6.527484e-8
121,69,-3.895504e-8,8.145504e-9,3.979754e-8
121,70,-4.9315014e-9,5.66962e-8,5.691027e-8
121,71,-4.625838e-8,3.237924e-8,5.6464614e-8
121,72,-4.1694058e-8,5.1389605e-8,6.617618e-8
121,73,-1.9134786e-8,2.6924475e-8,3.303131e-8
121,74,-3.6833676e-8,3.7970114e-8,5.2900372e-8
121,75,1.0720694e-8,3.8774314e-8,4.0229104e-8
121,76,2.6471726e-8,1.8133623e-8,3.2087076e-8
121,77,7.192072e-8,-1.45421e-9,7.193542e-8
121,78,5.9245004e-8,-4.41302e-8,7.3874524e-8
121,79,3.9904915e-8,-5.64022e-9,4.0301543e-8
121,80,2.6925978e-8,-8.823624e-9,2.8334865e-8
121,81,-1.7896653e-8,2.5153769e-8,3.0870734e-8
121,82,-1.6770976e-8,1.9093479e-8,2.5413119e-8
121,83,-6.0425286e-8,4.7728076e-8,7.70012e-8
121,84,-6.896306e-8,-8.299193e-9,6.946064e-8
121,85,1.9215394e-9,-2.8072686e-8,2.8138372e-8
121,86,-2.0085858e-8,-7.210389e-8,7.484926e-8
121,87,1.6725721e-8,6.091557e-9,1.7800472e-8
121,88,-4.284096e-8,6.423182e-8,7.720799e-8
121,89,-6.757653e-8,4.7213184e-8,8.243587e-8
121,90,-4.0305332e-9,1.5689409e-8,1.619885e-8
121,91,7.030489e-8,2.878254e-8,7.5968494e-8
121,92,3.3262236e-8,-1.22576695e-8,3.544893e-8
121,93,-2.6311486e-8,1.2086474e-8,2.8954743e-8
121,94,3.042446e-10,7.097958e-9,7.1044757e-9
121,95,3.5850313e-8,-1.7999957e-8,4.0115378e-8
121,96,-2.7310163e-8,3.3278077e-8,4.3049685e-8
121,97,1.2407582e-8,-1.8999984e-8,2.2692454e-8
121,98,9.247388e-9,-3.451017e-8,3.5727663e-8
121,99,9.258352e-9,1.2883161e-8,1.5864833e-8
121,100,-8.485644e-9,-1.6513727e-8,1.856635e-8
121,101,-3.8486964e-10,-3.1518732e-9,3.175284e-9
121,102,2.1073344e-8,1.6677077e-8,2.6873979e-8
121,103,-2.3158564e-9,2.6140405e-9,3.4923342e-9
121,104,7.880068e-9,2.8919447e-9,8.393975e-9
121,105,2.3499618e-8,-1.9413239e-8,3.048124e-8
121,106,2.223092e-8,-3.1141813e-8,3.8262595e-8
121,107,1.4127263e-8,1.10141904e-8,1.7913457e-8
121,108,-2.0603817e-8,-4.4446247e-9,2.107776e-8
121,109,-2.1215036e-9,1.8944977e-8,1.9063393e-8
121,110,-2.0082693e-8,-1.9624459e-8,2.8079066e-8
121,111,-1.1538618e-8,-2.2881176e-8,2.5625923e-8
121,112,2.871718e-8,-5.0801554e-9,2.9163065e-8
121,113,1.3063791e-8,-1.5379563e-9,1.31540085e-8
121,114,1.4925188e-8,-7.998463e-9,1.6933301e-8
121,115,-1.4393142e-9,-1.2609186e-8,1.2691067e-8
121,116,9.015387e-9,3.0193615e-8,3.1510815e-8
121,117,8.4555357e-10,-3.3139692e-8,3.3150478e-8
121,118,-2.592456e-9,-1.0065047e-8,1.0393555e-8
121,119,2.252684e-9,-1.2246257e-8,1.2451723e-8
121,120,1.5085558e-8,-2.5244944e-8,2.9408863e-8
121,121,-4.5267705e-9,-7.9537e-9,9.151666e-9
121,122,-6.183728e-9,2.6994044e-8,2.7693265e-8
121,123,9.674814e-9,-4.3334705e-9,1.060099e-8
121,124,2.9814167e-8,1.4978301e-8,3.336516e-8
121,125,2.63975e-8,-2.412848e-8,3.576327e-8
121,126,6.8176473e-9,7.8729565e-9,1.0414594e-8
121,127,4.141233e-8,-5.7861943e-8,7.115466e-8
121,128,-4.2991605e-8,-3.2908723e-8,5.4141132e-8
122,1,2.7065958e-8,5.2226554e-8,5.8823286e-8
122,2,-7.815053e-10,1.1823107e-8,1.1848908e-8
122,3,-3.5722124e-8,3.1768412e-8,4.7804832e-8
122,4,-1.1899159e-8,1.8175554e-8,2.1724198e-8
122,5,-4.4510573e-9,9.743802e-9,1.071231e-8
122,6,1.4540771e-8,-6.631209e-9,1.5981456e-8
122,7,-4.090946e-8,-8.522731e-9,4.1787807e-8
122,8,-2.4733804e-8,-1.3344684e-8,2.8104122e-8
122,9,-2.7060427e-9,-2.8398025e-8,2.8526664e-8
122,10,3.849216e-8,-3.010942e-8,4.8869452e-8
122,11,2.3526097e-8,-7.674585e-9,2.4746242e-8
122,12,-1.32521905e-8,-5.162881e-9,1.4222373e-8
122,13,-2.9662624e-8,4.021949e-9,2.993405e-8
122,14,1.0619215e-8,-1.3307647e-8,1.7025311e-8
122,15,-1.3538444e-8,-1.1354848e-9,1.3585978e-8
122,16,-2.0061764e-8,-3.1117506e-10,2.0064176e-8
122,17,-2.5377627e-8,-2.7403866e-8,3.7349643e-8
122,18,3.5206195e-8,-1.8340378e-8,3.969692e-8
122,19,-7.502869e-9,1.4746641e-8,1.6545588e-8
122,20,2.32979e-9,-8.966467e-9,9.264203e-9
122,21,8.801897e-9,-2.1765727e-8,2.347808e-8
122,22,-2.2823645e-8,1.5802552e-8,2.7760393e-8
122,23,-9.568186e-9,-1.7538019e-8,1.9978296e-8
122,24,-2.0052429e-9,1.3531242e-8,1.3679017e-8
122,25,-1.2300762e-9,1.2169855e-8,1.2231863e-8
122,26,2.27704e-8,4.684195e-9,2.324721e-8
122,27,1.7832619e-8,3.345137e-8,3.7907736e-8
122,28,1.3583031e-8,1.5436829e-8,2.0561965e-8
122,29,7.153937e-8,-2.0538282e-8,7.4429174e-8
122,30,3.8896193e-8,-3.8934253e-8,5.5034445e-8
122,31,-4.243622e-9,3.189361e-8,3.217469e-8
122,32,-1.198422e-8,-2.9377823e-8,3.1728188e-8
122,33,2.9947604e-8,-2.441282e-8,3.863735e-8
122,34,-1.9701979e-8,-2.898749e-9,1.9914083e-8
122,35,1.7250242e-9,-1.3792251e-8,1.3899708e-8
122,36,-2.7793817e-8,-7.3349438e-9,2.8745394e-8
122,37,-6.3328875e-9,1.0561463e-8,1.2314624e-8
122,38,1.4841461e-9,1.7472866e-8,1.7535784e-8
122,39,-2.8793319e-9,-1.3225735e-8,1.3535532e-8
122,40,-2.0445633e-8,-1.4677853e-8,2.5168696e-8
122,41,-1.8936843e-8,2.7203734e-8,3.314585e-8
122,42,2.6215412e-8,2.4295836e-8,3.574263e-8
122,43,-6.424722e-9,6.025038e-11,6.4250045e-9
122,44,4.2047777e-8,1.2849765e-8,4.3967397e-8
122,45,3.4857305e-8,-3.0034958e-8,4.6012286e-8
122,46,2.6028088e-8,-2.013227e-8,3.2905465e-8
122,47,-5.2165507e-9,-9.116603e-9,1.0503563e-8
122,48,-3.9067377e-8,-2.7183583e-8,4.759419e-8
122,49,-2.80018e-9,2.0420025e-8,2.0611123e-8
122,50,1.4208842e-9,-1.1093402e-8,1.1184028e-8
122,51,4.344726e-8,6.02599e-9,4.386316e-8
122,52,2.1702906e-8,-3.0440596e-8,3.7385103e-8
122,53,-1.4661486e-8,3.997612e-8,4.2579916e-8
122,54,-1.2656549e-8,1.434669e-9,1.2737602e-8
122,55,6.1094294e-9,-3.5823444e-8,3.634067e-8
122,56,1.0013854e-8,-5.6321056e-8,5.720436e-8
122,57,9.620318e-9,-1.5135232e-8,1.7933928e-8
122,58,-2.8469078e-8,-2.0376199e-8,3.5009684e-8
122,59,-1.2043479e-8,1.5672962e-8,1.9765807e-8
122,60,-3.260064e-8,8.541403e-9,3.3700996e-8
122,61,-1.12636735e-8,5.924123e-8,6.030252e-8
122,62,6.856822e-9,3.715656e-8,3.7783938e-8
122,63,-1.525548e-8,9.278833e-8,9.403406e-8
122,64,-2.7100858e-8,6.14321e-8,6.714431e-8
122,65,-1.4624579e-8,4.1527577e-9,1.5202753e-8
122,66,2.539382e-8,-2.058576e-9,2.5477124e-8
122,67,6.524322e-8,-9.958415e-9,6.599885e-8
122,68,6.1238445e-8,-4.9919464e-9,6.144157e-8
122,69,3.3612704e-8,-3.2001999e-9,3.3764703e-8
122,70,2.3854646e-8,-4.4223228e-8,5.0246772e-8
122,71,5.1753606e-8,-1.5679069e-8,5.407651e-8
122,72,4.789988e-8,-3.0036126e-8,5.6538195e-8
122,73,2.9508502e-8,-1.7836573e-8,3.4480358e-8
122,74,2.6067388e-8,2.0062599e-8,3.289402e-8
122,75,3.5829533e-9,-4.0450928e-8,4.0609297e-8
122,76,1.994405e-10,-5.431837e-9,5.4354974e-9
122,77,-2.9293506e-8,1.6150699e-8,3.3450778e-8
122,78,-4.2365244e-8,5.2261182e-8,6.7275884e-8
122,79,-3.671702e-8,-8.84385e-9,3.776709e-8
122,80,-3.546595e-8,1.2380061e-8,3.7564604e-8
122,81,-1.0702308e-8,1.6159767e-8,1.9382401e-8
122,82,-1.1705438e-9,-2.3231532e-8,2.3261004e-8
122,83,1.46497e-8,-1.6699001e-8,2.2214193e-8
122,84,3.7185263e-8,-1.528982e-8,4.0206e-8
122,85,3.6934964e-8,1.6656976e-9,3.6972505e-8
122,86,-2.065072e-8,4.83791e-8,5.2602182e-8
122,87,2.1031774e-8,1.2724985e-8,2.4581716e-8
122,88,1.3767449e-8,8.207497e-9,1.6028277e-8
122,89,3.518849e-8,3.4062106e-9,3.535296e-8
122,90,-4.8611257e-9,1.4079825e-8,1.4895369e-8
122,91,-6.821199e-8,2.5184846e-8,7.27128e-8
122,92,-4.1850754e-8,3.3791057e-8,5.3789602e-8
122,93,2.0992166e-8,-2.7909454e-8,3.4922895e-8
122,94,2.0090324e-8,3.636226e-10,2.0093614e-8
122,95,-4.176255e-8,1.440932e-8,4.4178492e-8
122,96,2.6664686e-8,-2.6133188e-8,3.7335628e-8
122,97,-1.6542172e-8,4.120376e-8,4.4400373e-8
122,98,4.3762483e-9,3.3456693e-8,3.3741692e-8
122,99,-1.478648e-8,-1.6869043e-8,2.2432221e-8
122,100,-1.1720513e-8,-2.8836083e-11,1.1720548e-8
122,101,-4.0420947e-9,1.3733155e-8,1.4315659e-8
122,102,8.639969e-9,-1.6490537e-8,1.8616843e-8
122,103,2.905762e-8,-5.5354996e-9,2.958018e-8
122,104,-1.1247137e-8,-1.212639e-9,1.1312321e-8
122,105,-7.4247946e-9,5.388203e-9,9.173893e-9
122,106,-6.395225e-9,4.1294527e-8,4.17868e-8
122,107,-1.6560957e-8,-6.5015353e-9,1.7791438e-8
122,108,1.2237877e-8,2.2066535e-9,1.2435231e-8
122,109,9.265196e-9,2.2876893e-8,2.4681897e-8
122,110,2.3361908e-9,7.141555e-9,7.51396e-9
122,111,-1.5656735e-9,5.3144187e-9,5.540251e-9
122,112,-6.275402e-9,1.310327e-8,1.4528466e-8
122,113,-2.7815462e-8,1.7072942e-8,3.2637175e-8
122,114,-1.7579472e-9,-1.9069164e-9,2.59359e-9
122,115,-8.862383e-9,-1.0767915e-8,1.3945961e-8
122,116,1.7016868e-8,-4.975778e-8,5.2587172e-8
122,117,-1.6651143e-8,1.0092899e-8,1.9471187e-8
122,118,5.5581766e-9,-1.2336489e-8,1.3530791e-8
122,119,8.578337e-9,1.5954475e-8,1.8114445e-8
122,120,-1.0492607e-8,-3.232392e-8,3.398427e-8
122,121,-1.5071224e-9,-3.2289588e-8,3.2324742e-8
122,122,-3.4176267e-8,-1.12605365e-8,3.5983565e-8
122,123,-2.0404826e-8,1.7009046e-9,2.0475596e-8
122,124,4.7666582e-8,1.2684997e-9,4.7683457e-8
122,125,-4.917137e-9,-3.9052024e-9,6.279239e-9
122,126,1.8549706e-8,3.0594453e-8,3.5778655e-8
122,127,-2.7116455e-8,9.301364e-9,2.866736e-8
122,128,-2.061739e-8,2.7211902e-8,3.4140363e-8
123,1,1.27420385e-8,-6.1744276e-9,1.4159205e-8
123,2,-2.2187686e-8,1.8985311e-8,2.9201635e-8
123,3,-1.2650805e-8,-9.840118e-9,1.6027188e-8
123,4,-8.184333e-9,-9.098924e-10,8.234757e-9
123,5,-3.2498804e-8,6.546146e-9,3.3151537e-8
123,6,-2.7122857e-8,2.6591904e-8,3.7983927e-8
123,7,2.0541451e-8,8.749787e-9,2.2327336e-8
123,8,-3.470926e-8,1.3093726e-8,3.709688e-8
123,9,-1.796681e-8,-3.454412e-9,1.829588e-8
123,10,3.4161786e-8,1.1263828e-8,3.5970842e-8
123,11,-2.059237e-8,4.536921e-8,4.9823797e-8
123,12,-4.3077954e-8,-2.8960619e-8,5.1907875e-8
123,13,2.2728738e-8,5.9589333e-9,2.3496902e-8
123,14,-1.4726024e-8,1.0436597e-9,1.4762961e-8
123,15,1.6671049e-8,8.885654e-9,1.8891233e-8
123,16,-6.943455e-10,-3.2883047e-8,3.2890377e-8
123,17,-2.7854869e-8,1.4128726e-8,3.1233228e-8
123,18,4.6316866e-9,-6.2729966e-10,4.673973e-9
123,19,3.10672e-8,2.475714e-8,3.972514e-8
123,20,1.01243005e-8,2.6985445e-8,2.882214e-8
123,21,6.1386003e-9,6.121376e-9,8.6691205e-9
123,22,2.562e-8,3.5993946e-9,2.5871607e-8
123,23,-1.3739097e-8,-4.031414e-9,1.4318347e-8
123,24,-1.3747469e-8,-9.265097e-9,1.6578147e-8
123,25,-4.481393e-9,2.1872323e-8,2.2326697e-8
123,26,1.1536964e-8,-1.5122738e-12,1.1536964e-8
123,27,5.329365e-9,-3.1854423e-8,3.229716e-8
123,28,1.1177608e-8,-1.343516e-8,1.7476912e-8
123,29,-3.875427e-9,6.317186e-8,6.329062e-8
123,30,6.713968e-9,2.9612279e-8,3.0363868e-8
123,31,3.786135e-9,-4.4636803e-8,4.4797087e-8
123,32,2.5015783e-9,7.412281e-9,7.82303e-9
123,33,-1.2583473e-8,1.2796839e-9,1.2648375e-8
123,34,6.5609336e-9,3.135787e-8,3.2036883e-8
123,35,-1.8671935e-8,-2.828057e-8,3.3888522e-8
123,36,2.0058692e-8,7.657596e-9,2.1470676e-8
123,37,4.23004e-8,-2.611197e-9,4.238092e-8
123,38,-1.043793e-8,-1.390665e-8,1.7388079e-8
123,39,-1.6633923e-8,2.3827065e-8,2.9058844e-8
123,40,-8.483872e-9,2.2191722e-8,2.3758128e-8
123,41,-1.7711768e-8,6.745744e-9,1.8952884e-8
123,42,-1.8912647e-9,-2.3184784e-8,2.3261794e-8
123,43,-4.6670426e-8,-3.566274e-8,5.8736358e-8
123,44,-3.284084e-8,-5.5676146e-8,6.464019e-8
123,45,-3.0304932e-8,1.1314587e-8,3.2348243e-8
123,46,-4.9191534e-8,9.507704e-9,5.010193e-8
123,47,3.4993423e-8,4.324898e-8,5.563285e-8
123,48,4.4050925e-8,2.0104974e-8,4.842204e-8
123,49,1.909282e-8,2.303976e-8,2.9922674e-8
123,50,-1.8503776e-8,2.0934584e-8,2.7940052e-8
123,51,-5.204984e-8,-8.8802393e-10,5.2057416e-8
123,52,-2.9688337e-8,2.3826214e-8,3.806686e-8
123,53,2.661596e-9,-3.158591e-8,3.169785e-8
123,54,3.1233803e-8,-1.1851895e-8,3.3406852e-8
123,55,-1.1811108e-8,3.9673766e-9,1.2459629e-8
123,56,-1.4863704e-9,3.8494104e-8,3.852279e-8
123,57,-4.0369677e-8,2.1538353e-8,4.5756e-8
123,58,1.0092509e-8,1.6164059e-8,1.9056115e-8
123,59,5.7687934e-9,1.4854487e-8,1.5935331e-8
123,60,-1.2028016e-8,-3.6987625e-8,3.8894186e-8
123,61,1.8967492e-8,-5.7437124e-8,6.048792e-8
123,62,1.1859289e-8,-3.0031753e-8,3.2288526e-8
123,63,-5.1064517e-9,-6.7573865e-8,6.7766535e-8
123,64,-5.454246e-9,-6.3015506e-8,6.325111e-8
123,65,2.1017591e-8,-3.3170284e-8,3.9268397e-8
123,66,7.535325e-9,-3.7752514e-8,3.8497188e-8
123,67,-6.124936e-8,7.0726713e-9,6.165636e-8
123,68,-1.5704142e-8,2.2801204e-8,2.7686008e-8
123,69,-1.9656436e-8,7.1654864e-9,2.0921751e-8
123,70,-1.5097712e-8,-1.6265933e-10,1.5098587e-8
123,71,-2.1166933e-8,3.8523638e-8,4.395577e-8
123,72,-3.2753228e-8,4.508823e-8,5.5729007e-8
123,73,-9.240524e-9,4.5395115e-8,4.6326058e-8
123,74,-4.3576396e-8,4.1331653e-8,6.006003e-8
123,75,-1.1885753e-8,2.9583802e-10,1.1889434e-8
123,76,4.6673563e-8,3.086847e-8,5.5957877e-8
123,77,6.709716e-8,-1.0046553e-8,6.7845136e-8
123,78,2.3981316e-8,-3.317751e-8,4.0937156e-8
123,79,2.0469434e-8,-6.1817707e-9,2.1382517e-8
123,80,2.2645485e-8,-5.5580784e-9,2.3317595e-8
123,81,1.6098205e-8,-4.223045e-8,4.5194724e-8
123,82,-1.5667274e-8,4.058106e-8,4.3500414e-8
123,83,-5.7691313e-8,2.1092164e-8,6.142611e-8
123,84,-8.600441e-8,4.874881e-8,9.885952e-8
123,85,-2.3077913e-8,-6.062056e-9,2.3860817e-8
123,86,2.2654665e-9,-3.504648e-8,3.5119626e-8
123,87,5.6440856e-9,1.4682268e-8,1.572974e-8
123,88,2.184221e-9,2.2227509e-8,2.2334568e-8
123,89,-7.409344e-8,2.3927079e-8,7.786105e-8
123,90,-3.9160845e-8,8.129973e-9,3.9995854e-8
123,91,2.6568394e-8,-1.0146301e-8,2.8439883e-8
123,92,-3.8907224e-9,-9.964354e-9,1.0697012e-8
123,93,-5.044271e-8,1.5802645e-8,5.2860106e-8
123,94,-8.769373e-9,3.001056e-9,9.268669e-9
123,95,7.177947e-8,1.0708347e-8,7.2573826e-8
123,96,-2.7478416e-8,6.3136014e-8,6.8856515e-8
123,97,-8.561162e-9,9.5840145e-9,1.2850946e-8
123,98,-2.6503372e-8,-6.3730305e-8,6.9021596e-8
123,99,6.974793e-10,3.4251197e-8,3.42583e-8
123,100,2.9863305e-8,-2.4872242e-9,2.9966703e-8
123,101,-1.0683681e-8,4.7543116e-9,1.1693781e-8
123,102,2.1759417e-8,4.163785e-8,4.6980663e-8
123,103,-1.2534144e-8,4.357845e-9,1.32701015e-8
123,104,-1.245218e-9,4.0374166e-9,4.22508e-9
123,105,-1.524767e-8,-6.5636776e-9,1.6600401e-8
123,106,-6.190573e-9,-2.3886008e-8,2.4675181e-8
123,107,5.2305453e-9,-4.1773385e-9,6.6939347e-9
123,108,1.3096794e-8,-1.3016788e-8,1.8465178e-8
123,109,1.2106462e-9,-2.9905014e-8,2.992951e-8
123,110,-1.2152927e-8,-2.067283e-8,2.39804e-8
123,111,-1.8402615e-8,1.8529148e-8,2.6114853e-8
123,112,2.373402e-8,-1.9103437e-9,2.3810777e-8
123,113,-2.2330584e-8,-1.30900855e-8,2.588446e-8
123,114,-8.253141e-9,2.2807635e-8,2.4254948e-8
123,115,-2.93914e-9,-2.6266973e-8,2.6430898e-8
123,116,5.0191535e-9,2.9320951e-8,2.9747438e-8
123,117,3.996204e-11,1.045355e-8,1.0453626e-8
123,118,5.18353e-9,1.826644e-8,1.8987675e-8
123,119,2.5443117e-9,-1.4623121e-8,1.4842817e-8
123,120,1.0700355e-8,-1.663294e-8,1.9777572e-8
123,121,-4.0511594e-9,1.1972563e-8,1.2639389e-8
123,122,-9.335486e-9,-5.4277844e-9,1.079871e-8
123,123,6.5061507e-9,-4.8909845e-9,8.139517e-9
123,124,-2.0341065e-10,-8.424568e-9,8.427023e-9
123,125,1.377056e-8,-1.4379061e-8,1.9909438e-8
123,126,-8.904298e-9,-1.3304877e-8,1.6009569e-8
123,127,5.0599713e-8,-3.2643733e-8,6.021581e-8
123,128,1.1207394e-8,-3.7939344e-8,3.9560074e-8
124,1,1.0112118e-8,-5.7497918e-9,1.1632499e-8
124,2,1.9216253e-8,2.1324505e-8,2.8705381e-8
124,3,-6.1309944e-9,7.699523e-9,9.842345e-9
124,4,-2.2587095e-8,-3.391428e-8,4.0747455e-8
124,5,6.705367e-9,2.7231717e-8,2.8045113e-8
124,6,-1.34546045e-8,-3.2319942e-8,3.5008643e-8
124,7,1.9233866e-8,-1.8999824e-8,2.7035808e-8
124,8,-1.4819263e-8,1.4798892e-9,1.4892972e-8
124,9,-1.4202141e-8,-5.3945698e-8,5.578386e-8
124,10,1.6427743e-8,2.0481034e-8,2.6255352e-8
124,11,-2.9708336e-10,-3.3414185e-9,3.3545993e-9
124,12,-7.655518e-9,1.6733605e-8,1.8401643e-8
124,13,3.9402455e-9,-1.1136467e-8,1.1812977e-8
124,14,1.870624e-8,-7.691512e-9,2.0225794e-8
124,15,1.6362684e-8,-2.30812e-8,2.829274e-8
124,16,-1.2477404e-9,3.7371965e-8,3.7392788e-8
124,17,-1.416903e-8,-1.6985206e-8,2.2119192e-8
124,18,-7.859685e-9,-4.1141774e-8,4.18858e-8
124,19,2.3210063e-8,9.066057e-9,2.4917874e-8
124,20,-7.3209367e-9,-1.4422638e-8,1.6174319e-8
124,21,-1.8586412e-8,-4.6706134e-8,5.0268458e-8
124,22,-2.3869303e-8,-1.5154408e-8,2.8273657e-8
124,23,1.0259796e-8,6.0688246e-9,1.1920321e-8
124,24,-2.9944907e-8,-1.137262e-8,3.2031764e-8
124,25,-3.8354436e-8,1.7776577e-8,4.2273744e-8
124,26,1.6109435e-9,7.064069e-9,7.245427e-9
124,27,4.2744785e-9,-1.0077136e-8,1.0946224e-8
124,28,9.408192e-9,2.6967287e-8,2.8561313e-8
124,29,5.564851e-8,-1.7931747e-8,5.8466266e-8
124,30,-8.951229e-9,-2.3690003e-8,2.5324706e-8
124,31,-2.2785414e-8,2.2338092e-8,3.1908705e-8
124,32,-4.004834e-9,-2.193414e-8,2.2296753e-8
124,33,-8.640675e-9,1.8053997e-8,2.0015197e-8
124,34,-2.8599413e-8,-3.2621486e-8,4.3383036e-8
124,35,2.1253381e-9,1.2152589e-8,1.2337037e-8
124,36,-2.5623157e-8,-3.6807618e-10,2.56258e-8
124,37,-2.9689762e-8,1.0835846e-8,3.160534e-8
124,38,1.2883078e-9,-2.4715725e-8,2.4749278e-8
124,39,3.040801e-8,-1.6321335e-8,3.451135e-8
124,40,-8.543624e-9,3.6457433e-9,9.28897e-9
124,41,2.8724122e-8,1.0513225e-8,3.058763e-8
124,42,2.257018e-9,3.841117e-8,3.8477424e-8
124,43,-5.066079e-9,3.497416e-8,3.5339173e-8
124,44,3.7152827e-8,3.4779273e-8,5.089136e-8
124,45,4.1081133e-8,-2.4138243e-8,4.7647816e-8
124,46,2.1063471e-8,-1.2809167e-8,2.4652476e-8
124,47,5.7324545e-9,1.9621968e-8,2.0442178e-8
124,48,-3.8118735e-8,-1.2982215e-8,4.0268795e-8
124,49,1.0604799e-8,-4.3245727e-9,1.1452672e-8
124,50,3.9249432e-8,1.978097e-8,4.39523e-8
124,51,3.565852e-8,4.662326e-9,3.5962024e-8
124,52,3.9730704e-8,-1.7791104e-9,3.977052e-8
124,53,1.1363216e-8,5.352225e-8,5.471521e-8
124,54,-2.1255822e-8,6.409743e-10,2.1265484e-8
124,55,4.634059e-9,-2.4728724e-9,5.25258e-9
124,56,1.9852722e-8,-3.6449148e-8,4.150507e-8
124,57,7.4512485e-9,-3.5720817e-8,3.6489695e-8
124,58,-2.2102434e-8,-4.1076742e-8,4.6645646e-8
124,59,-1.5730436e-8,-2.4280641e-8,2.8930886e-8
124,60,-5.399908e-9,1.3357782e-8,1.4407962e-8
124,61,-7.0289836e-9,4.3334477e-8,4.3900837e-8
124,62,2.2158684e-8,5.4610183e-8,5.8934535e-8
124,63,-6.675144e-9,7.691554e-8,7.7204646e-8
124,64,3.9319064e-9,6.7479945e-8,6.75944e-8
124,65,-8.405225e-9,3.5984808e-8,3.6953406e-8
124,66,2.7153568e-8,-8.40861e-9,2.842571e-8
124,67,2.4368605e-8,-1.0439117e-8,2.6510452e-8
124,68,2.4684235e-8,1.0180911e-8,2.6701356e-8
124,69,2.6928513e-8,-4.033478e-8,4.8497828e-8
124,70,3.6526675e-8,-4.7000594e-8,5.9525238e-8
124,71,2.6687069e-8,-2.8800121e-8,3.9263806e-8
124,72,3.632477e-8,-4.40651e-8,5.710711e-8
124,73,1.1654475e-8,-1.8275362e-8,2.167523e-8
124,74,1.2588999e-8,-2.199296e-8,2.5341137e-8
124,75,-1.5963925e-8,-1.951495e-8,2.52127e-8
124,76,-4.123671e-8,-3.859596e-8,5.64811e-8
124,77,-6.3266945e-8,-2.0399698e-8,6.647446e-8
124,78,-5.65938e-8,4.2383856e-8,7.0705376e-8
124,79,-4.521913e-8,9.854115e-9,4.6280377e-8
124,80,-3.2367886e-8,-4.605402e-8,5.6290787e-8
124,81,2.4524374e-8,3.216193e-8,4.044545e-8
124,82,3.000728e-8,-4.769837e-8,5.635221e-8
124,83,5.3054595e-8,-3.187549e-8,6.189376e-8
124,84,8.116649e-8,-1.0281542e-8,8.1815095e-8
124,85,6.67391e-8,-2.3818385e-8,7.0862e-8
124,86,-2.7284976e-8,5.893528e-8,6.494488e-8
124,87,-3.6461671e-9,3.0575182e-9,4.758461e-9
124,88,2.0988578e-8,3.9670778e-9,2.1360199e-8
124,89,3.2462516e-8,5.987419e-9,3.301006e-8
124,90,9.510228e-9,-9.6698605e-9,1.3562841e-8
124,91,-2.1492998e-8,1.6456404e-8,2.706958e-8
124,92,-3.3819898e-8,1.9164235e-8,3.887227e-8
124,93,1.303469e-8,-6.8404944e-9,1.4720581e-8
124,94,2.2115808e-8,-6.5858496e-9,2.3075579e-8
124,95,-2.7413908e-8,4.7622555e-9,2.7824475e-8
124,96,3.7882447e-8,-7.578423e-9,3.8633047e-8
124,97,2.5790148e-9,-2.2505636e-8,2.2652925e-8
124,98,9.32932e-9,2.8754087e-8,3.0229682e-8
124,99,-1.7259064e-8,-2.4515092e-8,2.9981077e-8
124,100,-1.0194813e-8,5.119508e-9,1.1408049e-8
124,101,-9.272824e-9,-1.3959603e-8,1.6758753e-8
124,102,1.44653045e-8,3.003885e-8,3.334033e-8
124,103,2.4458004e-8,7.908558e-9,2.5704848e-8
124,104,-5.112618e-9,-1.3173066e-8,1.41304115e-8
124,105,-7.47988e-9,6.616073e-9,9.986041e-9
124,106,5.42226e-9,1.0152669e-8,1.1509891e-8
124,107,-1.5045128e-8,-4.899465e-9,1.5822788e-8
124,108,-1.3869203e-8,-4.7498423e-9,1.46600065e-8
124,109,2.0814666e-8,-2.044703e-8,2.9177583e-8
124,110,3.4823135e-8,1.5730748e-8,3.8211347e-8
124,111,-1.3264434e-8,1.5443655e-9,1.3354036e-8
124,112,6.6109074e-9,9.535876e-9,1.160332e-8
124,113,-8.779822e-9,-6.165749e-10,8.801446e-9
124,114,8.981923e-9,2.2793358e-8,2.4499228e-8
124,115,4.490475e-9,1.2364362e-8,1.3154536e-8
124,116,3.9342062e-8,-8.218299e-9,4.019127e-8
124,117,-5.3655542e-9,2.5578583e-8,2.6135284e-8
124,118,2.5398956e-8,-9.717106e-9,2.7194284e-8
124,119,-4.9133522e-8,-7.798115e-10,4.913971e-8
124,120,5.706127e-9,-4.0289723e-9,6.985163e-9
124,121,-4.7037494e-9,-2.6449747e-8,2.6864743e-8
124,122,-1.8626992e-8,-1.767896e-8,2.5680936e-8
124,123,-3.979406e-9,1.3534131e-8,1.4107033e-8
124,124,-4.4898334e-9,1.9786194e-8,2.028921e-8
124,125,8.575601e-9,2.8299322e-8,2.957013e-8
124,126,2.5020642e-8,6.7856334e-9,2.5924454e-8
124,127,-3.5875356e-8,-6.438927e-9,3.6448608e-8
124,128,1.2914729e-8,1.611145e-8,2.0648706e-8
125,1,-2.5462002e-8,-1.1523205e-8,2.7948127e-8
125,2,-1.8642252e-8,2.0971516e-8,2.8059544e-8
125,3,9.2056975e-9,-3.0974603e-9,9.712833e-9
125,4,-2.4939483e-8,7.530187e-9,2.6051516e-8
125,5,-1.4572082e-8,-7.944898e-9,1.6597198e-8
125,6,2.2490743e-8,3.6869903e-9,2.2790951e-8
125,7,7.1374426e-9,3.090773e-8,3.1721143e-8
125,8,-2.5790496e-9,-4.9144977e-9,5.550116e-9
125,9,-1.1045567e-8,1.750981e-8,2.070261e-8
125,10,1.716026e-8,-1.0373635e-8,2.0052104e-8
125,11,-1.6861552e-9,3.05252e-8,3.0571734e-8
125,12,7.939159e-9,9.069518e-9,1.205348e-8
125,13,1.4656544e-9,-8.200943e-9,8.330883e-9
125,14,-1.5669382e-8,-6.024762e-9,1.6787713e-8
125,15,1.5147176e-8,-2.048255e-8,2.5474925e-8
125,16,-2.2510482e-8,-3.227859e-9,2.2740732e-8
125,17,2.9357116e-8,2.2453122e-8,3.6959207e-8
125,18,1.701009e-8,2.1450042e-9,1.7144801e-8
125,19,2.6238226e-8,-1.9405457e-8,3.263459e-8
125,20,4.2556678e-10,1.9263313e-8,1.9268013e-8
125,21,-5.881672e-9,2.3747825e-8,2.4465349e-8
125,22,5.0937e-8,-1.0827146e-8,5.2074995e-8
125,23,-2.1108876e-8,6.799309e-10,2.1119824e-8
125,24,-3.148254e-9,-1.3094962e-8,1.3468092e-8
125,25,9.464349e-9,-2.6344666e-9,9.82417e-9
125,26,8.188663e-9,1.5977907e-8,1.7954045e-8
125,27,-1.5509498e-8,-1.0375679e-8,1.8660097e-8
125,28,-9.998124e-9,-1.6441643e-8,1.9242924e-8
125,29,-3.9647386e-8,4.7317986e-8,6.173254e-8
125,30,1.085348e-8,5.098488e-8,5.2127305e-8
125,31,-1.1642396e-8,-7.902067e-9,1.4070823e-8
125,32,-1.3800353e-8,1.4882441e-8,2.0296225e-8
125,33,-2.2110695e-8,-1.7260044e-8,2.8049813e-8
125,34,1.2518439e-8,2.9266035e-8,3.1830993e-8
125,35,-2.5047418e-8,-2.5961672e-8,3.6074667e-8
125,36,1.0075225e-8,1.3768476e-8,1.70611e-8
125,37,1.4675416e-8,-5.285739e-10,1.4684932e-8
125,38,1.9718437e-8,-2.7687499e-8,3.3991387e-8
125,39,-2.477089e-8,-3.547164e-9,2.5023576e-8
125,40,1.2907749e-8,8.906172e-9,1.568215e-8
125,41,2.2037575e-8,1.6549536e-9,2.2099629e-8
125,42,-3.2691643e-9,1.198818e-8,1.2425937e-8
125,43,-1.137091e-8,-3.0664967e-8,3.270532e-8
125,44,-2.6191701e-8,-4.0943632e-8,4.8604385e-8
125,45,-1.9778035e-8,3.6076633e-9,2.0104375e-8
125,46,4.214304e-9,1.3762084e-8,1.4392891e-8
125,47,-1.352908e-8,-4.971761e-9,1.4413688e-8
125,48,3.545431e-8,7.638161e-9,3.626775e-8
125,49,2.7536908e-8,1.2641471e-8,3.029997e-8
125,50,-2.999672e-8,-3.771295e-8,4.818786e-8
125,51,-3.2799676e-8,1.6073981e-8,3.6526586e-8
125,52,-3.831459e-8,7.897521e-9,3.9120053e-8
125,53,-8.557687e-9,-3.864739e-8,3.9583515e-8
125,54,4.003135e-8,-8.114527e-9,4.0845496e-8
125,55,4.6714934e-9,-1.7462781e-8,1.8076825e-8
125,56,-2.4282876e-9,7.66403e-8,7.667876e-8
125,57,1.0226955e-9,2.5156917e-8,2.5177696e-8
125,58,9.832743e-9,5.321524e-8,5.411603e-8
125,59,-3.5016872e-9,1.6463122e-8,1.6831406e-8
125,60,1.9490436e-8,-4.689063e-8,5.078e-8
125,61,-2.1108491e-8,-2.7007522e-8,3.4277903e-8
125,62,4.426311e-9,-5.551608e-8,5.5692254e-8
125,63,-1.5339065e-8,-6.8561356e-8,7.025629e-8
125,64,3.592911e-8,-7.436985e-8,8.259404e-8
125,65,2.160274e-8,-1.6669848e-8,2.7286667e-8
125,66,2.6329241e-11,-1.7490482e-8,1.7490501e-8
125,67,-2.7321398e-8,2.4064235e-8,3.640805e-8
125,68,-1.1983462e-8,2.2848749e-8,2.5800556e-8
125,69,-2.5258219e-8,2.2934222e-8,3.4116802e-8
125,70,-3.308248e-8,4.8169728e-8,5.843606e-8
125,71,-4.7149136e-8,2.966886e-8,5.5707112e-8
125,72,-3.1961356e-8,3.061905e-8,4.4261206e-8
125,73,9.049541e-9,4.0259005e-9,9.904649e-9
125,74,2.2169604e-9,4.4980876e-8,4.5035478e-8
125,75,-3.681446e-8,2.5056853e-8,4.4532577e-8
125,76,-3.905391e-9,4.305276e-8,4.322953e-8
125,77,4.9728076e-8,1.2327126e-8,5.1233187e-8
125,78,5.396422e-8,-1.7855713e-8,5.6841568e-8
125,79,3.0457823e-8,1.0752266e-8,3.2300004e-8
125,80,2.2573358e-8,1.3736662e-8,2.6424466e-8
125,81,-3.0127396e-8,4.6433724e-9,3.0483125e-8
125,82,-3.9039385e-8,1.9793578e-8,4.377053e-8
125,83,-4.3029996e-8,2.591459e-8,5.023093e-8
125,84,-5.056602e-8,1.2866683e-8,5.217733e-8
125,85,-4.4820627e-8,5.4601093e-9,4.515198e-8
125,86,-4.712876e-10,-3.1239455e-8,3.124301e-8
125,87,2.8155508e-8,-3.624017e-8,4.5892076e-8
125,88,2.2874438e-8,1.2019435e-8,2.5840022e-8
125,89,-5.424344e-8,2.6837851e-8,6.051959e-8
125,90,-5.297131e-8,8.4970875e-9,5.3648485e-8
125,91,2.2882483e-8,-1.1358253e-8,2.5546388e-8
125,92,2.6258927e-8,-6.767143e-9,2.7116887e-8
125,93,-4.461663e-8,-2.1215168e-8,4.9403717e-8
125,94,-1.3158624e-8,-1.3841902e-8,1.9098367e-8
125,95,1.7892317e-8,9.605863e-9,2.0307821e-8
125,96,-3.4475836e-8,-1.0366096e-8,3.6000543e-8
125,97,9.0943475e-9,9.411923e-9,1.3087836e-8
125,98,3.551308e-8,-7.2384196e-8,8.062661e-8
125,99,-3.605855e-8,3.2084948e-8,4.8266582e-8
125,100,8.276532e-9,-7.136724e-10,8.307245e-9
125,101,5.2890726e-8,-9.2320604e-8,1.0639795e-7
125,102,1.6405068e-8,-2.7483697e-8,3.2007495e-8
125,103,9.420858e-9,1.4210117e-8,1.704934e-8
125,104,-1.0730185e-8,-2.2192308e-8,2.4650262e-8
125,105,6.1894427e-9,-1.1604402e-8,1.3151857e-8
125,106,-1.4691375e-8,-1.7096767e-8,2.254187e-8
125,107,2.2327141e-8,-2.6480624e-9,2.2483626e-8
125,108,-3.3610108e-9,5.735575e-9,6.647798e-9
125,109,2.6763274e-9,-1.5197996e-8,1.5431844e-8
125,110,9.987732e-9,-2.1065667e-8,2.3313453e-8
125,111,-7.957846e-9,-8.807478e-9,1.1870088e-8
125,112,-1.6835221e-8,9.012569e-9,1.909584e-8
125,113,-1.469481e-10,2.652569e-9,2.6566362e-9
125,114,-1.4342391e-8,-2.190733e-8,2.6184638e-8
125,115,-1.1879515e-8,-2.5702648e-10,1.1882295e-8
125,116,-1.6964197e-8,3.4930567e-9,1.7320087e-8
125,117,1.8631946e-8,8.495765e-9,2.0477486e-8
125,118,1.6741454e-8,2.5631229e-8,3.0614313e-8
125,119,8.731799e-9,-2.3984427e-8,2.552444e-8
125,120,-5.278178e-9,-4.3324766e-9,6.828581e-9
125,121,4.7372706e-9,-2.165491e-8,2.2167022e-8
125,122,1.4207347e-8,2.6493293e-8,3.0062324e-8
125,123,1.3285686e-8,-6.1660494e-9,1.46468295e-8
125,124,1.6428778e-8,-1.7656314e-8,2.4117425e-8
125,125,-1.385724e-8,-3.8515978e-8,4.0932917e-8
125,126,2.6944528e-8,-8.539779e-9,2.8265445e-8
125,127,2.750099e-8,-2.0914353e-8,3.4550176e-8
125,128,2.0582233e-8,-2.137852e-9,2.0692964e-8
126,1,-1.6494173e-8,4.652465e-9,1.713777e-8
126,2,2.0655525e-8,3.360546e-9,2.092711e-8
126,3,-3.2922383e-8,-1.8443883e-8,3.7736722e-8
126,4,1.084658e-8,-2.3982961e-8,2.6321677e-8
126,5,2.5083773e-8,4.1155687e-8,4.8197368e-8
126,6,-4.182576e-9,1.0979185e-8,1.1748891e-8
126,7,-1.2262177e-8,-1.9960929e-8,2.3426473e-8
126,8,-2.5383107e-8,5.92375e-9,2.6065168e-8
126,9,-1.7696426e-8,-8.6829255e-9,1.9711841e-8
126,10,2.3083027e-9,-5.726939e-9,6.174633e-9
126,11,2.8338409e-8,-1.7372958e-8,3.323981e-8
126,12,2.1888782e-8,-1.21676855e-8,2.504339e-8
126,13,-2.826466e-8,9.46272e-9,2.980661e-8
126,14,-1.1042239e-8,-8.205761e-9,1.3757382e-8
126,15,-6.0836014e-10,-1.4045763e-9,1.5306655e-9
126,16,-8.598014e-9,-8.868179e-9,1.2351941e-8
126,17,-1.3782598e-8,-2.2581268e-8,2.6455126e-8
126,18,4.6922812e-9,-2.6718713e-8,2.7127609e-8
126,19,-2.0102894e-8,-1.0741738e-8,2.279279e-8
126,20,1.4136701e-8,1.3566981e-9,1.4201652e-8
126,21,1.5090464e-8,-1.520896e-8,2.1425091e-8
126,22,-2.6596831e-8,8.957431e-9,2.8064694e-8
126,23,9.217238e-9,-2.3476561e-8,2.522115e-8
126,24,-1.535781e-8,1.2639559e-8,1.9890217e-8
126,25,3.2707337e-9,1.7029338e-8,1.734059e-8
126,26,-7.0073836e-9,-5.5882223e-9,8.962792e-9
126,27,1.6466921e-9,1.6487794e-8,1.6569821e-8
126,28,4.0487745e-8,1.3861333e-8,4.2794788e-8
126,29,6.23181e-8,-5.0879237e-8,8.045025e-8
126,30,2.7695728e-8,-5.7175313e-8,6.3530074e-8
126,31,-4.2160675e-9,2.8301201e-8,2.8613515e-8
126,32,1.4742176e-8,-2.8107253e-8,3.1738768e-8
126,33,3.4964422e-8,9.965711e-9,3.635693e-8
126,34,-3.3889058e-9,-3.2940104e-8,3.311397e-8
126,35,2.3239474e-8,-3.312051e-9,2.3474302e-8
126,36,-2.1803588e-8,-1.7496529e-8,2.7955767e-8
126,37,-5.707306e-9,8.166716e-9,9.963363e-9
126,38,-6.5886616e-9,2.4330902e-8,2.5207207e-8
126,39,1.4810103e-8,-1.3913502e-8,2.0320549e-8
126,40,-9.995783e-9,-1.6390994e-9,1.01292805e-8
126,41,1.4218059e-8,-2.3675874e-8,2.7617027e-8
126,42,1.6227032e-8,1.6842716e-9,1.6314207e-8
126,43,2.4696632e-8,3.539102e-8,4.315609e-8
126,44,2.9958482e-8,7.53724e-8,8.1108006e-8
126,45,3.0573094e-8,-1.431437e-8,3.3758187e-8
126,46,-1.0152677e-8,-3.7700488e-8,3.9043613e-8
126,47,2.6875129e-9,-2.5391287e-8,2.5533119e-8
126,48,-1.3317068e-8,-1.7881954e-8,2.2295932e-8
126,49,-2.1702032e-8,-2.167249e-8,3.0670424e-8
126,50,2.8522445e-8,1.3345933e-8,3.1490377e-8
126,51,4.6774947e-8,5.6483356e-9,4.7114746e-8
126,52,1.2884387e-8,6.2489067e-9,1.4319785e-8
126,53,5.1570783e-9,3.6595328e-8,3.6956912e-8
126,54,-2.3744137e-8,2.0688809e-8,3.149303e-8
126,55,-9.674488e-9,-1.1097749e-8,1.4722628e-8
126,56,-3.8704733e-9,-3.5057344e-8,3.5270354e-8
126,57,6.2499863e-9,-4.747847e-8,4.7888072e-8
126,58,-1.0097793e-8,-3.638064e-8,3.7756013e-8
126,59,1.0766665e-8,2.695202e-8,2.9022964e-8
126,60,-1.2699972e-8,3.204896e-9,1.30981155e-8
126,61,-2.0541687e-8,3.5246195e-8,4.0795285e-8
126,62,6.6057595e-9,3.2249858e-8,3.2919438e-8
126,63,-1.901964e-8,7.261538e-8,7.5064904e-8
126,64,5.30662e-9,4.815171e-8,4.8443237e-8
126,65,1.1296182e-8,7.023178e-9,1.3301457e-8
126,66,2.0149676e-8,4.889037e-9,2.0734323e-8
126,67,4.591427e-8,-1.2665063e-8,4.7629026e-8
126,68,-3.5668786e-9,1.06138485e-8,1.11971605e-8
126,69,-3.453638e-9,-6.171904e-8,6.18156e-8
126,70,1.7109972e-8,-6.108183e-8,6.3432964e-8
126,71,5.1146213e-8,-2.4479968e-8,5.6702767e-8
126,72,5.25712e-8,-4.3318575e-8,6.8119235e-8
126,73,4.6538724e-9,-1.29807995e-8,1.37898395e-8
126,74,2.00943e-8,-3.7818015e-8,4.282503e-8
126,75,7.9603835e-9,-2.7826717e-8,2.8942942e-8
126,76,-2.6251719e-9,-1.9315255e-8,1.9492834e-8
126,77,-4.0680607e-8,-3.1867287e-8,5.167626e-8
126,78,-1.6322973e-8,1.7629997e-8,2.4026157e-8
126,79,-2.7307973e-8,1.5105921e-9,2.734972e-8
126,80,-6.593326e-9,-6.8212134e-9,9.486881e-9
126,81,-1.2136083e-8,2.415165e-9,1.2374067e-8
126,82,3.6373688e-8,-3.1061507e-8,4.7831605e-8
126,83,4.1160718e-8,8.768643e-9,4.2084366e-8
126,84,2.7221628e-8,6.8145125e-9,2.806162e-8
126,85,5.4109126e-9,1.1263715e-8,1.249597e-8
126,86,-4.550283e-8,4.961021e-8,6.731776e-8
126,87,-2.7268241e-8,6.4276926e-9,2.801557e-8
126,88,1.9103446e-8,7.0258768e-9,2.0354474e-8
126,89,2.2120622e-8,1.5527457e-8,2.7026354e-8
126,90,4.0894886e-8,4.2048484e-8,5.865549e-8
126,91,-2.2277815e-8,7.4950957e-10,2.229042e-8
126,92,-1.7351292e-8,6.9266077e-9,1.8682751e-8
126,93,8.36854e-9,2.5000793e-8,2.636422e-8
126,94,-5.920695e-9,-3.4299983e-9,6.842479e-9
126,95,-1.7193533e-9,-1.2633891e-8,1.2750348e-8
126,96,1.7681591e-8,3.3756983e-8,3.810738e-8
126,97,-2.2122175e-9,2.6911765e-8,2.7002537e-8
126,98,-6.41302e-8,2.5885688e-8,6.915744e-8
126,99,2.3843269e-8,4.334061e-9,2.4233975e-8
126,100,-3.1672297e-8,-4.7945092e-9,3.2033135e-8
126,101,-1.2958509e-8,2.0012454e-8,2.3841586e-8
126,102,-9.880119e-9,1.9672912e-8,2.2014547e-8
126,103,-2.2297145e-8,-3.4797385e-9,2.256704e-8
126,104,7.67087e-9,4.9112443e-9,9.108379e-9
126,105,-8.722568e-9,5.979542e-9,1.0575354e-8
126,106,8.648165e-9,1.5176951e-9,8.780328e-9
126,107,-1.2542283e-8,1.673634e-8,2.0914444e-8
126,108,-3.5185177e-9,1.4480267e-8,1.4901614e-8
126,109,3.2872096e-9,1.5184343e-8,1.5536088e-8
126,110,8.077765e-9,1.1397373e-8,1.3969624e-8
126,111,-1.5682513e-9,-6.5723693e-10,1.7004036e-9
126,112,1.5369803e-8,-3.9596944e-9,1.5871674e-8
126,113,-4.026671e-9,1.1160481e-9,4.1784736e-9
126,114,-4.5344037e-10,2.5053573e-8,2.5057677e-8
126,115,7.3895834e-10,1.8095136e-8,1.8110219e-8
126,116,-1.4243484e-8,-2.8633302e-8,3.198035e-8
126,117,-2.8688067e-8,-8.919418e-9,3.0042656e-8
126,118,-2.808968e-8,-1.911166e-8,3.397478e-8
126,119,3.4779195e-9,-4.4219335e-9,5.6257816e-9
126,120,9.747682e-9,4.2816267e-10,9.7570805e-9
126,121,-8.037971e-10,-1.24301165e-8,1.2456078e-8
126,122,-2.0114623e-9,5.535473e-9,5.8896044e-9
126,123,-4.1735493e-8,-5.591155e-10,4.1739238e-8
126,124,8.562668e-9,7.213802e-10,8.593001e-9
126,125,-1.831322e-8,-3.3249388e-9,1.8612608e-8
126,126,-1.4695831e-8,-5.2369273e-9,1.5601053e-8
126,127,-3.359928e-8,-7.604114e-9,3.444901e-8
126,128,1.2394799e-8,3.103713e-8,3.342057e-8
127,1,9.271187e-9,6.761663e-9,1.1474973e-8
127,2,-3.507637e-8,5.80711e-9,3.555382e-8
127,3,2.0867661e-8,4.55637e-9,2.1359302e-8
127,4,1.3313044e-8,-2.309652e-8,2.6658702e-8
127,5,-8.193403e-9,-1.8302076e-8,2.0052378e-8
127,6,4.478585e-9,3.6381542e-10,4.493338e-9
127,7,1.006402e-8,2.4469244e-8,2.645805e-8
127,8,3.3828677e-8,2.5179983e-8,4.217121e-8
127,9,8.17945e-9,1.0690058e-8,1.34603395e-8
127,10,-1.3328383e-8,4.5926466e-8,4.78214e-8
127,11,-2.7375641e-8,3.0130533e-8,4.070964e-8
127,12,1.1429066e-8,-9.788745e-9,1.5048025e-8
127,13,-8.887695e-9,-7.4284667e-9,1.1583317e-8
127,14,-2.0033687e-8,1.556505e-8,2.5369655e-8
127,15,-3.018848e-8,9.553299e-9,3.1664015e-8
127,16,-2.9405319e-8,-3.2581166e-8,4.3888555e-8
127,17,1.7531047e-8,7.2372144e-9,1.8966151e-8
127,18,4.9984648e-9,1.3248251e-8,1.4159831e-8
127,19,1.2777149e-8,-8.673547e-9,1.544299e-8
127,20,4.8790656e-9,-3.2990843e-9,5.889757e-9
127,21,-1.0616475e-9,1.0731895e-8,1.0784279e-8
127,22,2.720166e-8,-9.4019486e-9,2.8780669e-8
127,23,-7.917069e-9,-1.3578061e-8,1.5717625e-8
127,24,1.1481564e-8,-4.4021915e-9,1.2296569e-8
127,25,-7.3197097e-9,-8.000963e-9,1.0844056e-8
127,26,-9.220781e-9,2.6213942e-9,9.586162e-9
127,27,5.9546443e-9,-3.259315e-8,3.313263e-8
127,28,-2.5672591e-8,-2.0382602e-8,3.278006e-8
127,29,-4.0503714e-8,1.4333706e-8,4.2965173e-8
127,30,8.254423e-9,9.116196e-9,1.2297988e-8
127,31,2.1982297e-8,-1.7869292e-8,2.8329012e-8
127,32,-3.914779e-8,8.591384e-9,4.007944e-8
127,33,-1.9045586e-8,1.432664e-8,2.3832477e-8
127,34,-2.7921777e-8,1.21544845e-8,3.045254e-8
127,35,-1.7642245e-8,-1.4581676e-8,2.2888296e-8
127,36,-1.475263e-8,3.2985348e-8,3.61341e-8
127,37,4.960164e-8,-2.7691131e-8,5.6807757e-8
127,38,-1.6918674e-8,-1.6135012e-8,2.3379053e-8
127,39,-6.03001e-9,-9.448086e-9,1.12083605e-8
127,40,-2.1966999e-8,1.5483218e-8,2.687525e-8
127,41,-2.0369427e-8,-1.3036378e-8,2.4183894e-8
127,42,1.2007664e-9,-1.9166135e-8,1.9203712e-8
127,43,-2.1886715e-8,-2.9453169e-8,3.6694924e-8
127,44,-2.1928653e-8,-1.9438342e-8,2.930384e-8
127,45,6.2686625e-9,9.680398e-9,1.15328325e-8
127,46,-3.41767e-9,2.0987214e-8,2.1263668e-8
127,47,5.691059e-10,6.7624097e-9,6.7863146e-9
127,48,1.5437482e-8,6.1445595e-9,1.6615399e-8
127,49,4.5257543e-8,1.7755935e-8,4.861603e-8
127,50,-9.951615e-9,-4.9803495e-10,9.964069e-9
127,51,-4.0590766e-8,1.64781e-8,4.380797e-8
127,52,-1.9043997e-8,-6.0576824e-9,1.9984228e-8
127,53,2.1116499e-8,-4.454261e-8,4.9294528e-8
127,54,2.1892868e-8,-1.29265745e-8,2.542428e-8
127,55,2.2300867e-8,2.7936795e-9,2.247517e-8
127,56,-6.804482e-9,4.581188e-8,4.631446e-8
127,57,-4.764542e-9,2.4520073e-8,2.4978688e-8
127,58,3.5560852e-8,2.3229255e-8,4.2475552e-8
127,59,-1.3635706e-9,2.8808971e-8,2.8841223e-8
127,60,9.376588e-9,-1.0227578e-8,1.3875293e-8
127,61,2.426078e-8,-4.276728e-8,4.916936e-8
127,62,3.897086e-9,-6.797097e-8,6.80826e-8
127,63,-2.190728e-9,-5.1219864e-8,5.1266692e-8
127,64,1.3173331e-9,-3.0773386e-8,3.080157e-8
127,65,2.2941851e-8,-1.0702491e-8,2.5315448e-8
127,66,5.6570004e-10,2.4454072e-9,2.5099867e-9
127,67,-5.3408307e-8,1.1236513e-8,5.4577526e-8
127,68,-1.42461944e-8,1.9346519e-8,2.4025859e-8
127,69,-8.516895e-9,2.0734642e-8,2.2415684e-8
127,70,-3.185639e-8,3.2194418e-8,4.5291394e-8
127,71,-5.1102816e-8,3.7937856e-8,6.364573e-8
127,72,-5.2976745e-8,6.406758e-9,5.336274e-8
127,73,-2.4997574e-8,1.3948841e-8,2.8626017e-8
127,74,-7.101628e-9,-7.716216e-9,1.0486807e-8
127,75,-1.4208637e-8,3.31491e-8,3.6065888e-8
127,76,-1.16175505e-8,5.029856e-8,5.162279e-8
127,77,3.9811425e-8,1.2838964e-8,4.1830475e-8
127,78,8.371755e-9,-1.0989494e-8,1.3815037e-8
127,79,4.0216168e-8,-2.729542e-9,4.030869e-8
127,80,2.0291777e-8,7.514089e-9,2.163834e-8
127,81,-1.682028e-8,-2.411744e-8,2.9403619e-8
127,82,-2.4102954e-8,-8.618945e-9,2.5597629e-8
127,83,-3.9242472e-8,2.1591891e-8,4.4790415e-8
127,84,-5.889406e-9,-8.776528e-9,1.0569416e-8
127,85,-7.8209546e-9,-3.7763122e-8,3.85645e-8
127,86,4.6487603e-8,-1.890026e-8,5.0182837e-8
127,87,1.2154005e-8,-2.1397975e-9,1.2340931e-8
127,88,1.2951978e-9,9.037437e-9,9.129775e-9
127,89,-1.5092244e-8,-2.0164766e-8,2.5187171e-8
127,90,-2.016482e-8,-1.7580177e-8,2.6752245e-8
127,91,-1.6294456e-8,8.991451e-9,1.8610628e-8
127,92,1.461934e-8,2.0371131e-9,1.4760587e-8
127,93,-2.6079507e-8,-2.0519996e-8,3.31845e-8
127,94,-2.7534108e-8,-5.2730553e-9,2.8034483e-8
127,95,1.8339883e-8,6.976687e-9,1.9622066e-8
127,96,5.750052e-9,-5.0037475e-8,5.0366776e-8
127,97,2.9737468e-8,5.9356666e-9,3.0324067e-8
127,98,5.1532236e-8,7.2519324e-9,5.2040004e-8
127,99,-1.0370465e-8,7.6232454e-10,1.03984465e-8
127,100,4.4868195e-10,3.7856548e-8,3.7859206e-8
127,101,3.7369805e-9,-1.7359017e-8,1.7756703e-8
127,102,-1.7644439e-8,1.1783907e-8,2.1217604e-8
127,103,3.9120074e-8,-8.1096205e-9,3.9951797e-8
127,104,-1.5894082e-8,-1.5225982e-8,2.201028e-8
127,105,3.5163554e-9,-1.969487e-8,2.0006315e-8
127,106,1.1687754e-8,-1.7589251e-8,2.1118366e-8
127,107,1.550811e-8,-1.2601855e-8,1.9982698e-8
127,108,1.1451056e-8,1.40443435e-8,1.812099e-8
127,109,-1.2232821e-8,3.5912857e-9,1.2749088e-8
127,110,-1.31453675e-8,4.993163e-9,1.4061734e-8
127,111,-2.8945906e-9,-4.007821e-10,2.9222047e-9
127,112,-2.466305e-8,-3.7980468e-9,2.4953781e-8
127,113,-3.321182e-9,-7.625455e-9,8.31732e-9
127,114,7.021454e-9,-1.02921485e-8,1.2459099e-8
127,115,8.810685e-9,1.0656995e-8,1.3827498e-8
127,116,-1.4179558e-8,6.784229e-9,1.5718957e-8
127,117,4.8303543e-9,-7.949636e-9,9.302098e-9
127,118,7.75413e-9,9.919442e-9,1.2590546e-8
127,119,2.622683e-8,-5.1021103e-9,2.67185e-8
127,120,4.047059e-9,-1.7380543e-8,1.7845503e-8
127,121,6.742944e-9,-2.3488e-8,2.4436725e-8
127,122,5.071436e-9,4.155021e-8,4.1858563e-8
127,123,1.0946115e-8,-3.48222e-8,3.6502097e-8
127,124,-1.9303986e-8,-4.1577484e-9,1.9746665e-8
127,125,5.2922355e-9,-1.8576191e-8,1.9315348e-8
127,126,2.1940767e-8,2.358219e-10,2.1942034e-8
127,127,3.2997e-9,-1.0862628e-8,1.135274e-8
127,128,2.9665777e-9,-6.666802e-9,7.297043e-9
128,1,-2.3616677e-8,1.5677818e-8,2.8346806e-8
128,2,2.7483056e-8,-3.945753e-8,4.8085496e-8
128,3,1.839893e-8,5.4706e-10,1.840706e-8
128,4,3.0231047e-9,2.308165e-9,3.803523e-9
128,5,4.34906e-8,4.981629e-9,4.3774982e-8
128,6,-7.055991e-9,-2.3628668e-9,7.441112e-9
128,7,1.933605e-8,-1.5692954e-8,2.4902844e-8
128,8,1.0333299e-8,-4.3740346e-8,4.4944354e-8
128,9,-4.8841837e-9,-5.5977047e-8,5.6189723e-8
128,10,1.1555297e-8,1.1468073e-8,1.6280097e-8
128,11,-6.5942944e-9,1.891536e-8,2.0031864e-8
128,12,1.2566883e-8,3.218268e-9,1.2972424e-8
128,13,1.7627556e-8,-3.1512537e-9,1.7907015e-8
128,14,-5.30381e-9,1.495624e-8,1.5868823e-8
128,15,-1.45277115e-8,1.5198642e-8,2.1025059e-8
128,16,-6.8993344e-9,3.026823e-8,3.104459e-8
128,17,6.9510877e-9,4.0575765e-9,8.048699e-9
128,18,-1.34096725e-8,-1.2098665e-8,1.8060925e-8
128,19,-1.2050323e-8,2.1263517e-8,2.4440693e-8
128,20,1.1557365e-8,5.316538e-9,1.2721567e-8
128,21,1.843158e-8,-1.5710837e-8,2.4218867e-8
128,22,-2.6186743e-8,6.7654184e-9,2.704656e-8
128,23,3.3747483e-8,2.6043356e-9,3.3847822e-8
128,24,-1.0756663e-8,5.821316e-9,1.2230843e-8
128,25,8.886777e-9,-3.7439793e-9,9.643245e-9
128,26,-9.128263e-9,-1.0148237e-9,9.1845e-9
128,27,8.708426e-9,8.2685885e-9,1.2008591e-8
128,28,-4.5539568e-9,2.1675133e-8,2.2148361e-8
128,29,5.2803937e-8,-3.2821244e-8,6.2173065e-8
128,30,5.9229888e-9,-2.5199618e-8,2.588634e-8
128,31,-2.2327812e-8,1.3282411e-8,2.597987e-8
128,32,-5.3042366e-9,-4.271471e-9,6.810315e-9
128,33,-1.7554495e-8,1.0588632e-8,2.0500718e-8
128,34,9.403413e-9,-1.012211e-8,1.38159795e-8
128,35,9.402678e-9,2.4000899e-8,2.5776995e-8
128,36,-2.8549474e-8,5.8578244e-9,2.9144237e-8
128,37,-3.4599477e-8,9.810936e-9,3.596357e-8
128,38,4.71023e-9,1.1392276e-8,1.232762e-8
128,39,2.8432947e-8,-5.8835306e-9,2.9035295e-8
128,40,1.3898299e-8,-1.3601878e-8,1.9446691e-8
128,41,1.5532041e-8,-9.65552e-9,1.8288613e-8
128,42,-8.412966e-9,1.0931165e-8,1.379378e-8
128,43,4.2234323e-9,1.9886023e-8,2.0329567e-8
128,44,7.922028e-9,1.4025213e-8,1.6107922e-8
128,45,2.990308e-8,-2.38936e-8,3.8276603e-8
128,46,1.6745132e-8,-1.8769393e-8,2.5153321e-8
128,47,-1.408231e-8,-1.0155971e-8,1.7362465e-8
128,48,-3.2960344e-8,-2.56828e-8,4.178505e-8
128,49,-7.624264e-9,1.4640942e-9,7.763567e-9
128,50,2.246733e-8,-2.2889342e-9,2.2583626e-8
128,51,4.3664212e-8,-8.765798e-9,4.453541e-8
128,52,2.164815e-8,-1.5801461e-8,2.6801652e-8
128,53,-1.26678845e-8,3.7474504e-8,3.9557726e-8
128,54,-1.4036703e-8,1.3265903e-8,1.931355e-8
128,55,-1.083437e-8,9.063247e-9,1.41253675e-8
128,56,2.1524661e-8,-3.508606e-8,4.1162394e-8
128,57,1.6291899e-9,-3.48732e-8,3.4911235e-8
128,58,-2.1942485e-8,-2.0134399e-8,2.9780306e-8
128,59,2.977816e-9,1.377019e-9,3.2807879e-9
128,60,-1.2689847e-8,1.2786996e-8,1.801498e-8
128,61,-6.5573094e-9,2.5699014e-8,2.6522398e-8
128,62,-8.028812e-9,3.4664478e-8,3.558213e-8
128,63,-2.5841404e-8,4.2089077e-8,4.938895e-8
128,64,-7.469512e-9,4.8883166e-8,4.9450556e-8
128,65,1.0206209e-8,3.2568632e-8,3.4130377e-8
128,66,-2.7343225e-8,3.7897834e-8,4.6732193e-8
128,67,2.6344152e-8,1.8085291e-8,3.195453e-8
128,68,1.8183805e-8,1.97565e-9,1.8290816e-8
128,69,1.6162533e-8,-2.6132234e-8,3.0726554e-8
128,70,3.2319978e-8,-2.9697299e-8,4.3892033e-8
128,71,2.2704938e-8,-1.519286e-9,2.2755712e-8
128,72,8.5105105e-9,2.3863532e-8,2.5335686e-8
128,73,9.502597e-9,8.944457e-9,1.30500055e-8
128,74,2.50236e-8,-9.392089e-9,2.672811e-8
128,75,3.1468588e-8,-3.4417837e-8,4.663539e-8
128,76,-9.37624e-9,-1.671797e-8,1.9167794e-8
128,77,-3.7775965e-8,2.9474473e-10,3.7777117e-8
128,78,-3.0633586e-8,8.498781e-9,3.179066e-8
128,79,-1.3907787e-8,-7.961454e-9,1.6025332e-8
128,80,1.4042266e-8,2.8939964e-9,1.4337379e-8
128,81,9.108231e-9,-2.8290254e-8,2.9720335e-8
128,82,5.1016887e-8,-2.684693e-8,5.7649636e-8
128,83,4.7626553e-8,-5.3925532e-8,7.1946175e-8
128,84,3.295137e-8,-2.1438096e-8,3.931138e-8
128,85,-1.0719258e-8,1.0629372e-8,1.5095894e-8
128,86,-6.398476e-8,-3.4966387e-8,7.291569e-8
128,87,-1.8154653e-8,-1.4557458e-8,2.327039e-8
128,88,-2.6453413e-9,-4.598101e-9,5.304749e-9
128,89,-1.754847e-8,-5.470289e-9,1.8381318e-8
128,90,9.370209e-9,6.1148677e-9,1.1188941e-8
128,91,-1.6978726e-8,2.3662196e-8,2.9123472e-8
128,92,-2.0154374e-8,-1.7163972e-8,2.6472641e-8
128,93,-1.1763315e-8,1.7251296e-8,2.08802e-8
128,94,-7.563752e-9,-1.0285587e-8,1.2767288e-8
128,95,-2.23466e-8,-6.4430323e-9,2.3256895e-8
128,96,-2.271258e-9,2.3615604e-8,2.3724573e-8
128,97,-7.445246e-9,2.5929874e-9,7.883862e-9
128,98,-6.0303506e-8,-2.132206e-8,6.396204e-8
128,99,3.6001172e-8,1.0871554e-8,3.760685e-8
128,100,3.36942e-9,-2.250574e-8,2.2756566e-8
128,101,-1.1241722e-8,1.5333313e-8,1.9012807e-8
128,102,-6.9311645e-10,2.5706218e-8,2.571556e-8
128,103,-1.1719185e-8,-9.0552295e-9,1.4810013e-8
128,104,2.2156572e-8,-8.668906e-9,2.3792092e-8
128,105,7.535984e-9,7.811765e-9,1.0854249e-8
128,106,1.2374019e-8,2.3065361e-8,2.6174936e-8
128,107,-2.2337353e-8,1.392258e-8,2.6321011e-8
128,108,-1.0570936e-8,-1.3457491e-9,1.0656253e-8
128,109,-1.1391408e-9,1.1745126e-8,1.1800238e-8
128,110,-7.592514e-9,1.3767395e-8,1.5722195e-8
128,111,1.7561836e-8,-8.434867e-9,1.948243e-8
128,112,3.1460328e-8,1.21102595e-8,3.371069e-8
128,113,-2.2477755e-8,8.164988e-9,2.3914776e-8
128,114,-2.845066e-9,1.5901342e-9,3.2592833e-9
128,115,-1.6728025e-8,2.2168654e-8,2.7771858e-8
128,116,8.631892e-9,-1.42357495e-8,1.6648306e-8
128,117,-7.598573e-9,7.1332096e-9,1.042214e-8
128,118,-1.7430795e-8,-8.035301e-9,1.9193715e-8
128,119,-2.7435503e-8,-1.7034337e-8,3.229358e-8
128,120,7.975444e-9,2.4920602e-8,2.6165706e-8
128,121,1.1907806e-8,-1.1859549e-8,1.6806093e-8
128,122,-2.1457367e-8,-2.8246925e-8,3.5472628e-8
128,123,-2.011144e-8,1.5464945e-9,2.0170813e-8
128,124,1.7969201e-8,1.7319001e-8,2.4956762e-8
128,125,1.7575001e-8,-6.810437e-9,1.8848414e-8
128,126,-1.1219203e-8,1.7589796e-8,2.086316e-8
128,127,-2.0780949e-8,2.1714937e-8,3.0056384e-8
128,128,9.74821e-10,-1.7977957e-10,9.912602e-10
